{"level":"info","message":"✅ All Background Jobs Started Successfully","service":"purely-ceylon-backend-ecosystem","timestamp":"2026-07-08 07:09:03"}
{"level":"info","message":"Server running on 5000","service":"purely-ceylon-backend-ecosystem","timestamp":"2026-07-08 07:09:10"}
{"level":"info","message":{"ip":"::1","method":"OPTIONS","url":"/api/v1/cart"},"service":"purely-ceylon-backend-ecosystem","timestamp":"2026-07-08 07:09:51"}
{"level":"info","message":{"ip":"::1","method":"OPTIONS","url":"/api/v1/wishlist"},"service":"purely-ceylon-backend-ecosystem","timestamp":"2026-07-08 07:09:51"}
{"level":"info","message":{"ip":"::1","method":"OPTIONS","url":"/api/v1/cart"},"service":"purely-ceylon-backend-ecosystem","timestamp":"2026-07-08 07:09:52"}
{"level":"info","message":{"ip":"::1","method":"OPTIONS","url":"/api/v1/cart"},"service":"purely-ceylon-backend-ecosystem","timestamp":"2026-07-08 07:09:52"}
{"level":"info","message":{"ip":"::1","method":"OPTIONS","url":"/api/v1/wishlist"},"service":"purely-ceylon-backend-ecosystem","timestamp":"2026-07-08 07:09:52"}
{"level":"info","message":{"ip":"::1","method":"OPTIONS","url":"/api/v1/address"},"service":"purely-ceylon-backend-ecosystem","timestamp":"2026-07-08 07:09:52"}
{"level":"info","message":{"ip":"::1","method":"OPTIONS","url":"/api/v1/wishlist"},"service":"purely-ceylon-backend-ecosystem","timestamp":"2026-07-08 07:09:52"}
{"level":"info","message":{"ip":"::1","method":"OPTIONS","url":"/api/v1/address"},"service":"purely-ceylon-backend-ecosystem","timestamp":"2026-07-08 07:09:53"}
{"level":"info","message":{"ip":"::1","method":"OPTIONS","url":"/api/v1/wishlist"},"service":"purely-ceylon-backend-ecosystem","timestamp":"2026-07-08 07:09:53"}
{"level":"info","message":{"ip":"::1","method":"OPTIONS","url":"/api/v1/cart"},"service":"purely-ceylon-backend-ecosystem","timestamp":"2026-07-08 07:09:53"}
{"level":"info","message":{"ip":"::1","method":"GET","url":"/api/v1/cart"},"service":"purely-ceylon-backend-ecosystem","timestamp":"2026-07-08 07:09:53"}
{"level":"info","message":{"ip":"::1","method":"GET","url":"/api/v1/wishlist"},"service":"purely-ceylon-backend-ecosystem","timestamp":"2026-07-08 07:09:57"}
{"level":"info","message":{"ip":"::1","method":"GET","url":"/api/v1/address"},"service":"purely-ceylon-backend-ecosystem","timestamp":"2026-07-08 07:09:57"}
{"level":"info","message":"📧 Processing Email Queue","service":"purely-ceylon-backend-ecosystem","timestamp":"2026-07-08 07:10:00"}
{"level":"info","message":"📧 Processing Email Queue","service":"purely-ceylon-backend-ecosystem","timestamp":"2026-07-08 07:15:00"}
{"level":"info","message":{"ip":"::1","method":"OPTIONS","url":"/api/v1/cart"},"service":"purely-ceylon-backend-ecosystem","timestamp":"2026-07-08 07:15:22"}
{"level":"info","message":{"ip":"::1","method":"OPTIONS","url":"/api/v1/cart"},"service":"purely-ceylon-backend-ecosystem","timestamp":"2026-07-08 07:15:22"}
{"level":"info","message":{"ip":"::1","method":"GET","url":"/api/v1/cart"},"service":"purely-ceylon-backend-ecosystem","timestamp":"2026-07-08 07:15:22"}
{"level":"info","message":{"ip":"::1","method":"GET","url":"/api/v1/cart"},"service":"purely-ceylon-backend-ecosystem","timestamp":"2026-07-08 07:15:23"}
{"level":"info","message":{"ip":"::1","method":"GET","url":"/api/v1/cart"},"service":"purely-ceylon-backend-ecosystem","timestamp":"2026-07-08 07:15:23"}
{"level":"info","message":{"ip":"::1","method":"GET","url":"/api/v1/cart"},"service":"purely-ceylon-backend-ecosystem","timestamp":"2026-07-08 07:15:23"}
{"level":"info","message":{"ip":"::1","method":"OPTIONS","url":"/api/v1/orders/my-orders"},"service":"purely-ceylon-backend-ecosystem","timestamp":"2026-07-08 07:15:35"}
{"level":"info","message":{"ip":"::1","method":"OPTIONS","url":"/api/v1/address"},"service":"purely-ceylon-backend-ecosystem","timestamp":"2026-07-08 07:15:35"}
{"level":"info","message":{"ip":"::1","method":"OPTIONS","url":"/api/v1/orders/my-orders"},"service":"purely-ceylon-backend-ecosystem","timestamp":"2026-07-08 07:15:35"}
{"level":"info","message":{"ip":"::1","method":"OPTIONS","url":"/api/v1/address"},"service":"purely-ceylon-backend-ecosystem","timestamp":"2026-07-08 07:15:35"}
{"level":"info","message":{"ip":"::1","method":"GET","url":"/api/v1/address"},"service":"purely-ceylon-backend-ecosystem","timestamp":"2026-07-08 07:15:35"}
{"level":"info","message":{"ip":"::1","method":"GET","url":"/api/v1/orders/my-orders"},"service":"purely-ceylon-backend-ecosystem","timestamp":"2026-07-08 07:15:35"}
{"level":"info","message":{"ip":"::1","method":"GET","url":"/api/v1/orders/my-orders"},"service":"purely-ceylon-backend-ecosystem","timestamp":"2026-07-08 07:15:35"}
{"level":"info","message":{"ip":"::1","method":"GET","url":"/api/v1/address"},"service":"purely-ceylon-backend-ecosystem","timestamp":"2026-07-08 07:15:35"}
{"level":"info","message":{"ip":"::1","method":"GET","url":"/api/v1/address"},"service":"purely-ceylon-backend-ecosystem","timestamp":"2026-07-08 07:15:36"}
{"level":"info","message":{"ip":"::1","method":"GET","url":"/api/v1/address"},"service":"purely-ceylon-backend-ecosystem","timestamp":"2026-07-08 07:15:36"}
{"level":"info","message":"📧 Processing Email Queue","service":"purely-ceylon-backend-ecosystem","timestamp":"2026-07-08 07:20:00"}
{"level":"info","message":"✅ All Background Jobs Started Successfully","service":"purely-ceylon-backend-ecosystem","timestamp":"2026-07-08 07:21:21"}
{"level":"info","message":"Server running on 5000","service":"purely-ceylon-backend-ecosystem","timestamp":"2026-07-08 07:21:21"}
{"level":"info","message":{"ip":"::1","method":"OPTIONS","url":"/api/v1/cart"},"service":"purely-ceylon-backend-ecosystem","timestamp":"2026-07-08 07:22:32"}
{"level":"info","message":{"ip":"::1","method":"OPTIONS","url":"/api/v1/cart"},"service":"purely-ceylon-backend-ecosystem","timestamp":"2026-07-08 07:22:32"}
{"level":"info","message":{"ip":"::1","method":"OPTIONS","url":"/api/v1/wishlist"},"service":"purely-ceylon-backend-ecosystem","timestamp":"2026-07-08 07:22:32"}
{"level":"info","message":{"ip":"::1","method":"OPTIONS","url":"/api/v1/orders/my-orders"},"service":"purely-ceylon-backend-ecosystem","timestamp":"2026-07-08 07:22:32"}
{"level":"info","message":{"ip":"::1","method":"OPTIONS","url":"/api/v1/address"},"service":"purely-ceylon-backend-ecosystem","timestamp":"2026-07-08 07:22:32"}
{"level":"info","message":{"ip":"::1","method":"OPTIONS","url":"/api/v1/wishlist"},"service":"purely-ceylon-backend-ecosystem","timestamp":"2026-07-08 07:22:33"}
{"level":"info","message":{"ip":"::1","method":"OPTIONS","url":"/api/v1/cart"},"service":"purely-ceylon-backend-ecosystem","timestamp":"2026-07-08 07:22:33"}
{"level":"info","message":{"ip":"::1","method":"OPTIONS","url":"/api/v1/orders/my-orders"},"service":"purely-ceylon-backend-ecosystem","timestamp":"2026-07-08 07:22:33"}
{"level":"info","message":{"ip":"::1","method":"OPTIONS","url":"/api/v1/wishlist"},"service":"purely-ceylon-backend-ecosystem","timestamp":"2026-07-08 07:22:33"}
{"level":"info","message":{"ip":"::1","method":"GET","url":"/api/v1/cart"},"service":"purely-ceylon-backend-ecosystem","timestamp":"2026-07-08 07:22:33"}
{"level":"info","message":{"ip":"::1","method":"OPTIONS","url":"/api/v1/wishlist"},"service":"purely-ceylon-backend-ecosystem","timestamp":"2026-07-08 07:22:33"}
{"level":"info","message":{"ip":"::1","method":"OPTIONS","url":"/api/v1/address"},"service":"purely-ceylon-backend-ecosystem","timestamp":"2026-07-08 07:22:33"}
{"level":"info","message":{"ip":"::1","method":"OPTIONS","url":"/api/v1/cart"},"service":"purely-ceylon-backend-ecosystem","timestamp":"2026-07-08 07:22:33"}
{"level":"info","message":{"ip":"::1","method":"GET","url":"/api/v1/wishlist"},"service":"purely-ceylon-backend-ecosystem","timestamp":"2026-07-08 07:22:33"}
{"level":"info","message":{"ip":"::1","method":"GET","url":"/api/v1/address"},"service":"purely-ceylon-backend-ecosystem","timestamp":"2026-07-08 07:22:33"}
{"level":"info","message":{"ip":"::1","method":"GET","url":"/api/v1/orders/my-orders"},"service":"purely-ceylon-backend-ecosystem","timestamp":"2026-07-08 07:22:33"}
{"level":"info","message":{"ip":"::1","method":"GET","url":"/api/v1/address"},"service":"purely-ceylon-backend-ecosystem","timestamp":"2026-07-08 07:22:34"}
{"level":"info","message":{"ip":"::1","method":"GET","url":"/api/v1/cart"},"service":"purely-ceylon-backend-ecosystem","timestamp":"2026-07-08 07:22:34"}
{"level":"info","message":{"ip":"::1","method":"GET","url":"/api/v1/wishlist"},"service":"purely-ceylon-backend-ecosystem","timestamp":"2026-07-08 07:22:34"}
{"level":"info","message":{"ip":"::1","method":"GET","url":"/api/v1/orders/my-orders"},"service":"purely-ceylon-backend-ecosystem","timestamp":"2026-07-08 07:22:34"}
{"level":"info","message":{"ip":"::1","method":"GET","url":"/api/v1/address"},"service":"purely-ceylon-backend-ecosystem","timestamp":"2026-07-08 07:22:35"}
{"level":"info","message":{"ip":"::1","method":"GET","url":"/api/v1/wishlist"},"service":"purely-ceylon-backend-ecosystem","timestamp":"2026-07-08 07:22:35"}
{"level":"info","message":{"ip":"::1","method":"GET","url":"/api/v1/address"},"service":"purely-ceylon-backend-ecosystem","timestamp":"2026-07-08 07:22:35"}
{"level":"info","message":{"ip":"::1","method":"GET","url":"/api/v1/cart"},"service":"purely-ceylon-backend-ecosystem","timestamp":"2026-07-08 07:22:35"}
{"level":"info","message":{"ip":"::1","method":"GET","url":"/api/v1/wishlist"},"service":"purely-ceylon-backend-ecosystem","timestamp":"2026-07-08 07:22:35"}
{"level":"info","message":{"ip":"::1","method":"GET","url":"/api/v1/cart"},"service":"purely-ceylon-backend-ecosystem","timestamp":"2026-07-08 07:22:35"}
{"level":"info","message":{"ip":"::1","method":"OPTIONS","url":"/api/v1/address"},"service":"purely-ceylon-backend-ecosystem","timestamp":"2026-07-08 07:22:50"}
{"level":"info","message":{"ip":"::1","method":"GET","url":"/api/v1/address"},"service":"purely-ceylon-backend-ecosystem","timestamp":"2026-07-08 07:22:50"}
{"level":"info","message":"Gracefully shutting down...","service":"purely-ceylon-backend-ecosystem","timestamp":"2026-07-08 07:24:26"}
{"level":"info","message":"✅ All Background Jobs Started Successfully","service":"purely-ceylon-backend-ecosystem","timestamp":"2026-07-08 07:24:48"}
{"level":"info","message":"Server running on 5000","service":"purely-ceylon-backend-ecosystem","timestamp":"2026-07-08 07:24:49"}
{"level":"info","message":"📧 Processing Email Queue","service":"purely-ceylon-backend-ecosystem","timestamp":"2026-07-08 07:25:00"}
{"level":"info","message":{"ip":"::1","method":"OPTIONS","url":"/api/v1/address"},"service":"purely-ceylon-backend-ecosystem","timestamp":"2026-07-08 07:25:10"}
{"level":"info","message":{"ip":"::1","method":"GET","url":"/api/v1/address"},"service":"purely-ceylon-backend-ecosystem","timestamp":"2026-07-08 07:25:10"}
{"level":"info","message":{"ip":"::1","method":"OPTIONS","url":"/api/v1/address"},"service":"purely-ceylon-backend-ecosystem","timestamp":"2026-07-08 07:26:05"}
{"level":"info","message":{"ip":"::1","method":"POST","url":"/api/v1/address"},"service":"purely-ceylon-backend-ecosystem","timestamp":"2026-07-08 07:26:05"}
{"level":"info","message":{"ip":"::1","method":"GET","url":"/api/v1/address"},"service":"purely-ceylon-backend-ecosystem","timestamp":"2026-07-08 07:26:05"}
{"level":"info","message":{"ip":"::1","method":"OPTIONS","url":"/api/v1/cart"},"service":"purely-ceylon-backend-ecosystem","timestamp":"2026-07-08 07:26:22"}
{"level":"info","message":{"ip":"::1","method":"OPTIONS","url":"/api/v1/cart"},"service":"purely-ceylon-backend-ecosystem","timestamp":"2026-07-08 07:26:22"}
{"level":"info","message":{"ip":"::1","method":"GET","url":"/api/v1/cart"},"service":"purely-ceylon-backend-ecosystem","timestamp":"2026-07-08 07:26:22"}
{"level":"info","message":{"ip":"::1","method":"GET","url":"/api/v1/cart"},"service":"purely-ceylon-backend-ecosystem","timestamp":"2026-07-08 07:26:23"}
{"level":"info","message":{"ip":"::1","method":"OPTIONS","url":"/api/v1/address"},"service":"purely-ceylon-backend-ecosystem","timestamp":"2026-07-08 07:26:24"}
{"level":"info","message":{"ip":"::1","method":"GET","url":"/api/v1/address"},"service":"purely-ceylon-backend-ecosystem","timestamp":"2026-07-08 07:26:24"}
{"level":"info","message":{"ip":"::1","method":"GET","url":"/api/v1/address"},"service":"purely-ceylon-backend-ecosystem","timestamp":"2026-07-08 07:26:24"}
{"level":"info","message":{"ip":"::1","method":"OPTIONS","url":"/api/v1/address"},"service":"purely-ceylon-backend-ecosystem","timestamp":"2026-07-08 07:26:32"}
{"level":"info","message":{"ip":"::1","method":"OPTIONS","url":"/api/v1/address"},"service":"purely-ceylon-backend-ecosystem","timestamp":"2026-07-08 07:26:32"}
{"level":"info","message":{"ip":"::1","method":"GET","url":"/api/v1/address"},"service":"purely-ceylon-backend-ecosystem","timestamp":"2026-07-08 07:26:32"}
{"level":"info","message":{"ip":"::1","method":"GET","url":"/api/v1/address"},"service":"purely-ceylon-backend-ecosystem","timestamp":"2026-07-08 07:26:32"}
{"level":"info","message":{"ip":"::1","method":"OPTIONS","url":"/api/v1/address/68626fbb-543d-4b18-a104-75baea7c92da"},"service":"purely-ceylon-backend-ecosystem","timestamp":"2026-07-08 07:26:38"}
{"level":"info","message":{"ip":"::1","method":"DELETE","url":"/api/v1/address/68626fbb-543d-4b18-a104-75baea7c92da"},"service":"purely-ceylon-backend-ecosystem","timestamp":"2026-07-08 07:26:38"}
{"level":"info","message":{"ip":"::1","method":"OPTIONS","url":"/api/v1/address"},"service":"purely-ceylon-backend-ecosystem","timestamp":"2026-07-08 07:26:38"}
{"level":"info","message":{"ip":"::1","method":"GET","url":"/api/v1/address"},"service":"purely-ceylon-backend-ecosystem","timestamp":"2026-07-08 07:26:38"}
{"level":"info","message":{"ip":"::1","method":"OPTIONS","url":"/api/v1/address/600c1ca1-21a6-4c3a-9c8e-0e8edfc5d10e"},"service":"purely-ceylon-backend-ecosystem","timestamp":"2026-07-08 07:26:45"}
{"level":"info","message":{"ip":"::1","method":"DELETE","url":"/api/v1/address/600c1ca1-21a6-4c3a-9c8e-0e8edfc5d10e"},"service":"purely-ceylon-backend-ecosystem","timestamp":"2026-07-08 07:26:45"}
{"level":"info","message":{"ip":"::1","method":"OPTIONS","url":"/api/v1/address"},"service":"purely-ceylon-backend-ecosystem","timestamp":"2026-07-08 07:26:45"}
{"level":"info","message":{"ip":"::1","method":"GET","url":"/api/v1/address"},"service":"purely-ceylon-backend-ecosystem","timestamp":"2026-07-08 07:26:45"}
{"level":"info","message":{"ip":"::1","method":"OPTIONS","url":"/api/v1/orders/my-orders"},"service":"purely-ceylon-backend-ecosystem","timestamp":"2026-07-08 07:26:59"}
{"level":"info","message":{"ip":"::1","method":"OPTIONS","url":"/api/v1/address"},"service":"purely-ceylon-backend-ecosystem","timestamp":"2026-07-08 07:26:59"}
{"level":"info","message":{"ip":"::1","method":"OPTIONS","url":"/api/v1/orders/my-orders"},"service":"purely-ceylon-backend-ecosystem","timestamp":"2026-07-08 07:26:59"}
{"level":"info","message":{"ip":"::1","method":"OPTIONS","url":"/api/v1/address"},"service":"purely-ceylon-backend-ecosystem","timestamp":"2026-07-08 07:26:59"}
{"level":"info","message":{"ip":"::1","method":"GET","url":"/api/v1/orders/my-orders"},"service":"purely-ceylon-backend-ecosystem","timestamp":"2026-07-08 07:26:59"}
{"level":"info","message":{"ip":"::1","method":"GET","url":"/api/v1/address"},"service":"purely-ceylon-backend-ecosystem","timestamp":"2026-07-08 07:26:59"}
{"level":"info","message":{"ip":"::1","method":"GET","url":"/api/v1/address"},"service":"purely-ceylon-backend-ecosystem","timestamp":"2026-07-08 07:26:59"}
{"level":"info","message":{"ip":"::1","method":"GET","url":"/api/v1/orders/my-orders"},"service":"purely-ceylon-backend-ecosystem","timestamp":"2026-07-08 07:27:00"}
{"level":"info","message":{"ip":"::1","method":"GET","url":"/api/v1/address"},"service":"purely-ceylon-backend-ecosystem","timestamp":"2026-07-08 07:27:00"}
{"level":"info","message":{"ip":"::1","method":"GET","url":"/api/v1/address"},"service":"purely-ceylon-backend-ecosystem","timestamp":"2026-07-08 07:27:00"}
{"level":"info","message":"📧 Processing Email Queue","service":"purely-ceylon-backend-ecosystem","timestamp":"2026-07-08 07:30:00"}
{"level":"info","message":"📧 Processing Email Queue","service":"purely-ceylon-backend-ecosystem","timestamp":"2026-07-08 07:35:00"}
{"level":"info","message":"📧 Processing Email Queue","service":"purely-ceylon-backend-ecosystem","timestamp":"2026-07-08 07:40:00"}
{"level":"info","message":"📧 Processing Email Queue","service":"purely-ceylon-backend-ecosystem","timestamp":"2026-07-08 07:45:00"}
{"level":"info","message":"✅ All Background Jobs Started Successfully","service":"purely-ceylon-backend-ecosystem","timestamp":"2026-07-08 07:50:22"}
{"level":"info","message":"Server running on 5000","service":"purely-ceylon-backend-ecosystem","timestamp":"2026-07-08 07:50:23"}
{"level":"info","message":{"ip":"::1","method":"OPTIONS","url":"/api/v1/cart"},"service":"purely-ceylon-backend-ecosystem","timestamp":"2026-07-08 07:54:59"}
{"level":"info","message":{"ip":"::1","method":"OPTIONS","url":"/api/v1/cart"},"service":"purely-ceylon-backend-ecosystem","timestamp":"2026-07-08 07:54:59"}
{"level":"info","message":{"ip":"::1","method":"OPTIONS","url":"/api/v1/wishlist"},"service":"purely-ceylon-backend-ecosystem","timestamp":"2026-07-08 07:54:59"}
{"level":"info","message":{"ip":"::1","method":"OPTIONS","url":"/api/v1/orders/my-orders"},"service":"purely-ceylon-backend-ecosystem","timestamp":"2026-07-08 07:54:59"}
{"level":"info","message":{"ip":"::1","method":"OPTIONS","url":"/api/v1/wishlist"},"service":"purely-ceylon-backend-ecosystem","timestamp":"2026-07-08 07:54:59"}
{"level":"info","message":{"ip":"::1","method":"OPTIONS","url":"/api/v1/orders/my-orders"},"service":"purely-ceylon-backend-ecosystem","timestamp":"2026-07-08 07:54:59"}
{"level":"info","message":{"ip":"::1","method":"OPTIONS","url":"/api/v1/address"},"service":"purely-ceylon-backend-ecosystem","timestamp":"2026-07-08 07:54:59"}
{"level":"info","message":{"ip":"::1","method":"OPTIONS","url":"/api/v1/wishlist"},"service":"purely-ceylon-backend-ecosystem","timestamp":"2026-07-08 07:54:59"}
{"level":"info","message":{"ip":"::1","method":"OPTIONS","url":"/api/v1/cart"},"service":"purely-ceylon-backend-ecosystem","timestamp":"2026-07-08 07:54:59"}
{"level":"info","message":{"ip":"::1","method":"GET","url":"/api/v1/cart"},"service":"purely-ceylon-backend-ecosystem","timestamp":"2026-07-08 07:54:59"}
{"level":"info","message":{"ip":"::1","method":"GET","url":"/api/v1/wishlist"},"service":"purely-ceylon-backend-ecosystem","timestamp":"2026-07-08 07:54:59"}
{"level":"info","message":"📧 Processing Email Queue","service":"purely-ceylon-backend-ecosystem","timestamp":"2026-07-08 07:55:00"}
{"level":"info","message":{"ip":"::1","method":"OPTIONS","url":"/api/v1/address"},"service":"purely-ceylon-backend-ecosystem","timestamp":"2026-07-08 07:55:00"}
{"level":"info","message":{"ip":"::1","method":"OPTIONS","url":"/api/v1/wishlist"},"service":"purely-ceylon-backend-ecosystem","timestamp":"2026-07-08 07:55:00"}
{"level":"info","message":{"ip":"::1","method":"OPTIONS","url":"/api/v1/cart"},"service":"purely-ceylon-backend-ecosystem","timestamp":"2026-07-08 07:55:00"}
{"level":"info","message":{"ip":"::1","method":"GET","url":"/api/v1/orders/my-orders"},"service":"purely-ceylon-backend-ecosystem","timestamp":"2026-07-08 07:55:00"}
{"level":"info","message":{"ip":"::1","method":"GET","url":"/api/v1/address"},"service":"purely-ceylon-backend-ecosystem","timestamp":"2026-07-08 07:55:00"}
{"level":"info","message":{"ip":"::1","method":"GET","url":"/api/v1/cart"},"service":"purely-ceylon-backend-ecosystem","timestamp":"2026-07-08 07:55:00"}
{"level":"info","message":{"ip":"::1","method":"GET","url":"/api/v1/orders/my-orders"},"service":"purely-ceylon-backend-ecosystem","timestamp":"2026-07-08 07:55:00"}
{"level":"info","message":{"ip":"::1","method":"GET","url":"/api/v1/wishlist"},"service":"purely-ceylon-backend-ecosystem","timestamp":"2026-07-08 07:55:01"}
{"level":"info","message":{"ip":"::1","method":"GET","url":"/api/v1/wishlist"},"service":"purely-ceylon-backend-ecosystem","timestamp":"2026-07-08 07:55:01"}
{"level":"info","message":{"ip":"::1","method":"GET","url":"/api/v1/cart"},"service":"purely-ceylon-backend-ecosystem","timestamp":"2026-07-08 07:55:01"}
{"level":"info","message":{"ip":"::1","method":"GET","url":"/api/v1/address"},"service":"purely-ceylon-backend-ecosystem","timestamp":"2026-07-08 07:55:01"}
{"level":"info","message":{"ip":"::1","method":"GET","url":"/api/v1/wishlist"},"service":"purely-ceylon-backend-ecosystem","timestamp":"2026-07-08 07:55:01"}
{"level":"info","message":{"ip":"::1","method":"GET","url":"/api/v1/address"},"service":"purely-ceylon-backend-ecosystem","timestamp":"2026-07-08 07:55:01"}
{"level":"info","message":{"ip":"::1","method":"GET","url":"/api/v1/cart"},"service":"purely-ceylon-backend-ecosystem","timestamp":"2026-07-08 07:55:01"}
{"level":"info","message":{"ip":"::1","method":"GET","url":"/api/v1/address"},"service":"purely-ceylon-backend-ecosystem","timestamp":"2026-07-08 07:55:01"}
{"level":"info","message":{"ip":"::1","method":"OPTIONS","url":"/api/v1/address"},"service":"purely-ceylon-backend-ecosystem","timestamp":"2026-07-08 07:55:12"}
{"level":"info","message":{"ip":"::1","method":"GET","url":"/api/v1/address"},"service":"purely-ceylon-backend-ecosystem","timestamp":"2026-07-08 07:55:12"}
{"level":"info","message":"Gracefully shutting down...","service":"purely-ceylon-backend-ecosystem","timestamp":"2026-07-08 07:55:15"}
{"level":"info","message":"✅ All Background Jobs Started Successfully","service":"purely-ceylon-backend-ecosystem","timestamp":"2026-07-08 07:55:39"}
{"level":"info","message":"Server running on 5000","service":"purely-ceylon-backend-ecosystem","timestamp":"2026-07-08 07:55:39"}
{"level":"info","message":{"ip":"::1","method":"OPTIONS","url":"/api/v1/cart"},"service":"purely-ceylon-backend-ecosystem","timestamp":"2026-07-08 07:55:45"}
{"level":"info","message":{"ip":"::1","method":"OPTIONS","url":"/api/v1/cart"},"service":"purely-ceylon-backend-ecosystem","timestamp":"2026-07-08 07:55:45"}
{"level":"info","message":{"ip":"::1","method":"OPTIONS","url":"/api/v1/wishlist"},"service":"purely-ceylon-backend-ecosystem","timestamp":"2026-07-08 07:55:45"}
{"level":"info","message":{"ip":"::1","method":"OPTIONS","url":"/api/v1/orders/my-orders"},"service":"purely-ceylon-backend-ecosystem","timestamp":"2026-07-08 07:55:45"}
{"level":"info","message":{"ip":"::1","method":"OPTIONS","url":"/api/v1/address"},"service":"purely-ceylon-backend-ecosystem","timestamp":"2026-07-08 07:55:45"}
{"level":"info","message":{"ip":"::1","method":"OPTIONS","url":"/api/v1/wishlist"},"service":"purely-ceylon-backend-ecosystem","timestamp":"2026-07-08 07:55:45"}
{"level":"info","message":{"ip":"::1","method":"OPTIONS","url":"/api/v1/cart"},"service":"purely-ceylon-backend-ecosystem","timestamp":"2026-07-08 07:55:45"}
{"level":"info","message":{"ip":"::1","method":"GET","url":"/api/v1/cart"},"service":"purely-ceylon-backend-ecosystem","timestamp":"2026-07-08 07:55:45"}
{"level":"info","message":{"ip":"::1","method":"OPTIONS","url":"/api/v1/cart"},"service":"purely-ceylon-backend-ecosystem","timestamp":"2026-07-08 07:55:45"}
{"level":"info","message":{"ip":"::1","method":"OPTIONS","url":"/api/v1/wishlist"},"service":"purely-ceylon-backend-ecosystem","timestamp":"2026-07-08 07:55:45"}
{"level":"info","message":{"ip":"::1","method":"OPTIONS","url":"/api/v1/orders/my-orders"},"service":"purely-ceylon-backend-ecosystem","timestamp":"2026-07-08 07:55:45"}
{"level":"info","message":{"ip":"::1","method":"OPTIONS","url":"/api/v1/address"},"service":"purely-ceylon-backend-ecosystem","timestamp":"2026-07-08 07:55:45"}
{"level":"info","message":{"ip":"::1","method":"OPTIONS","url":"/api/v1/wishlist"},"service":"purely-ceylon-backend-ecosystem","timestamp":"2026-07-08 07:55:45"}
{"level":"info","message":{"ip":"::1","method":"GET","url":"/api/v1/wishlist"},"service":"purely-ceylon-backend-ecosystem","timestamp":"2026-07-08 07:55:45"}
{"level":"info","message":{"ip":"::1","method":"GET","url":"/api/v1/orders/my-orders"},"service":"purely-ceylon-backend-ecosystem","timestamp":"2026-07-08 07:55:45"}
{"level":"info","message":{"ip":"::1","method":"GET","url":"/api/v1/address"},"service":"purely-ceylon-backend-ecosystem","timestamp":"2026-07-08 07:55:46"}
{"level":"info","message":{"ip":"::1","method":"GET","url":"/api/v1/wishlist"},"service":"purely-ceylon-backend-ecosystem","timestamp":"2026-07-08 07:55:46"}
{"level":"info","message":{"ip":"::1","method":"GET","url":"/api/v1/orders/my-orders"},"service":"purely-ceylon-backend-ecosystem","timestamp":"2026-07-08 07:55:46"}
{"level":"info","message":{"ip":"::1","method":"GET","url":"/api/v1/cart"},"service":"purely-ceylon-backend-ecosystem","timestamp":"2026-07-08 07:55:46"}
{"level":"info","message":{"ip":"::1","method":"GET","url":"/api/v1/wishlist"},"service":"purely-ceylon-backend-ecosystem","timestamp":"2026-07-08 07:55:46"}
{"level":"info","message":{"ip":"::1","method":"GET","url":"/api/v1/address"},"service":"purely-ceylon-backend-ecosystem","timestamp":"2026-07-08 07:55:46"}
{"level":"info","message":{"ip":"::1","method":"GET","url":"/api/v1/cart"},"service":"purely-ceylon-backend-ecosystem","timestamp":"2026-07-08 07:55:46"}
{"level":"info","message":{"ip":"::1","method":"GET","url":"/api/v1/wishlist"},"service":"purely-ceylon-backend-ecosystem","timestamp":"2026-07-08 07:55:46"}
{"level":"info","message":{"ip":"::1","method":"GET","url":"/api/v1/address"},"service":"purely-ceylon-backend-ecosystem","timestamp":"2026-07-08 07:55:46"}
{"level":"info","message":{"ip":"::1","method":"GET","url":"/api/v1/cart"},"service":"purely-ceylon-backend-ecosystem","timestamp":"2026-07-08 07:55:46"}
{"level":"info","message":{"ip":"::1","method":"GET","url":"/api/v1/address"},"service":"purely-ceylon-backend-ecosystem","timestamp":"2026-07-08 07:55:46"}
{"level":"info","message":{"ip":"::1","method":"OPTIONS","url":"/api/v1/address"},"service":"purely-ceylon-backend-ecosystem","timestamp":"2026-07-08 07:55:51"}
{"level":"info","message":{"ip":"::1","method":"OPTIONS","url":"/api/v1/address"},"service":"purely-ceylon-backend-ecosystem","timestamp":"2026-07-08 07:55:51"}
{"level":"info","message":{"ip":"::1","method":"GET","url":"/api/v1/address"},"service":"purely-ceylon-backend-ecosystem","timestamp":"2026-07-08 07:55:51"}
{"level":"info","message":{"ip":"::1","method":"GET","url":"/api/v1/address"},"service":"purely-ceylon-backend-ecosystem","timestamp":"2026-07-08 07:55:51"}
{"level":"info","message":{"ip":"::1","method":"OPTIONS","url":"/api/v1/cart"},"service":"purely-ceylon-backend-ecosystem","timestamp":"2026-07-08 07:56:21"}
{"level":"info","message":{"ip":"::1","method":"OPTIONS","url":"/api/v1/wishlist"},"service":"purely-ceylon-backend-ecosystem","timestamp":"2026-07-08 07:56:21"}
{"level":"info","message":{"ip":"::1","method":"OPTIONS","url":"/api/v1/orders/my-orders"},"service":"purely-ceylon-backend-ecosystem","timestamp":"2026-07-08 07:56:21"}
{"level":"info","message":{"ip":"::1","method":"OPTIONS","url":"/api/v1/address"},"service":"purely-ceylon-backend-ecosystem","timestamp":"2026-07-08 07:56:21"}
{"level":"info","message":{"ip":"::1","method":"OPTIONS","url":"/api/v1/wishlist"},"service":"purely-ceylon-backend-ecosystem","timestamp":"2026-07-08 07:56:21"}
{"level":"info","message":{"ip":"::1","method":"OPTIONS","url":"/api/v1/cart"},"service":"purely-ceylon-backend-ecosystem","timestamp":"2026-07-08 07:56:21"}
{"level":"info","message":{"ip":"::1","method":"OPTIONS","url":"/api/v1/wishlist"},"service":"purely-ceylon-backend-ecosystem","timestamp":"2026-07-08 07:56:21"}
{"level":"info","message":{"ip":"::1","method":"OPTIONS","url":"/api/v1/cart"},"service":"purely-ceylon-backend-ecosystem","timestamp":"2026-07-08 07:56:21"}
{"level":"info","message":{"ip":"::1","method":"OPTIONS","url":"/api/v1/wishlist"},"service":"purely-ceylon-backend-ecosystem","timestamp":"2026-07-08 07:56:21"}
{"level":"info","message":{"ip":"::1","method":"OPTIONS","url":"/api/v1/orders/my-orders"},"service":"purely-ceylon-backend-ecosystem","timestamp":"2026-07-08 07:56:21"}
{"level":"info","message":{"ip":"::1","method":"OPTIONS","url":"/api/v1/address"},"service":"purely-ceylon-backend-ecosystem","timestamp":"2026-07-08 07:56:21"}
{"level":"info","message":{"ip":"::1","method":"OPTIONS","url":"/api/v1/cart"},"service":"purely-ceylon-backend-ecosystem","timestamp":"2026-07-08 07:56:21"}
{"level":"info","message":{"ip":"::1","method":"GET","url":"/api/v1/cart"},"service":"purely-ceylon-backend-ecosystem","timestamp":"2026-07-08 07:56:21"}
{"level":"info","message":{"ip":"::1","method":"GET","url":"/api/v1/wishlist"},"service":"purely-ceylon-backend-ecosystem","timestamp":"2026-07-08 07:56:22"}
{"level":"info","message":{"ip":"::1","method":"GET","url":"/api/v1/orders/my-orders"},"service":"purely-ceylon-backend-ecosystem","timestamp":"2026-07-08 07:56:22"}
{"level":"info","message":{"ip":"::1","method":"GET","url":"/api/v1/address"},"service":"purely-ceylon-backend-ecosystem","timestamp":"2026-07-08 07:56:22"}
{"level":"info","message":{"ip":"::1","method":"GET","url":"/api/v1/wishlist"},"service":"purely-ceylon-backend-ecosystem","timestamp":"2026-07-08 07:56:22"}
{"level":"info","message":{"ip":"::1","method":"GET","url":"/api/v1/orders/my-orders"},"service":"purely-ceylon-backend-ecosystem","timestamp":"2026-07-08 07:56:22"}
{"level":"info","message":{"ip":"::1","method":"GET","url":"/api/v1/cart"},"service":"purely-ceylon-backend-ecosystem","timestamp":"2026-07-08 07:56:22"}
{"level":"info","message":{"ip":"::1","method":"GET","url":"/api/v1/address"},"service":"purely-ceylon-backend-ecosystem","timestamp":"2026-07-08 07:56:22"}
{"level":"info","message":{"ip":"::1","method":"GET","url":"/api/v1/wishlist"},"service":"purely-ceylon-backend-ecosystem","timestamp":"2026-07-08 07:56:23"}
{"level":"info","message":{"ip":"::1","method":"GET","url":"/api/v1/address"},"service":"purely-ceylon-backend-ecosystem","timestamp":"2026-07-08 07:56:23"}
{"level":"info","message":{"ip":"::1","method":"GET","url":"/api/v1/cart"},"service":"purely-ceylon-backend-ecosystem","timestamp":"2026-07-08 07:56:23"}
{"level":"info","message":{"ip":"::1","method":"GET","url":"/api/v1/wishlist"},"service":"purely-ceylon-backend-ecosystem","timestamp":"2026-07-08 07:56:23"}
{"level":"info","message":{"ip":"::1","method":"GET","url":"/api/v1/address"},"service":"purely-ceylon-backend-ecosystem","timestamp":"2026-07-08 07:56:23"}
{"level":"info","message":{"ip":"::1","method":"GET","url":"/api/v1/cart"},"service":"purely-ceylon-backend-ecosystem","timestamp":"2026-07-08 07:56:23"}
{"level":"info","message":{"ip":"::1","method":"GET","url":"/api/v1/address"},"service":"purely-ceylon-backend-ecosystem","timestamp":"2026-07-08 07:56:25"}
{"level":"info","message":{"ip":"::1","method":"GET","url":"/api/v1/address"},"service":"purely-ceylon-backend-ecosystem","timestamp":"2026-07-08 07:56:25"}
{"level":"info","message":{"ip":"::1","method":"OPTIONS","url":"/api/v1/cart"},"service":"purely-ceylon-backend-ecosystem","timestamp":"2026-07-08 07:56:29"}
{"level":"info","message":{"ip":"::1","method":"OPTIONS","url":"/api/v1/wishlist"},"service":"purely-ceylon-backend-ecosystem","timestamp":"2026-07-08 07:56:29"}
{"level":"info","message":{"ip":"::1","method":"GET","url":"/api/v1/cart"},"service":"purely-ceylon-backend-ecosystem","timestamp":"2026-07-08 07:56:29"}
{"level":"info","message":{"ip":"::1","method":"OPTIONS","url":"/api/v1/orders/my-orders"},"service":"purely-ceylon-backend-ecosystem","timestamp":"2026-07-08 07:56:29"}
{"level":"info","message":{"ip":"::1","method":"GET","url":"/api/v1/wishlist"},"service":"purely-ceylon-backend-ecosystem","timestamp":"2026-07-08 07:56:29"}
{"level":"info","message":{"ip":"::1","method":"OPTIONS","url":"/api/v1/address"},"service":"purely-ceylon-backend-ecosystem","timestamp":"2026-07-08 07:56:29"}
{"level":"info","message":{"ip":"::1","method":"GET","url":"/api/v1/orders/my-orders"},"service":"purely-ceylon-backend-ecosystem","timestamp":"2026-07-08 07:56:30"}
{"level":"info","message":{"ip":"::1","method":"OPTIONS","url":"/api/v1/address"},"service":"purely-ceylon-backend-ecosystem","timestamp":"2026-07-08 07:56:30"}
{"level":"info","message":{"ip":"::1","method":"GET","url":"/api/v1/address"},"service":"purely-ceylon-backend-ecosystem","timestamp":"2026-07-08 07:56:30"}
{"level":"info","message":{"ip":"::1","method":"GET","url":"/api/v1/wishlist"},"service":"purely-ceylon-backend-ecosystem","timestamp":"2026-07-08 07:56:30"}
{"level":"info","message":{"ip":"::1","method":"GET","url":"/api/v1/cart"},"service":"purely-ceylon-backend-ecosystem","timestamp":"2026-07-08 07:56:30"}
{"level":"info","message":{"ip":"::1","method":"GET","url":"/api/v1/orders/my-orders"},"service":"purely-ceylon-backend-ecosystem","timestamp":"2026-07-08 07:56:30"}
{"level":"info","message":{"ip":"::1","method":"GET","url":"/api/v1/address"},"service":"purely-ceylon-backend-ecosystem","timestamp":"2026-07-08 07:56:30"}
{"level":"info","message":{"ip":"::1","method":"GET","url":"/api/v1/wishlist"},"service":"purely-ceylon-backend-ecosystem","timestamp":"2026-07-08 07:56:30"}
{"level":"info","message":{"ip":"::1","method":"GET","url":"/api/v1/cart"},"service":"purely-ceylon-backend-ecosystem","timestamp":"2026-07-08 07:56:30"}
{"level":"info","message":{"ip":"::1","method":"GET","url":"/api/v1/address"},"service":"purely-ceylon-backend-ecosystem","timestamp":"2026-07-08 07:56:30"}
{"level":"info","message":{"ip":"::1","method":"GET","url":"/api/v1/wishlist"},"service":"purely-ceylon-backend-ecosystem","timestamp":"2026-07-08 07:56:30"}
{"level":"info","message":{"ip":"::1","method":"GET","url":"/api/v1/address"},"service":"purely-ceylon-backend-ecosystem","timestamp":"2026-07-08 07:56:30"}
{"level":"info","message":{"ip":"::1","method":"GET","url":"/api/v1/cart"},"service":"purely-ceylon-backend-ecosystem","timestamp":"2026-07-08 07:56:30"}
{"level":"info","message":{"ip":"::1","method":"OPTIONS","url":"/api/v1/address"},"service":"purely-ceylon-backend-ecosystem","timestamp":"2026-07-08 07:56:43"}
{"level":"info","message":{"ip":"::1","method":"POST","url":"/api/v1/address"},"service":"purely-ceylon-backend-ecosystem","timestamp":"2026-07-08 07:56:43"}
{"level":"info","message":{"ip":"::1","method":"GET","url":"/api/v1/address"},"service":"purely-ceylon-backend-ecosystem","timestamp":"2026-07-08 07:56:43"}
{"level":"info","message":{"ip":"::1","method":"OPTIONS","url":"/api/v1/address"},"service":"purely-ceylon-backend-ecosystem","timestamp":"2026-07-08 07:56:56"}
{"level":"info","message":{"ip":"::1","method":"OPTIONS","url":"/api/v1/address"},"service":"purely-ceylon-backend-ecosystem","timestamp":"2026-07-08 07:56:56"}
{"level":"info","message":{"ip":"::1","method":"GET","url":"/api/v1/address"},"service":"purely-ceylon-backend-ecosystem","timestamp":"2026-07-08 07:56:56"}
{"level":"info","message":{"ip":"::1","method":"GET","url":"/api/v1/address"},"service":"purely-ceylon-backend-ecosystem","timestamp":"2026-07-08 07:56:56"}
{"level":"info","message":{"ip":"::1","method":"OPTIONS","url":"/api/v1/cart"},"service":"purely-ceylon-backend-ecosystem","timestamp":"2026-07-08 07:57:06"}
{"level":"info","message":{"ip":"::1","method":"OPTIONS","url":"/api/v1/wishlist"},"service":"purely-ceylon-backend-ecosystem","timestamp":"2026-07-08 07:57:06"}
{"level":"info","message":{"ip":"::1","method":"OPTIONS","url":"/api/v1/address"},"service":"purely-ceylon-backend-ecosystem","timestamp":"2026-07-08 07:57:07"}
{"level":"info","message":{"ip":"::1","method":"OPTIONS","url":"/api/v1/wishlist"},"service":"purely-ceylon-backend-ecosystem","timestamp":"2026-07-08 07:57:07"}
{"level":"info","message":{"ip":"::1","method":"OPTIONS","url":"/api/v1/cart"},"service":"purely-ceylon-backend-ecosystem","timestamp":"2026-07-08 07:57:07"}
{"level":"info","message":{"ip":"::1","method":"OPTIONS","url":"/api/v1/cart"},"service":"purely-ceylon-backend-ecosystem","timestamp":"2026-07-08 07:57:07"}
{"level":"info","message":{"ip":"::1","method":"OPTIONS","url":"/api/v1/wishlist"},"service":"purely-ceylon-backend-ecosystem","timestamp":"2026-07-08 07:57:07"}
{"level":"info","message":{"ip":"::1","method":"OPTIONS","url":"/api/v1/wishlist"},"service":"purely-ceylon-backend-ecosystem","timestamp":"2026-07-08 07:57:07"}
{"level":"info","message":{"ip":"::1","method":"OPTIONS","url":"/api/v1/address"},"service":"purely-ceylon-backend-ecosystem","timestamp":"2026-07-08 07:57:07"}
{"level":"info","message":{"ip":"::1","method":"OPTIONS","url":"/api/v1/cart"},"service":"purely-ceylon-backend-ecosystem","timestamp":"2026-07-08 07:57:07"}
{"level":"info","message":{"ip":"::1","method":"GET","url":"/api/v1/cart"},"service":"purely-ceylon-backend-ecosystem","timestamp":"2026-07-08 07:57:07"}
{"level":"info","message":{"ip":"::1","method":"GET","url":"/api/v1/wishlist"},"service":"purely-ceylon-backend-ecosystem","timestamp":"2026-07-08 07:57:07"}
{"level":"info","message":{"ip":"::1","method":"GET","url":"/api/v1/address"},"service":"purely-ceylon-backend-ecosystem","timestamp":"2026-07-08 07:57:07"}
{"level":"info","message":{"ip":"::1","method":"GET","url":"/api/v1/wishlist"},"service":"purely-ceylon-backend-ecosystem","timestamp":"2026-07-08 07:57:07"}
{"level":"info","message":{"ip":"::1","method":"GET","url":"/api/v1/address"},"service":"purely-ceylon-backend-ecosystem","timestamp":"2026-07-08 07:57:07"}
{"level":"info","message":{"ip":"::1","method":"GET","url":"/api/v1/cart"},"service":"purely-ceylon-backend-ecosystem","timestamp":"2026-07-08 07:57:08"}
{"level":"info","message":{"ip":"::1","method":"GET","url":"/api/v1/wishlist"},"service":"purely-ceylon-backend-ecosystem","timestamp":"2026-07-08 07:57:08"}
{"level":"info","message":{"ip":"::1","method":"GET","url":"/api/v1/cart"},"service":"purely-ceylon-backend-ecosystem","timestamp":"2026-07-08 07:57:08"}
{"level":"info","message":{"ip":"::1","method":"GET","url":"/api/v1/wishlist"},"service":"purely-ceylon-backend-ecosystem","timestamp":"2026-07-08 07:57:08"}
{"level":"info","message":{"ip":"::1","method":"GET","url":"/api/v1/cart"},"service":"purely-ceylon-backend-ecosystem","timestamp":"2026-07-08 07:57:08"}
{"level":"info","message":{"ip":"::1","method":"GET","url":"/api/v1/wishlist"},"service":"purely-ceylon-backend-ecosystem","timestamp":"2026-07-08 07:57:39"}
{"level":"info","message":{"ip":"::1","method":"GET","url":"/api/v1/address"},"service":"purely-ceylon-backend-ecosystem","timestamp":"2026-07-08 07:57:39"}
{"level":"info","message":{"ip":"::1","method":"GET","url":"/api/v1/cart"},"service":"purely-ceylon-backend-ecosystem","timestamp":"2026-07-08 07:57:39"}
{"level":"info","message":{"ip":"::1","method":"GET","url":"/api/v1/wishlist"},"service":"purely-ceylon-backend-ecosystem","timestamp":"2026-07-08 07:57:40"}
{"level":"info","message":{"ip":"::1","method":"GET","url":"/api/v1/cart"},"service":"purely-ceylon-backend-ecosystem","timestamp":"2026-07-08 07:57:40"}
{"level":"info","message":{"ip":"::1","method":"GET","url":"/api/v1/address"},"service":"purely-ceylon-backend-ecosystem","timestamp":"2026-07-08 07:57:40"}
{"level":"info","message":{"ip":"::1","method":"OPTIONS","url":"/api/v1/address"},"service":"purely-ceylon-backend-ecosystem","timestamp":"2026-07-08 07:58:14"}
{"level":"info","message":{"ip":"::1","method":"POST","url":"/api/v1/address"},"service":"purely-ceylon-backend-ecosystem","timestamp":"2026-07-08 07:58:14"}
{"level":"info","message":{"ip":"::1","method":"OPTIONS","url":"/api/v1/address"},"service":"purely-ceylon-backend-ecosystem","timestamp":"2026-07-08 07:58:27"}
{"level":"info","message":{"ip":"::1","method":"POST","url":"/api/v1/address"},"service":"purely-ceylon-backend-ecosystem","timestamp":"2026-07-08 07:58:27"}
{"level":"info","message":{"ip":"::1","method":"OPTIONS","url":"/api/v1/auth/login"},"service":"purely-ceylon-backend-ecosystem","timestamp":"2026-07-08 07:59:04"}
{"level":"info","message":{"ip":"::1","method":"POST","url":"/api/v1/auth/login"},"service":"purely-ceylon-backend-ecosystem","timestamp":"2026-07-08 07:59:04"}
{"level":"info","message":{"email":"musab.nawfer@gmail.com","event":"LOGIN_SUCCESS"},"service":"purely-ceylon-backend-ecosystem","timestamp":"2026-07-08 07:59:04"}
{"level":"info","message":{"ip":"::1","method":"OPTIONS","url":"/api/v1/cart"},"service":"purely-ceylon-backend-ecosystem","timestamp":"2026-07-08 07:59:06"}
{"level":"info","message":{"ip":"::1","method":"OPTIONS","url":"/api/v1/wishlist"},"service":"purely-ceylon-backend-ecosystem","timestamp":"2026-07-08 07:59:06"}
{"level":"info","message":{"ip":"::1","method":"OPTIONS","url":"/api/v1/products"},"service":"purely-ceylon-backend-ecosystem","timestamp":"2026-07-08 07:59:06"}
{"level":"info","message":{"ip":"::1","method":"OPTIONS","url":"/api/v1/categories"},"service":"purely-ceylon-backend-ecosystem","timestamp":"2026-07-08 07:59:06"}
{"level":"info","message":{"ip":"::1","method":"OPTIONS","url":"/api/v1/categories"},"service":"purely-ceylon-backend-ecosystem","timestamp":"2026-07-08 07:59:06"}
{"level":"info","message":{"ip":"::1","method":"OPTIONS","url":"/api/v1/products"},"service":"purely-ceylon-backend-ecosystem","timestamp":"2026-07-08 07:59:06"}
{"level":"info","message":{"ip":"::1","method":"GET","url":"/api/v1/cart"},"service":"purely-ceylon-backend-ecosystem","timestamp":"2026-07-08 07:59:06"}
{"level":"info","message":{"ip":"::1","method":"GET","url":"/api/v1/wishlist"},"service":"purely-ceylon-backend-ecosystem","timestamp":"2026-07-08 07:59:06"}
{"level":"info","message":{"ip":"::1","method":"GET","url":"/api/v1/products"},"service":"purely-ceylon-backend-ecosystem","timestamp":"2026-07-08 07:59:06"}
{"level":"info","message":{"ip":"::1","method":"GET","url":"/api/v1/categories"},"service":"purely-ceylon-backend-ecosystem","timestamp":"2026-07-08 07:59:06"}
{"level":"info","message":{"ip":"::1","method":"GET","url":"/api/v1/products"},"service":"purely-ceylon-backend-ecosystem","timestamp":"2026-07-08 07:59:06"}
{"level":"info","message":{"ip":"::1","method":"GET","url":"/api/v1/categories"},"service":"purely-ceylon-backend-ecosystem","timestamp":"2026-07-08 07:59:07"}
{"level":"info","message":{"ip":"::1","method":"OPTIONS","url":"/api/v1/orders/my-orders"},"service":"purely-ceylon-backend-ecosystem","timestamp":"2026-07-08 07:59:12"}
{"level":"info","message":{"ip":"::1","method":"OPTIONS","url":"/api/v1/address"},"service":"purely-ceylon-backend-ecosystem","timestamp":"2026-07-08 07:59:12"}
{"level":"info","message":{"ip":"::1","method":"OPTIONS","url":"/api/v1/orders/my-orders"},"service":"purely-ceylon-backend-ecosystem","timestamp":"2026-07-08 07:59:12"}
{"level":"info","message":{"ip":"::1","method":"OPTIONS","url":"/api/v1/address"},"service":"purely-ceylon-backend-ecosystem","timestamp":"2026-07-08 07:59:12"}
{"level":"info","message":{"ip":"::1","method":"GET","url":"/api/v1/orders/my-orders"},"service":"purely-ceylon-backend-ecosystem","timestamp":"2026-07-08 07:59:12"}
{"level":"info","message":{"ip":"::1","method":"GET","url":"/api/v1/address"},"service":"purely-ceylon-backend-ecosystem","timestamp":"2026-07-08 07:59:12"}
{"level":"info","message":{"ip":"::1","method":"GET","url":"/api/v1/address"},"service":"purely-ceylon-backend-ecosystem","timestamp":"2026-07-08 07:59:12"}
{"level":"info","message":{"ip":"::1","method":"GET","url":"/api/v1/orders/my-orders"},"service":"purely-ceylon-backend-ecosystem","timestamp":"2026-07-08 07:59:12"}
{"level":"info","message":{"ip":"::1","method":"GET","url":"/api/v1/address"},"service":"purely-ceylon-backend-ecosystem","timestamp":"2026-07-08 07:59:12"}
{"level":"info","message":{"ip":"::1","method":"GET","url":"/api/v1/address"},"service":"purely-ceylon-backend-ecosystem","timestamp":"2026-07-08 07:59:12"}
{"level":"info","message":{"ip":"::1","method":"GET","url":"/api/v1/address"},"service":"purely-ceylon-backend-ecosystem","timestamp":"2026-07-08 07:59:16"}
{"level":"info","message":{"ip":"::1","method":"GET","url":"/api/v1/address"},"service":"purely-ceylon-backend-ecosystem","timestamp":"2026-07-08 07:59:16"}
{"level":"info","message":{"ip":"::1","method":"OPTIONS","url":"/api/v1/cart"},"service":"purely-ceylon-backend-ecosystem","timestamp":"2026-07-08 07:59:26"}
{"level":"info","message":{"ip":"::1","method":"OPTIONS","url":"/api/v1/wishlist"},"service":"purely-ceylon-backend-ecosystem","timestamp":"2026-07-08 07:59:26"}
{"level":"info","message":{"ip":"::1","method":"OPTIONS","url":"/api/v1/address"},"service":"purely-ceylon-backend-ecosystem","timestamp":"2026-07-08 07:59:26"}
{"level":"info","message":{"ip":"::1","method":"OPTIONS","url":"/api/v1/wishlist"},"service":"purely-ceylon-backend-ecosystem","timestamp":"2026-07-08 07:59:26"}
{"level":"info","message":{"ip":"::1","method":"OPTIONS","url":"/api/v1/cart"},"service":"purely-ceylon-backend-ecosystem","timestamp":"2026-07-08 07:59:26"}
{"level":"info","message":{"ip":"::1","method":"OPTIONS","url":"/api/v1/cart"},"service":"purely-ceylon-backend-ecosystem","timestamp":"2026-07-08 07:59:26"}
{"level":"info","message":{"ip":"::1","method":"OPTIONS","url":"/api/v1/wishlist"},"service":"purely-ceylon-backend-ecosystem","timestamp":"2026-07-08 07:59:26"}
{"level":"info","message":{"ip":"::1","method":"OPTIONS","url":"/api/v1/address"},"service":"purely-ceylon-backend-ecosystem","timestamp":"2026-07-08 07:59:26"}
{"level":"info","message":{"ip":"::1","method":"OPTIONS","url":"/api/v1/wishlist"},"service":"purely-ceylon-backend-ecosystem","timestamp":"2026-07-08 07:59:26"}
{"level":"info","message":{"ip":"::1","method":"OPTIONS","url":"/api/v1/cart"},"service":"purely-ceylon-backend-ecosystem","timestamp":"2026-07-08 07:59:26"}
{"level":"info","message":{"ip":"::1","method":"GET","url":"/api/v1/cart"},"service":"purely-ceylon-backend-ecosystem","timestamp":"2026-07-08 07:59:26"}
{"level":"info","message":{"ip":"::1","method":"GET","url":"/api/v1/wishlist"},"service":"purely-ceylon-backend-ecosystem","timestamp":"2026-07-08 07:59:26"}
{"level":"info","message":{"ip":"::1","method":"GET","url":"/api/v1/address"},"service":"purely-ceylon-backend-ecosystem","timestamp":"2026-07-08 07:59:26"}
{"level":"info","message":{"ip":"::1","method":"GET","url":"/api/v1/wishlist"},"service":"purely-ceylon-backend-ecosystem","timestamp":"2026-07-08 07:59:26"}
{"level":"info","message":{"ip":"::1","method":"GET","url":"/api/v1/address"},"service":"purely-ceylon-backend-ecosystem","timestamp":"2026-07-08 07:59:26"}
{"level":"info","message":{"ip":"::1","method":"GET","url":"/api/v1/cart"},"service":"purely-ceylon-backend-ecosystem","timestamp":"2026-07-08 07:59:26"}
{"level":"info","message":{"ip":"::1","method":"GET","url":"/api/v1/wishlist"},"service":"purely-ceylon-backend-ecosystem","timestamp":"2026-07-08 07:59:26"}
{"level":"info","message":{"ip":"::1","method":"GET","url":"/api/v1/wishlist"},"service":"purely-ceylon-backend-ecosystem","timestamp":"2026-07-08 07:59:26"}
{"level":"info","message":{"ip":"::1","method":"GET","url":"/api/v1/cart"},"service":"purely-ceylon-backend-ecosystem","timestamp":"2026-07-08 07:59:26"}
{"level":"info","message":{"ip":"::1","method":"GET","url":"/api/v1/cart"},"service":"purely-ceylon-backend-ecosystem","timestamp":"2026-07-08 07:59:26"}
{"level":"info","message":{"ip":"::1","method":"OPTIONS","url":"/api/v1/cart"},"service":"purely-ceylon-backend-ecosystem","timestamp":"2026-07-08 07:59:36"}
{"level":"info","message":{"ip":"::1","method":"OPTIONS","url":"/api/v1/cart"},"service":"purely-ceylon-backend-ecosystem","timestamp":"2026-07-08 07:59:37"}
{"level":"info","message":{"ip":"::1","method":"OPTIONS","url":"/api/v1/cart"},"service":"purely-ceylon-backend-ecosystem","timestamp":"2026-07-08 07:59:37"}
{"level":"info","message":{"ip":"::1","method":"OPTIONS","url":"/api/v1/wishlist"},"service":"purely-ceylon-backend-ecosystem","timestamp":"2026-07-08 07:59:37"}
{"level":"info","message":{"ip":"::1","method":"OPTIONS","url":"/api/v1/address"},"service":"purely-ceylon-backend-ecosystem","timestamp":"2026-07-08 07:59:37"}
{"level":"info","message":{"ip":"::1","method":"OPTIONS","url":"/api/v1/wishlist"},"service":"purely-ceylon-backend-ecosystem","timestamp":"2026-07-08 07:59:37"}
{"level":"info","message":{"ip":"::1","method":"OPTIONS","url":"/api/v1/address"},"service":"purely-ceylon-backend-ecosystem","timestamp":"2026-07-08 07:59:37"}
{"level":"info","message":{"ip":"::1","method":"OPTIONS","url":"/api/v1/wishlist"},"service":"purely-ceylon-backend-ecosystem","timestamp":"2026-07-08 07:59:37"}
{"level":"info","message":{"ip":"::1","method":"GET","url":"/api/v1/cart"},"service":"purely-ceylon-backend-ecosystem","timestamp":"2026-07-08 07:59:37"}
{"level":"info","message":{"ip":"::1","method":"OPTIONS","url":"/api/v1/wishlist"},"service":"purely-ceylon-backend-ecosystem","timestamp":"2026-07-08 07:59:37"}
{"level":"info","message":{"ip":"::1","method":"OPTIONS","url":"/api/v1/cart"},"service":"purely-ceylon-backend-ecosystem","timestamp":"2026-07-08 07:59:37"}
{"level":"info","message":{"ip":"::1","method":"GET","url":"/api/v1/wishlist"},"service":"purely-ceylon-backend-ecosystem","timestamp":"2026-07-08 07:59:37"}
{"level":"info","message":{"ip":"::1","method":"GET","url":"/api/v1/address"},"service":"purely-ceylon-backend-ecosystem","timestamp":"2026-07-08 07:59:37"}
{"level":"info","message":{"ip":"::1","method":"GET","url":"/api/v1/cart"},"service":"purely-ceylon-backend-ecosystem","timestamp":"2026-07-08 07:59:37"}
{"level":"info","message":{"ip":"::1","method":"GET","url":"/api/v1/address"},"service":"purely-ceylon-backend-ecosystem","timestamp":"2026-07-08 07:59:39"}
{"level":"info","message":{"ip":"::1","method":"GET","url":"/api/v1/wishlist"},"service":"purely-ceylon-backend-ecosystem","timestamp":"2026-07-08 07:59:39"}
{"level":"info","message":{"ip":"::1","method":"GET","url":"/api/v1/cart"},"service":"purely-ceylon-backend-ecosystem","timestamp":"2026-07-08 07:59:39"}
{"level":"info","message":{"ip":"::1","method":"GET","url":"/api/v1/wishlist"},"service":"purely-ceylon-backend-ecosystem","timestamp":"2026-07-08 07:59:39"}
{"level":"info","message":{"ip":"::1","method":"GET","url":"/api/v1/wishlist"},"service":"purely-ceylon-backend-ecosystem","timestamp":"2026-07-08 07:59:40"}
{"level":"info","message":{"ip":"::1","method":"GET","url":"/api/v1/cart"},"service":"purely-ceylon-backend-ecosystem","timestamp":"2026-07-08 07:59:40"}
{"level":"info","message":"📧 Processing Email Queue","service":"purely-ceylon-backend-ecosystem","timestamp":"2026-07-08 08:00:00"}
{"level":"info","message":"📄 Checking Expired RFQs","service":"purely-ceylon-backend-ecosystem","timestamp":"2026-07-08 08:00:00"}
{"level":"info","message":{"ip":"::1","method":"OPTIONS","url":"/api/v1/cart"},"service":"purely-ceylon-backend-ecosystem","timestamp":"2026-07-08 08:03:08"}
{"level":"info","message":{"ip":"::1","method":"OPTIONS","url":"/api/v1/wishlist"},"service":"purely-ceylon-backend-ecosystem","timestamp":"2026-07-08 08:03:08"}
{"level":"info","message":{"ip":"::1","method":"OPTIONS","url":"/api/v1/cart"},"service":"purely-ceylon-backend-ecosystem","timestamp":"2026-07-08 08:03:08"}
{"level":"info","message":{"ip":"::ffff:127.0.0.1","method":"OPTIONS","url":"/api/v1/categories"},"service":"purely-ceylon-backend-ecosystem","timestamp":"2026-07-08 08:03:08"}
{"level":"info","message":{"ip":"::ffff:127.0.0.1","method":"OPTIONS","url":"/api/v1/products"},"service":"purely-ceylon-backend-ecosystem","timestamp":"2026-07-08 08:03:08"}
{"level":"info","message":{"ip":"::ffff:127.0.0.1","method":"OPTIONS","url":"/api/v1/wishlist"},"service":"purely-ceylon-backend-ecosystem","timestamp":"2026-07-08 08:03:08"}
{"level":"info","message":{"ip":"::ffff:127.0.0.1","method":"OPTIONS","url":"/api/v1/cart"},"service":"purely-ceylon-backend-ecosystem","timestamp":"2026-07-08 08:03:08"}
{"level":"info","message":{"ip":"::1","method":"OPTIONS","url":"/api/v1/wishlist"},"service":"purely-ceylon-backend-ecosystem","timestamp":"2026-07-08 08:03:08"}
{"level":"info","message":{"ip":"::1","method":"GET","url":"/api/v1/cart"},"service":"purely-ceylon-backend-ecosystem","timestamp":"2026-07-08 08:03:08"}
{"level":"info","message":{"ip":"::1","method":"GET","url":"/api/v1/wishlist"},"service":"purely-ceylon-backend-ecosystem","timestamp":"2026-07-08 08:03:08"}
{"level":"info","message":{"ip":"::1","method":"GET","url":"/api/v1/cart"},"service":"purely-ceylon-backend-ecosystem","timestamp":"2026-07-08 08:03:08"}
{"level":"info","message":{"ip":"::1","method":"OPTIONS","url":"/api/v1/categories"},"service":"purely-ceylon-backend-ecosystem","timestamp":"2026-07-08 08:03:08"}
{"level":"info","message":{"ip":"::ffff:127.0.0.1","method":"OPTIONS","url":"/api/v1/products"},"service":"purely-ceylon-backend-ecosystem","timestamp":"2026-07-08 08:03:08"}
{"level":"info","message":{"ip":"::ffff:127.0.0.1","method":"OPTIONS","url":"/api/v1/wishlist"},"service":"purely-ceylon-backend-ecosystem","timestamp":"2026-07-08 08:03:08"}
{"level":"info","message":{"ip":"::ffff:127.0.0.1","method":"OPTIONS","url":"/api/v1/cart"},"service":"purely-ceylon-backend-ecosystem","timestamp":"2026-07-08 08:03:08"}
{"level":"info","message":{"ip":"::1","method":"GET","url":"/api/v1/wishlist"},"service":"purely-ceylon-backend-ecosystem","timestamp":"2026-07-08 08:03:08"}
{"level":"info","message":{"ip":"::1","method":"GET","url":"/api/v1/categories"},"service":"purely-ceylon-backend-ecosystem","timestamp":"2026-07-08 08:03:08"}
{"level":"info","message":{"ip":"::1","method":"GET","url":"/api/v1/products"},"service":"purely-ceylon-backend-ecosystem","timestamp":"2026-07-08 08:03:08"}
{"level":"info","message":{"ip":"::1","method":"GET","url":"/api/v1/wishlist"},"service":"purely-ceylon-backend-ecosystem","timestamp":"2026-07-08 08:03:08"}
{"level":"info","message":{"ip":"::1","method":"GET","url":"/api/v1/categories"},"service":"purely-ceylon-backend-ecosystem","timestamp":"2026-07-08 08:03:09"}
{"level":"info","message":{"ip":"::1","method":"GET","url":"/api/v1/products"},"service":"purely-ceylon-backend-ecosystem","timestamp":"2026-07-08 08:03:09"}
{"level":"info","message":{"ip":"::1","method":"GET","url":"/api/v1/wishlist"},"service":"purely-ceylon-backend-ecosystem","timestamp":"2026-07-08 08:03:09"}
{"level":"info","message":{"ip":"::1","method":"GET","url":"/api/v1/cart"},"service":"purely-ceylon-backend-ecosystem","timestamp":"2026-07-08 08:03:09"}
{"level":"info","message":{"ip":"::1","method":"GET","url":"/api/v1/cart"},"service":"purely-ceylon-backend-ecosystem","timestamp":"2026-07-08 08:03:09"}
{"level":"info","message":{"ip":"::1","method":"OPTIONS","url":"/api/v1/address"},"service":"purely-ceylon-backend-ecosystem","timestamp":"2026-07-08 08:03:15"}
{"level":"info","message":{"ip":"::1","method":"OPTIONS","url":"/api/v1/orders/my-orders"},"service":"purely-ceylon-backend-ecosystem","timestamp":"2026-07-08 08:03:15"}
{"level":"info","message":{"ip":"::1","method":"OPTIONS","url":"/api/v1/address"},"service":"purely-ceylon-backend-ecosystem","timestamp":"2026-07-08 08:03:15"}
{"level":"info","message":{"ip":"::1","method":"OPTIONS","url":"/api/v1/orders/my-orders"},"service":"purely-ceylon-backend-ecosystem","timestamp":"2026-07-08 08:03:15"}
{"level":"info","message":{"ip":"::1","method":"GET","url":"/api/v1/address"},"service":"purely-ceylon-backend-ecosystem","timestamp":"2026-07-08 08:03:15"}
{"level":"info","message":{"ip":"::1","method":"GET","url":"/api/v1/address"},"service":"purely-ceylon-backend-ecosystem","timestamp":"2026-07-08 08:03:15"}
{"level":"info","message":{"ip":"::1","method":"GET","url":"/api/v1/orders/my-orders"},"service":"purely-ceylon-backend-ecosystem","timestamp":"2026-07-08 08:03:15"}
{"level":"info","message":{"ip":"::1","method":"GET","url":"/api/v1/address"},"service":"purely-ceylon-backend-ecosystem","timestamp":"2026-07-08 08:03:15"}
{"level":"info","message":{"ip":"::1","method":"GET","url":"/api/v1/orders/my-orders"},"service":"purely-ceylon-backend-ecosystem","timestamp":"2026-07-08 08:03:15"}
{"level":"info","message":{"ip":"::1","method":"GET","url":"/api/v1/address"},"service":"purely-ceylon-backend-ecosystem","timestamp":"2026-07-08 08:03:15"}
{"level":"info","message":{"ip":"::1","method":"OPTIONS","url":"/api/v1/address"},"service":"purely-ceylon-backend-ecosystem","timestamp":"2026-07-08 08:03:26"}
{"level":"info","message":{"ip":"::1","method":"GET","url":"/api/v1/address"},"service":"purely-ceylon-backend-ecosystem","timestamp":"2026-07-08 08:03:26"}
{"level":"info","message":{"ip":"::1","method":"OPTIONS","url":"/api/v1/address"},"service":"purely-ceylon-backend-ecosystem","timestamp":"2026-07-08 08:03:45"}
{"level":"info","message":{"ip":"::1","method":"POST","url":"/api/v1/address"},"service":"purely-ceylon-backend-ecosystem","timestamp":"2026-07-08 08:03:45"}
{"level":"info","message":{"ip":"::1","method":"OPTIONS","url":"/api/v1/address"},"service":"purely-ceylon-backend-ecosystem","timestamp":"2026-07-08 08:04:01"}
{"level":"info","message":{"ip":"::1","method":"POST","url":"/api/v1/address"},"service":"purely-ceylon-backend-ecosystem","timestamp":"2026-07-08 08:04:01"}
{"level":"info","message":"Gracefully shutting down...","service":"purely-ceylon-backend-ecosystem","timestamp":"2026-07-08 08:04:43"}
{"level":"info","message":"✅ All Background Jobs Started Successfully","service":"purely-ceylon-backend-ecosystem","timestamp":"2026-07-08 08:05:07"}
{"level":"info","message":"Server running on 5000","service":"purely-ceylon-backend-ecosystem","timestamp":"2026-07-08 08:05:07"}
{"level":"info","message":{"ip":"::1","method":"OPTIONS","url":"/api/v1/cart"},"service":"purely-ceylon-backend-ecosystem","timestamp":"2026-07-08 08:06:33"}
{"level":"info","message":{"ip":"::1","method":"OPTIONS","url":"/api/v1/wishlist"},"service":"purely-ceylon-backend-ecosystem","timestamp":"2026-07-08 08:06:33"}
{"level":"info","message":{"ip":"::1","method":"OPTIONS","url":"/api/v1/wishlist"},"service":"purely-ceylon-backend-ecosystem","timestamp":"2026-07-08 08:06:33"}
{"level":"info","message":{"ip":"::1","method":"OPTIONS","url":"/api/v1/address"},"service":"purely-ceylon-backend-ecosystem","timestamp":"2026-07-08 08:06:33"}
{"level":"info","message":{"ip":"::1","method":"OPTIONS","url":"/api/v1/wishlist"},"service":"purely-ceylon-backend-ecosystem","timestamp":"2026-07-08 08:06:33"}
{"level":"info","message":{"ip":"::1","method":"OPTIONS","url":"/api/v1/cart"},"service":"purely-ceylon-backend-ecosystem","timestamp":"2026-07-08 08:06:33"}
{"level":"info","message":{"ip":"::1","method":"OPTIONS","url":"/api/v1/cart"},"service":"purely-ceylon-backend-ecosystem","timestamp":"2026-07-08 08:06:33"}
{"level":"info","message":{"ip":"::1","method":"GET","url":"/api/v1/cart"},"service":"purely-ceylon-backend-ecosystem","timestamp":"2026-07-08 08:06:33"}
{"level":"info","message":{"ip":"::1","method":"OPTIONS","url":"/api/v1/address"},"service":"purely-ceylon-backend-ecosystem","timestamp":"2026-07-08 08:06:33"}
{"level":"info","message":{"ip":"::1","method":"OPTIONS","url":"/api/v1/wishlist"},"service":"purely-ceylon-backend-ecosystem","timestamp":"2026-07-08 08:06:33"}
{"level":"info","message":{"ip":"::1","method":"OPTIONS","url":"/api/v1/cart"},"service":"purely-ceylon-backend-ecosystem","timestamp":"2026-07-08 08:06:33"}
{"level":"info","message":{"ip":"::1","method":"GET","url":"/api/v1/wishlist"},"service":"purely-ceylon-backend-ecosystem","timestamp":"2026-07-08 08:06:33"}
{"level":"info","message":{"ip":"::1","method":"GET","url":"/api/v1/address"},"service":"purely-ceylon-backend-ecosystem","timestamp":"2026-07-08 08:06:33"}
{"level":"info","message":{"ip":"::1","method":"GET","url":"/api/v1/wishlist"},"service":"purely-ceylon-backend-ecosystem","timestamp":"2026-07-08 08:06:34"}
{"level":"info","message":{"ip":"::1","method":"GET","url":"/api/v1/cart"},"service":"purely-ceylon-backend-ecosystem","timestamp":"2026-07-08 08:06:34"}
{"level":"info","message":{"ip":"::1","method":"GET","url":"/api/v1/wishlist"},"service":"purely-ceylon-backend-ecosystem","timestamp":"2026-07-08 08:06:34"}
{"level":"info","message":{"ip":"::1","method":"GET","url":"/api/v1/address"},"service":"purely-ceylon-backend-ecosystem","timestamp":"2026-07-08 08:06:34"}
{"level":"info","message":{"ip":"::1","method":"GET","url":"/api/v1/cart"},"service":"purely-ceylon-backend-ecosystem","timestamp":"2026-07-08 08:06:34"}
{"level":"info","message":{"ip":"::1","method":"GET","url":"/api/v1/wishlist"},"service":"purely-ceylon-backend-ecosystem","timestamp":"2026-07-08 08:06:35"}
{"level":"info","message":{"ip":"::1","method":"GET","url":"/api/v1/cart"},"service":"purely-ceylon-backend-ecosystem","timestamp":"2026-07-08 08:06:35"}
{"level":"info","message":{"ip":"::1","method":"OPTIONS","url":"/api/v1/cart"},"service":"purely-ceylon-backend-ecosystem","timestamp":"2026-07-08 08:06:47"}
{"level":"info","message":{"ip":"::1","method":"OPTIONS","url":"/api/v1/wishlist"},"service":"purely-ceylon-backend-ecosystem","timestamp":"2026-07-08 08:06:47"}
{"level":"info","message":{"ip":"::1","method":"OPTIONS","url":"/api/v1/address"},"service":"purely-ceylon-backend-ecosystem","timestamp":"2026-07-08 08:06:47"}
{"level":"info","message":{"ip":"::1","method":"OPTIONS","url":"/api/v1/wishlist"},"service":"purely-ceylon-backend-ecosystem","timestamp":"2026-07-08 08:06:47"}
{"level":"info","message":{"ip":"::1","method":"OPTIONS","url":"/api/v1/cart"},"service":"purely-ceylon-backend-ecosystem","timestamp":"2026-07-08 08:06:47"}
{"level":"info","message":{"ip":"::1","method":"OPTIONS","url":"/api/v1/wishlist"},"service":"purely-ceylon-backend-ecosystem","timestamp":"2026-07-08 08:06:48"}
{"level":"info","message":{"ip":"::1","method":"OPTIONS","url":"/api/v1/address"},"service":"purely-ceylon-backend-ecosystem","timestamp":"2026-07-08 08:06:48"}
{"level":"info","message":{"ip":"::1","method":"OPTIONS","url":"/api/v1/wishlist"},"service":"purely-ceylon-backend-ecosystem","timestamp":"2026-07-08 08:06:48"}
{"level":"info","message":{"ip":"::1","method":"OPTIONS","url":"/api/v1/cart"},"service":"purely-ceylon-backend-ecosystem","timestamp":"2026-07-08 08:06:48"}
{"level":"info","message":{"ip":"::1","method":"OPTIONS","url":"/api/v1/cart"},"service":"purely-ceylon-backend-ecosystem","timestamp":"2026-07-08 08:06:48"}
{"level":"info","message":{"ip":"::1","method":"GET","url":"/api/v1/cart"},"service":"purely-ceylon-backend-ecosystem","timestamp":"2026-07-08 08:06:48"}
{"level":"info","message":{"ip":"::1","method":"GET","url":"/api/v1/wishlist"},"service":"purely-ceylon-backend-ecosystem","timestamp":"2026-07-08 08:06:48"}
{"level":"info","message":{"ip":"::1","method":"GET","url":"/api/v1/address"},"service":"purely-ceylon-backend-ecosystem","timestamp":"2026-07-08 08:06:48"}
{"level":"info","message":{"ip":"::1","method":"GET","url":"/api/v1/wishlist"},"service":"purely-ceylon-backend-ecosystem","timestamp":"2026-07-08 08:06:49"}
{"level":"info","message":{"ip":"::1","method":"GET","url":"/api/v1/address"},"service":"purely-ceylon-backend-ecosystem","timestamp":"2026-07-08 08:06:49"}
{"level":"info","message":{"ip":"::1","method":"GET","url":"/api/v1/cart"},"service":"purely-ceylon-backend-ecosystem","timestamp":"2026-07-08 08:06:49"}
{"level":"info","message":{"ip":"::1","method":"GET","url":"/api/v1/wishlist"},"service":"purely-ceylon-backend-ecosystem","timestamp":"2026-07-08 08:06:49"}
{"level":"info","message":{"ip":"::1","method":"GET","url":"/api/v1/cart"},"service":"purely-ceylon-backend-ecosystem","timestamp":"2026-07-08 08:06:50"}
{"level":"info","message":{"ip":"::1","method":"GET","url":"/api/v1/wishlist"},"service":"purely-ceylon-backend-ecosystem","timestamp":"2026-07-08 08:06:50"}
{"level":"info","message":{"ip":"::1","method":"GET","url":"/api/v1/cart"},"service":"purely-ceylon-backend-ecosystem","timestamp":"2026-07-08 08:06:50"}
{"level":"info","message":{"ip":"::1","method":"OPTIONS","url":"/api/v1/cart"},"service":"purely-ceylon-backend-ecosystem","timestamp":"2026-07-08 08:08:21"}
{"level":"info","message":{"ip":"::1","method":"OPTIONS","url":"/api/v1/wishlist"},"service":"purely-ceylon-backend-ecosystem","timestamp":"2026-07-08 08:08:21"}
{"level":"info","message":{"ip":"::1","method":"OPTIONS","url":"/api/v1/wishlist"},"service":"purely-ceylon-backend-ecosystem","timestamp":"2026-07-08 08:08:21"}
{"level":"info","message":{"ip":"::1","method":"OPTIONS","url":"/api/v1/cart"},"service":"purely-ceylon-backend-ecosystem","timestamp":"2026-07-08 08:08:21"}
{"level":"info","message":{"ip":"::1","method":"OPTIONS","url":"/api/v1/cart"},"service":"purely-ceylon-backend-ecosystem","timestamp":"2026-07-08 08:08:21"}
{"level":"info","message":{"ip":"::1","method":"OPTIONS","url":"/api/v1/wishlist"},"service":"purely-ceylon-backend-ecosystem","timestamp":"2026-07-08 08:08:21"}
{"level":"info","message":{"ip":"::1","method":"OPTIONS","url":"/api/v1/wishlist"},"service":"purely-ceylon-backend-ecosystem","timestamp":"2026-07-08 08:08:21"}
{"level":"info","message":{"ip":"::1","method":"OPTIONS","url":"/api/v1/cart"},"service":"purely-ceylon-backend-ecosystem","timestamp":"2026-07-08 08:08:21"}
{"level":"info","message":{"ip":"::1","method":"GET","url":"/api/v1/cart"},"service":"purely-ceylon-backend-ecosystem","timestamp":"2026-07-08 08:08:21"}
{"level":"info","message":{"ip":"::1","method":"GET","url":"/api/v1/wishlist"},"service":"purely-ceylon-backend-ecosystem","timestamp":"2026-07-08 08:08:21"}
{"level":"info","message":{"ip":"::1","method":"GET","url":"/api/v1/wishlist"},"service":"purely-ceylon-backend-ecosystem","timestamp":"2026-07-08 08:08:21"}
{"level":"info","message":{"ip":"::1","method":"GET","url":"/api/v1/cart"},"service":"purely-ceylon-backend-ecosystem","timestamp":"2026-07-08 08:08:21"}
{"level":"info","message":{"ip":"::1","method":"GET","url":"/api/v1/wishlist"},"service":"purely-ceylon-backend-ecosystem","timestamp":"2026-07-08 08:08:21"}
{"level":"info","message":{"ip":"::1","method":"GET","url":"/api/v1/cart"},"service":"purely-ceylon-backend-ecosystem","timestamp":"2026-07-08 08:08:21"}
{"level":"info","message":{"ip":"::1","method":"GET","url":"/api/v1/wishlist"},"service":"purely-ceylon-backend-ecosystem","timestamp":"2026-07-08 08:08:21"}
{"level":"info","message":{"ip":"::1","method":"GET","url":"/api/v1/cart"},"service":"purely-ceylon-backend-ecosystem","timestamp":"2026-07-08 08:08:21"}
{"level":"info","message":{"ip":"::1","method":"OPTIONS","url":"/api/v1/categories"},"service":"purely-ceylon-backend-ecosystem","timestamp":"2026-07-08 08:08:27"}
{"level":"info","message":{"ip":"::1","method":"OPTIONS","url":"/api/v1/products"},"service":"purely-ceylon-backend-ecosystem","timestamp":"2026-07-08 08:08:27"}
{"level":"info","message":{"ip":"::1","method":"OPTIONS","url":"/api/v1/categories"},"service":"purely-ceylon-backend-ecosystem","timestamp":"2026-07-08 08:08:27"}
{"level":"info","message":{"ip":"::1","method":"OPTIONS","url":"/api/v1/products"},"service":"purely-ceylon-backend-ecosystem","timestamp":"2026-07-08 08:08:27"}
{"level":"info","message":{"ip":"::1","method":"GET","url":"/api/v1/categories"},"service":"purely-ceylon-backend-ecosystem","timestamp":"2026-07-08 08:08:27"}
{"level":"info","message":{"ip":"::1","method":"GET","url":"/api/v1/products"},"service":"purely-ceylon-backend-ecosystem","timestamp":"2026-07-08 08:08:27"}
{"level":"info","message":{"ip":"::1","method":"GET","url":"/api/v1/categories"},"service":"purely-ceylon-backend-ecosystem","timestamp":"2026-07-08 08:08:28"}
{"level":"info","message":{"ip":"::1","method":"GET","url":"/api/v1/products"},"service":"purely-ceylon-backend-ecosystem","timestamp":"2026-07-08 08:08:28"}
{"level":"info","message":{"ip":"::1","method":"OPTIONS","url":"/api/v1/wishlist"},"service":"purely-ceylon-backend-ecosystem","timestamp":"2026-07-08 08:08:29"}
{"level":"info","message":{"ip":"::1","method":"OPTIONS","url":"/api/v1/wishlist"},"service":"purely-ceylon-backend-ecosystem","timestamp":"2026-07-08 08:08:29"}
{"level":"info","message":{"ip":"::1","method":"GET","url":"/api/v1/wishlist"},"service":"purely-ceylon-backend-ecosystem","timestamp":"2026-07-08 08:08:29"}
{"level":"info","message":{"ip":"::1","method":"GET","url":"/api/v1/wishlist"},"service":"purely-ceylon-backend-ecosystem","timestamp":"2026-07-08 08:08:29"}
{"level":"info","message":{"ip":"::1","method":"GET","url":"/api/v1/wishlist"},"service":"purely-ceylon-backend-ecosystem","timestamp":"2026-07-08 08:08:29"}
{"level":"info","message":{"ip":"::1","method":"GET","url":"/api/v1/wishlist"},"service":"purely-ceylon-backend-ecosystem","timestamp":"2026-07-08 08:08:29"}
{"level":"info","message":{"ip":"::1","method":"OPTIONS","url":"/api/v1/cart"},"service":"purely-ceylon-backend-ecosystem","timestamp":"2026-07-08 08:08:34"}
{"level":"info","message":{"ip":"::1","method":"OPTIONS","url":"/api/v1/cart"},"service":"purely-ceylon-backend-ecosystem","timestamp":"2026-07-08 08:08:34"}
{"level":"info","message":{"ip":"::1","method":"GET","url":"/api/v1/cart"},"service":"purely-ceylon-backend-ecosystem","timestamp":"2026-07-08 08:08:34"}
{"level":"info","message":{"ip":"::1","method":"GET","url":"/api/v1/cart"},"service":"purely-ceylon-backend-ecosystem","timestamp":"2026-07-08 08:08:34"}
{"level":"info","message":{"ip":"::1","method":"GET","url":"/api/v1/cart"},"service":"purely-ceylon-backend-ecosystem","timestamp":"2026-07-08 08:08:34"}
{"level":"info","message":{"ip":"::1","method":"GET","url":"/api/v1/cart"},"service":"purely-ceylon-backend-ecosystem","timestamp":"2026-07-08 08:08:34"}
{"level":"info","message":{"ip":"::1","method":"OPTIONS","url":"/api/v1/cart"},"service":"purely-ceylon-backend-ecosystem","timestamp":"2026-07-08 08:08:40"}
{"level":"info","message":{"ip":"::1","method":"OPTIONS","url":"/api/v1/cart"},"service":"purely-ceylon-backend-ecosystem","timestamp":"2026-07-08 08:08:40"}
{"level":"info","message":{"ip":"::1","method":"GET","url":"/api/v1/cart"},"service":"purely-ceylon-backend-ecosystem","timestamp":"2026-07-08 08:08:40"}
{"level":"info","message":{"ip":"::1","method":"GET","url":"/api/v1/cart"},"service":"purely-ceylon-backend-ecosystem","timestamp":"2026-07-08 08:08:40"}
{"level":"info","message":{"ip":"::1","method":"OPTIONS","url":"/api/v1/address"},"service":"purely-ceylon-backend-ecosystem","timestamp":"2026-07-08 08:08:40"}
{"level":"info","message":{"ip":"::1","method":"GET","url":"/api/v1/address"},"service":"purely-ceylon-backend-ecosystem","timestamp":"2026-07-08 08:08:40"}
{"level":"info","message":{"ip":"::1","method":"GET","url":"/api/v1/address"},"service":"purely-ceylon-backend-ecosystem","timestamp":"2026-07-08 08:08:41"}
{"level":"info","message":{"ip":"::1","method":"OPTIONS","url":"/api/v1/orders/my-orders"},"service":"purely-ceylon-backend-ecosystem","timestamp":"2026-07-08 08:08:46"}
{"level":"info","message":{"ip":"::1","method":"OPTIONS","url":"/api/v1/orders/my-orders"},"service":"purely-ceylon-backend-ecosystem","timestamp":"2026-07-08 08:08:46"}
{"level":"info","message":{"ip":"::1","method":"GET","url":"/api/v1/orders/my-orders"},"service":"purely-ceylon-backend-ecosystem","timestamp":"2026-07-08 08:08:46"}
{"level":"info","message":{"ip":"::1","method":"GET","url":"/api/v1/orders/my-orders"},"service":"purely-ceylon-backend-ecosystem","timestamp":"2026-07-08 08:08:46"}
{"level":"info","message":{"ip":"::1","method":"OPTIONS","url":"/api/v1/orders/my-orders"},"service":"purely-ceylon-backend-ecosystem","timestamp":"2026-07-08 08:09:11"}
{"level":"info","message":{"ip":"::1","method":"OPTIONS","url":"/api/v1/orders/my-orders"},"service":"purely-ceylon-backend-ecosystem","timestamp":"2026-07-08 08:09:11"}
{"level":"info","message":{"ip":"::1","method":"OPTIONS","url":"/api/v1/address"},"service":"purely-ceylon-backend-ecosystem","timestamp":"2026-07-08 08:09:11"}
{"level":"info","message":{"ip":"::1","method":"OPTIONS","url":"/api/v1/address"},"service":"purely-ceylon-backend-ecosystem","timestamp":"2026-07-08 08:09:11"}
{"level":"info","message":{"ip":"::1","method":"GET","url":"/api/v1/orders/my-orders"},"service":"purely-ceylon-backend-ecosystem","timestamp":"2026-07-08 08:09:11"}
{"level":"info","message":{"ip":"::1","method":"GET","url":"/api/v1/address"},"service":"purely-ceylon-backend-ecosystem","timestamp":"2026-07-08 08:09:11"}
{"level":"info","message":{"ip":"::1","method":"GET","url":"/api/v1/orders/my-orders"},"service":"purely-ceylon-backend-ecosystem","timestamp":"2026-07-08 08:09:11"}
{"level":"info","message":{"ip":"::1","method":"GET","url":"/api/v1/address"},"service":"purely-ceylon-backend-ecosystem","timestamp":"2026-07-08 08:09:11"}
{"level":"info","message":{"ip":"::1","method":"GET","url":"/api/v1/address"},"service":"purely-ceylon-backend-ecosystem","timestamp":"2026-07-08 08:09:11"}
{"level":"info","message":{"ip":"::1","method":"GET","url":"/api/v1/address"},"service":"purely-ceylon-backend-ecosystem","timestamp":"2026-07-08 08:09:11"}
{"level":"info","message":{"ip":"::1","method":"OPTIONS","url":"/api/v1/address"},"service":"purely-ceylon-backend-ecosystem","timestamp":"2026-07-08 08:09:58"}
{"level":"info","message":{"ip":"::1","method":"OPTIONS","url":"/api/v1/address"},"service":"purely-ceylon-backend-ecosystem","timestamp":"2026-07-08 08:09:58"}
{"level":"info","message":{"ip":"::1","method":"GET","url":"/api/v1/address"},"service":"purely-ceylon-backend-ecosystem","timestamp":"2026-07-08 08:09:58"}
{"level":"info","message":{"ip":"::1","method":"GET","url":"/api/v1/address"},"service":"purely-ceylon-backend-ecosystem","timestamp":"2026-07-08 08:09:58"}
{"level":"info","message":"📧 Processing Email Queue","service":"purely-ceylon-backend-ecosystem","timestamp":"2026-07-08 08:10:00"}
{"level":"info","message":{"ip":"::1","method":"OPTIONS","url":"/api/v1/address"},"service":"purely-ceylon-backend-ecosystem","timestamp":"2026-07-08 08:10:12"}
{"level":"info","message":{"ip":"::1","method":"GET","url":"/api/v1/address"},"service":"purely-ceylon-backend-ecosystem","timestamp":"2026-07-08 08:10:12"}
{"level":"info","message":{"ip":"::1","method":"OPTIONS","url":"/api/v1/address"},"service":"purely-ceylon-backend-ecosystem","timestamp":"2026-07-08 08:10:22"}
{"level":"info","message":{"ip":"::1","method":"OPTIONS","url":"/api/v1/address"},"service":"purely-ceylon-backend-ecosystem","timestamp":"2026-07-08 08:10:22"}
{"level":"info","message":{"ip":"::1","method":"GET","url":"/api/v1/address"},"service":"purely-ceylon-backend-ecosystem","timestamp":"2026-07-08 08:10:22"}
{"level":"info","message":{"ip":"::1","method":"GET","url":"/api/v1/address"},"service":"purely-ceylon-backend-ecosystem","timestamp":"2026-07-08 08:10:22"}
{"level":"info","message":{"ip":"::1","method":"OPTIONS","url":"/api/v1/cart"},"service":"purely-ceylon-backend-ecosystem","timestamp":"2026-07-08 08:13:41"}
{"level":"info","message":{"ip":"::1","method":"OPTIONS","url":"/api/v1/wishlist"},"service":"purely-ceylon-backend-ecosystem","timestamp":"2026-07-08 08:13:42"}
{"level":"info","message":{"ip":"::1","method":"OPTIONS","url":"/api/v1/address"},"service":"purely-ceylon-backend-ecosystem","timestamp":"2026-07-08 08:13:42"}
{"level":"info","message":{"ip":"::1","method":"OPTIONS","url":"/api/v1/wishlist"},"service":"purely-ceylon-backend-ecosystem","timestamp":"2026-07-08 08:13:42"}
{"level":"info","message":{"ip":"::1","method":"OPTIONS","url":"/api/v1/cart"},"service":"purely-ceylon-backend-ecosystem","timestamp":"2026-07-08 08:13:42"}
{"level":"info","message":{"ip":"::1","method":"OPTIONS","url":"/api/v1/cart"},"service":"purely-ceylon-backend-ecosystem","timestamp":"2026-07-08 08:13:42"}
{"level":"info","message":{"ip":"::1","method":"OPTIONS","url":"/api/v1/wishlist"},"service":"purely-ceylon-backend-ecosystem","timestamp":"2026-07-08 08:13:42"}
{"level":"info","message":{"ip":"::1","method":"OPTIONS","url":"/api/v1/address"},"service":"purely-ceylon-backend-ecosystem","timestamp":"2026-07-08 08:13:42"}
{"level":"info","message":{"ip":"::1","method":"OPTIONS","url":"/api/v1/wishlist"},"service":"purely-ceylon-backend-ecosystem","timestamp":"2026-07-08 08:13:42"}
{"level":"info","message":{"ip":"::1","method":"OPTIONS","url":"/api/v1/cart"},"service":"purely-ceylon-backend-ecosystem","timestamp":"2026-07-08 08:13:42"}
{"level":"info","message":{"ip":"::1","method":"GET","url":"/api/v1/cart"},"service":"purely-ceylon-backend-ecosystem","timestamp":"2026-07-08 08:13:42"}
{"level":"info","message":{"ip":"::1","method":"GET","url":"/api/v1/wishlist"},"service":"purely-ceylon-backend-ecosystem","timestamp":"2026-07-08 08:13:43"}
{"level":"info","message":{"ip":"::1","method":"GET","url":"/api/v1/address"},"service":"purely-ceylon-backend-ecosystem","timestamp":"2026-07-08 08:13:43"}
{"level":"info","message":{"ip":"::1","method":"GET","url":"/api/v1/cart"},"service":"purely-ceylon-backend-ecosystem","timestamp":"2026-07-08 08:13:45"}
{"level":"info","message":{"ip":"::1","method":"GET","url":"/api/v1/wishlist"},"service":"purely-ceylon-backend-ecosystem","timestamp":"2026-07-08 08:13:45"}
{"level":"info","message":{"ip":"::1","method":"GET","url":"/api/v1/wishlist"},"service":"purely-ceylon-backend-ecosystem","timestamp":"2026-07-08 08:13:45"}
{"level":"info","message":{"ip":"::1","method":"GET","url":"/api/v1/cart"},"service":"purely-ceylon-backend-ecosystem","timestamp":"2026-07-08 08:13:45"}
{"level":"info","message":{"ip":"::1","method":"GET","url":"/api/v1/wishlist"},"service":"purely-ceylon-backend-ecosystem","timestamp":"2026-07-08 08:13:45"}
{"level":"info","message":{"ip":"::1","method":"GET","url":"/api/v1/cart"},"service":"purely-ceylon-backend-ecosystem","timestamp":"2026-07-08 08:13:45"}
{"level":"info","message":{"ip":"::1","method":"GET","url":"/api/v1/address"},"service":"purely-ceylon-backend-ecosystem","timestamp":"2026-07-08 08:13:45"}
{"level":"info","message":{"ip":"::1","method":"OPTIONS","url":"/api/v1/cart"},"service":"purely-ceylon-backend-ecosystem","timestamp":"2026-07-08 08:14:38"}
{"level":"info","message":{"ip":"::1","method":"OPTIONS","url":"/api/v1/wishlist"},"service":"purely-ceylon-backend-ecosystem","timestamp":"2026-07-08 08:14:38"}
{"level":"info","message":{"ip":"::1","method":"OPTIONS","url":"/api/v1/wishlist"},"service":"purely-ceylon-backend-ecosystem","timestamp":"2026-07-08 08:14:38"}
{"level":"info","message":{"ip":"::1","method":"OPTIONS","url":"/api/v1/address"},"service":"purely-ceylon-backend-ecosystem","timestamp":"2026-07-08 08:14:38"}
{"level":"info","message":{"ip":"::1","method":"OPTIONS","url":"/api/v1/wishlist"},"service":"purely-ceylon-backend-ecosystem","timestamp":"2026-07-08 08:14:39"}
{"level":"info","message":{"ip":"::1","method":"OPTIONS","url":"/api/v1/cart"},"service":"purely-ceylon-backend-ecosystem","timestamp":"2026-07-08 08:14:39"}
{"level":"info","message":{"ip":"::1","method":"OPTIONS","url":"/api/v1/address"},"service":"purely-ceylon-backend-ecosystem","timestamp":"2026-07-08 08:14:39"}
{"level":"info","message":{"ip":"::1","method":"OPTIONS","url":"/api/v1/wishlist"},"service":"purely-ceylon-backend-ecosystem","timestamp":"2026-07-08 08:14:39"}
{"level":"info","message":{"ip":"::1","method":"OPTIONS","url":"/api/v1/cart"},"service":"purely-ceylon-backend-ecosystem","timestamp":"2026-07-08 08:14:39"}
{"level":"info","message":{"ip":"::1","method":"OPTIONS","url":"/api/v1/cart"},"service":"purely-ceylon-backend-ecosystem","timestamp":"2026-07-08 08:14:39"}
{"level":"info","message":{"ip":"::1","method":"GET","url":"/api/v1/cart"},"service":"purely-ceylon-backend-ecosystem","timestamp":"2026-07-08 08:14:39"}
{"level":"info","message":{"ip":"::1","method":"GET","url":"/api/v1/wishlist"},"service":"purely-ceylon-backend-ecosystem","timestamp":"2026-07-08 08:14:40"}
{"level":"info","message":{"ip":"::1","method":"GET","url":"/api/v1/address"},"service":"purely-ceylon-backend-ecosystem","timestamp":"2026-07-08 08:14:40"}
{"level":"info","message":{"ip":"::1","method":"GET","url":"/api/v1/wishlist"},"service":"purely-ceylon-backend-ecosystem","timestamp":"2026-07-08 08:14:41"}
{"level":"info","message":{"ip":"::1","method":"GET","url":"/api/v1/address"},"service":"purely-ceylon-backend-ecosystem","timestamp":"2026-07-08 08:14:41"}
{"level":"info","message":{"ip":"::1","method":"GET","url":"/api/v1/cart"},"service":"purely-ceylon-backend-ecosystem","timestamp":"2026-07-08 08:14:41"}
{"level":"info","message":{"ip":"::1","method":"GET","url":"/api/v1/wishlist"},"service":"purely-ceylon-backend-ecosystem","timestamp":"2026-07-08 08:14:41"}
{"level":"info","message":{"ip":"::1","method":"GET","url":"/api/v1/wishlist"},"service":"purely-ceylon-backend-ecosystem","timestamp":"2026-07-08 08:14:42"}
{"level":"info","message":{"ip":"::1","method":"GET","url":"/api/v1/cart"},"service":"purely-ceylon-backend-ecosystem","timestamp":"2026-07-08 08:14:42"}
{"level":"info","message":{"ip":"::1","method":"GET","url":"/api/v1/cart"},"service":"purely-ceylon-backend-ecosystem","timestamp":"2026-07-08 08:14:42"}
{"level":"info","message":"📧 Processing Email Queue","service":"purely-ceylon-backend-ecosystem","timestamp":"2026-07-08 08:15:00"}
{"level":"info","message":"📧 Processing Email Queue","service":"purely-ceylon-backend-ecosystem","timestamp":"2026-07-08 08:20:00"}
{"level":"info","message":{"ip":"::1","method":"OPTIONS","url":"/api/v1/cart"},"service":"purely-ceylon-backend-ecosystem","timestamp":"2026-07-08 08:21:29"}
{"level":"info","message":{"ip":"::1","method":"OPTIONS","url":"/api/v1/wishlist"},"service":"purely-ceylon-backend-ecosystem","timestamp":"2026-07-08 08:21:29"}
{"level":"info","message":{"ip":"::1","method":"GET","url":"/api/v1/cart"},"service":"purely-ceylon-backend-ecosystem","timestamp":"2026-07-08 08:21:29"}
{"level":"info","message":{"ip":"::1","method":"GET","url":"/api/v1/wishlist"},"service":"purely-ceylon-backend-ecosystem","timestamp":"2026-07-08 08:21:29"}
{"level":"info","message":{"ip":"::1","method":"OPTIONS","url":"/api/v1/address"},"service":"purely-ceylon-backend-ecosystem","timestamp":"2026-07-08 08:21:30"}
{"level":"info","message":{"ip":"::1","method":"GET","url":"/api/v1/address"},"service":"purely-ceylon-backend-ecosystem","timestamp":"2026-07-08 08:21:30"}
{"level":"info","message":{"ip":"::1","method":"GET","url":"/api/v1/wishlist"},"service":"purely-ceylon-backend-ecosystem","timestamp":"2026-07-08 08:21:31"}
{"level":"info","message":{"ip":"::1","method":"GET","url":"/api/v1/cart"},"service":"purely-ceylon-backend-ecosystem","timestamp":"2026-07-08 08:21:31"}
{"level":"info","message":{"ip":"::1","method":"GET","url":"/api/v1/cart"},"service":"purely-ceylon-backend-ecosystem","timestamp":"2026-07-08 08:21:31"}
{"level":"info","message":{"ip":"::1","method":"GET","url":"/api/v1/wishlist"},"service":"purely-ceylon-backend-ecosystem","timestamp":"2026-07-08 08:21:31"}
{"level":"info","message":{"ip":"::1","method":"GET","url":"/api/v1/address"},"service":"purely-ceylon-backend-ecosystem","timestamp":"2026-07-08 08:21:31"}
{"level":"info","message":{"ip":"::1","method":"GET","url":"/api/v1/wishlist"},"service":"purely-ceylon-backend-ecosystem","timestamp":"2026-07-08 08:21:31"}
{"level":"info","message":{"ip":"::1","method":"GET","url":"/api/v1/cart"},"service":"purely-ceylon-backend-ecosystem","timestamp":"2026-07-08 08:21:31"}
{"level":"info","message":{"ip":"::1","method":"OPTIONS","url":"/api/v1/cart"},"service":"purely-ceylon-backend-ecosystem","timestamp":"2026-07-08 08:22:27"}
{"level":"info","message":{"ip":"::1","method":"OPTIONS","url":"/api/v1/wishlist"},"service":"purely-ceylon-backend-ecosystem","timestamp":"2026-07-08 08:22:29"}
{"level":"info","message":{"ip":"::1","method":"OPTIONS","url":"/api/v1/address"},"service":"purely-ceylon-backend-ecosystem","timestamp":"2026-07-08 08:22:29"}
{"level":"info","message":{"ip":"::1","method":"OPTIONS","url":"/api/v1/wishlist"},"service":"purely-ceylon-backend-ecosystem","timestamp":"2026-07-08 08:22:29"}
{"level":"info","message":{"ip":"::1","method":"OPTIONS","url":"/api/v1/address"},"service":"purely-ceylon-backend-ecosystem","timestamp":"2026-07-08 08:22:29"}
{"level":"info","message":{"ip":"::1","method":"OPTIONS","url":"/api/v1/wishlist"},"service":"purely-ceylon-backend-ecosystem","timestamp":"2026-07-08 08:22:30"}
{"level":"info","message":{"ip":"::1","method":"OPTIONS","url":"/api/v1/cart"},"service":"purely-ceylon-backend-ecosystem","timestamp":"2026-07-08 08:22:30"}
{"level":"info","message":{"ip":"::1","method":"OPTIONS","url":"/api/v1/cart"},"service":"purely-ceylon-backend-ecosystem","timestamp":"2026-07-08 08:22:32"}
{"level":"info","message":{"ip":"::ffff:127.0.0.1","method":"OPTIONS","url":"/api/v1/wishlist"},"service":"purely-ceylon-backend-ecosystem","timestamp":"2026-07-08 08:22:32"}
{"level":"info","message":{"ip":"::1","method":"OPTIONS","url":"/api/v1/cart"},"service":"purely-ceylon-backend-ecosystem","timestamp":"2026-07-08 08:22:32"}
{"level":"info","message":{"ip":"::1","method":"GET","url":"/api/v1/cart"},"service":"purely-ceylon-backend-ecosystem","timestamp":"2026-07-08 08:22:32"}
{"level":"info","message":{"ip":"::1","method":"GET","url":"/api/v1/wishlist"},"service":"purely-ceylon-backend-ecosystem","timestamp":"2026-07-08 08:22:32"}
{"level":"info","message":{"ip":"::1","method":"GET","url":"/api/v1/address"},"service":"purely-ceylon-backend-ecosystem","timestamp":"2026-07-08 08:22:32"}
{"level":"info","message":{"ip":"::1","method":"GET","url":"/api/v1/wishlist"},"service":"purely-ceylon-backend-ecosystem","timestamp":"2026-07-08 08:22:33"}
{"level":"info","message":{"ip":"::1","method":"GET","url":"/api/v1/address"},"service":"purely-ceylon-backend-ecosystem","timestamp":"2026-07-08 08:22:34"}
{"level":"info","message":{"ip":"::1","method":"GET","url":"/api/v1/cart"},"service":"purely-ceylon-backend-ecosystem","timestamp":"2026-07-08 08:22:34"}
{"level":"info","message":{"ip":"::1","method":"GET","url":"/api/v1/wishlist"},"service":"purely-ceylon-backend-ecosystem","timestamp":"2026-07-08 08:22:34"}
{"level":"info","message":{"ip":"::1","method":"GET","url":"/api/v1/cart"},"service":"purely-ceylon-backend-ecosystem","timestamp":"2026-07-08 08:22:34"}
{"level":"info","message":{"ip":"::1","method":"GET","url":"/api/v1/wishlist"},"service":"purely-ceylon-backend-ecosystem","timestamp":"2026-07-08 08:22:35"}
{"level":"info","message":{"ip":"::1","method":"GET","url":"/api/v1/cart"},"service":"purely-ceylon-backend-ecosystem","timestamp":"2026-07-08 08:22:35"}
{"level":"info","message":{"ip":"::1","method":"OPTIONS","url":"/api/v1/cart"},"service":"purely-ceylon-backend-ecosystem","timestamp":"2026-07-08 08:22:35"}
{"level":"info","message":{"ip":"::1","method":"GET","url":"/api/v1/cart"},"service":"purely-ceylon-backend-ecosystem","timestamp":"2026-07-08 08:22:35"}
{"level":"info","message":{"ip":"::1","method":"OPTIONS","url":"/api/v1/wishlist"},"service":"purely-ceylon-backend-ecosystem","timestamp":"2026-07-08 08:22:35"}
{"level":"info","message":{"ip":"::1","method":"GET","url":"/api/v1/wishlist"},"service":"purely-ceylon-backend-ecosystem","timestamp":"2026-07-08 08:22:35"}
{"level":"info","message":{"ip":"::1","method":"OPTIONS","url":"/api/v1/address"},"service":"purely-ceylon-backend-ecosystem","timestamp":"2026-07-08 08:22:35"}
{"level":"info","message":{"ip":"::1","method":"GET","url":"/api/v1/address"},"service":"purely-ceylon-backend-ecosystem","timestamp":"2026-07-08 08:22:35"}
{"level":"info","message":{"ip":"::1","method":"GET","url":"/api/v1/wishlist"},"service":"purely-ceylon-backend-ecosystem","timestamp":"2026-07-08 08:22:35"}
{"level":"info","message":{"ip":"::1","method":"GET","url":"/api/v1/cart"},"service":"purely-ceylon-backend-ecosystem","timestamp":"2026-07-08 08:22:35"}
{"level":"info","message":{"ip":"::1","method":"GET","url":"/api/v1/wishlist"},"service":"purely-ceylon-backend-ecosystem","timestamp":"2026-07-08 08:22:35"}
{"level":"info","message":{"ip":"::1","method":"GET","url":"/api/v1/cart"},"service":"purely-ceylon-backend-ecosystem","timestamp":"2026-07-08 08:22:35"}
{"level":"info","message":{"ip":"::1","method":"GET","url":"/api/v1/address"},"service":"purely-ceylon-backend-ecosystem","timestamp":"2026-07-08 08:22:35"}
{"level":"info","message":{"ip":"::1","method":"GET","url":"/api/v1/wishlist"},"service":"purely-ceylon-backend-ecosystem","timestamp":"2026-07-08 08:22:35"}
{"level":"info","message":{"ip":"::1","method":"GET","url":"/api/v1/cart"},"service":"purely-ceylon-backend-ecosystem","timestamp":"2026-07-08 08:22:35"}
{"level":"info","message":"📧 Processing Email Queue","service":"purely-ceylon-backend-ecosystem","timestamp":"2026-07-08 08:25:00"}
{"level":"info","message":{"ip":"::1","method":"OPTIONS","url":"/api/v1/orders/my-orders"},"service":"purely-ceylon-backend-ecosystem","timestamp":"2026-07-08 08:28:35"}
{"level":"info","message":{"ip":"::1","method":"OPTIONS","url":"/api/v1/address"},"service":"purely-ceylon-backend-ecosystem","timestamp":"2026-07-08 08:28:35"}
{"level":"info","message":{"ip":"::1","method":"OPTIONS","url":"/api/v1/orders/my-orders"},"service":"purely-ceylon-backend-ecosystem","timestamp":"2026-07-08 08:28:35"}
{"level":"info","message":{"ip":"::1","method":"OPTIONS","url":"/api/v1/address"},"service":"purely-ceylon-backend-ecosystem","timestamp":"2026-07-08 08:28:35"}
{"level":"info","message":{"ip":"::1","method":"GET","url":"/api/v1/orders/my-orders"},"service":"purely-ceylon-backend-ecosystem","timestamp":"2026-07-08 08:28:35"}
{"level":"info","message":{"ip":"::1","method":"GET","url":"/api/v1/address"},"service":"purely-ceylon-backend-ecosystem","timestamp":"2026-07-08 08:28:35"}
{"level":"info","message":{"ip":"::1","method":"GET","url":"/api/v1/orders/my-orders"},"service":"purely-ceylon-backend-ecosystem","timestamp":"2026-07-08 08:28:36"}
{"level":"info","message":{"ip":"::1","method":"GET","url":"/api/v1/address"},"service":"purely-ceylon-backend-ecosystem","timestamp":"2026-07-08 08:28:36"}
{"level":"info","message":{"ip":"::1","method":"GET","url":"/api/v1/address"},"service":"purely-ceylon-backend-ecosystem","timestamp":"2026-07-08 08:28:36"}
{"level":"info","message":{"ip":"::1","method":"GET","url":"/api/v1/address"},"service":"purely-ceylon-backend-ecosystem","timestamp":"2026-07-08 08:28:36"}
{"level":"info","message":{"ip":"::1","method":"OPTIONS","url":"/api/v1/cart"},"service":"purely-ceylon-backend-ecosystem","timestamp":"2026-07-08 08:28:56"}
{"level":"info","message":{"ip":"::1","method":"OPTIONS","url":"/api/v1/orders/my-orders"},"service":"purely-ceylon-backend-ecosystem","timestamp":"2026-07-08 08:28:56"}
{"level":"info","message":{"ip":"::1","method":"OPTIONS","url":"/api/v1/wishlist"},"service":"purely-ceylon-backend-ecosystem","timestamp":"2026-07-08 08:28:56"}
{"level":"info","message":{"ip":"::1","method":"OPTIONS","url":"/api/v1/address"},"service":"purely-ceylon-backend-ecosystem","timestamp":"2026-07-08 08:28:56"}
{"level":"info","message":{"ip":"::1","method":"OPTIONS","url":"/api/v1/wishlist"},"service":"purely-ceylon-backend-ecosystem","timestamp":"2026-07-08 08:28:56"}
{"level":"info","message":{"ip":"::1","method":"OPTIONS","url":"/api/v1/cart"},"service":"purely-ceylon-backend-ecosystem","timestamp":"2026-07-08 08:28:56"}
{"level":"info","message":{"ip":"::1","method":"OPTIONS","url":"/api/v1/cart"},"service":"purely-ceylon-backend-ecosystem","timestamp":"2026-07-08 08:28:56"}
{"level":"info","message":{"ip":"::1","method":"OPTIONS","url":"/api/v1/wishlist"},"service":"purely-ceylon-backend-ecosystem","timestamp":"2026-07-08 08:28:56"}
{"level":"info","message":{"ip":"::1","method":"OPTIONS","url":"/api/v1/orders/my-orders"},"service":"purely-ceylon-backend-ecosystem","timestamp":"2026-07-08 08:28:56"}
{"level":"info","message":{"ip":"::1","method":"OPTIONS","url":"/api/v1/address"},"service":"purely-ceylon-backend-ecosystem","timestamp":"2026-07-08 08:28:56"}
{"level":"info","message":{"ip":"::1","method":"OPTIONS","url":"/api/v1/wishlist"},"service":"purely-ceylon-backend-ecosystem","timestamp":"2026-07-08 08:28:56"}
{"level":"info","message":{"ip":"::1","method":"OPTIONS","url":"/api/v1/cart"},"service":"purely-ceylon-backend-ecosystem","timestamp":"2026-07-08 08:28:57"}
{"level":"info","message":{"ip":"::1","method":"GET","url":"/api/v1/cart"},"service":"purely-ceylon-backend-ecosystem","timestamp":"2026-07-08 08:28:57"}
{"level":"info","message":{"ip":"::1","method":"GET","url":"/api/v1/orders/my-orders"},"service":"purely-ceylon-backend-ecosystem","timestamp":"2026-07-08 08:28:57"}
{"level":"info","message":{"ip":"::1","method":"GET","url":"/api/v1/wishlist"},"service":"purely-ceylon-backend-ecosystem","timestamp":"2026-07-08 08:28:58"}
{"level":"info","message":{"ip":"::1","method":"GET","url":"/api/v1/address"},"service":"purely-ceylon-backend-ecosystem","timestamp":"2026-07-08 08:28:58"}
{"level":"info","message":{"ip":"::1","method":"GET","url":"/api/v1/orders/my-orders"},"service":"purely-ceylon-backend-ecosystem","timestamp":"2026-07-08 08:28:58"}
{"level":"info","message":{"ip":"::1","method":"GET","url":"/api/v1/address"},"service":"purely-ceylon-backend-ecosystem","timestamp":"2026-07-08 08:28:59"}
{"level":"info","message":{"ip":"::1","method":"GET","url":"/api/v1/cart"},"service":"purely-ceylon-backend-ecosystem","timestamp":"2026-07-08 08:28:59"}
{"level":"info","message":{"ip":"::1","method":"GET","url":"/api/v1/wishlist"},"service":"purely-ceylon-backend-ecosystem","timestamp":"2026-07-08 08:28:59"}
{"level":"info","message":{"ip":"::1","method":"GET","url":"/api/v1/address"},"service":"purely-ceylon-backend-ecosystem","timestamp":"2026-07-08 08:28:59"}
{"level":"info","message":{"ip":"::1","method":"GET","url":"/api/v1/wishlist"},"service":"purely-ceylon-backend-ecosystem","timestamp":"2026-07-08 08:28:59"}
{"level":"info","message":{"ip":"::1","method":"GET","url":"/api/v1/cart"},"service":"purely-ceylon-backend-ecosystem","timestamp":"2026-07-08 08:28:59"}
{"level":"info","message":{"ip":"::1","method":"GET","url":"/api/v1/address"},"service":"purely-ceylon-backend-ecosystem","timestamp":"2026-07-08 08:28:59"}
{"level":"info","message":{"ip":"::1","method":"GET","url":"/api/v1/wishlist"},"service":"purely-ceylon-backend-ecosystem","timestamp":"2026-07-08 08:28:59"}
{"level":"info","message":{"ip":"::1","method":"GET","url":"/api/v1/cart"},"service":"purely-ceylon-backend-ecosystem","timestamp":"2026-07-08 08:28:59"}
{"level":"info","message":{"ip":"::1","method":"OPTIONS","url":"/api/v1/orders/my-orders"},"service":"purely-ceylon-backend-ecosystem","timestamp":"2026-07-08 08:29:03"}
{"level":"info","message":{"ip":"::1","method":"OPTIONS","url":"/api/v1/address"},"service":"purely-ceylon-backend-ecosystem","timestamp":"2026-07-08 08:29:03"}
{"level":"info","message":{"ip":"::1","method":"OPTIONS","url":"/api/v1/orders/my-orders"},"service":"purely-ceylon-backend-ecosystem","timestamp":"2026-07-08 08:29:03"}
{"level":"info","message":{"ip":"::1","method":"OPTIONS","url":"/api/v1/address"},"service":"purely-ceylon-backend-ecosystem","timestamp":"2026-07-08 08:29:03"}
{"level":"info","message":{"ip":"::1","method":"GET","url":"/api/v1/orders/my-orders"},"service":"purely-ceylon-backend-ecosystem","timestamp":"2026-07-08 08:29:03"}
{"level":"info","message":{"ip":"::1","method":"GET","url":"/api/v1/address"},"service":"purely-ceylon-backend-ecosystem","timestamp":"2026-07-08 08:29:03"}
{"level":"info","message":{"ip":"::1","method":"GET","url":"/api/v1/address"},"service":"purely-ceylon-backend-ecosystem","timestamp":"2026-07-08 08:29:03"}
{"level":"info","message":{"ip":"::1","method":"GET","url":"/api/v1/orders/my-orders"},"service":"purely-ceylon-backend-ecosystem","timestamp":"2026-07-08 08:29:03"}
{"level":"info","message":{"ip":"::1","method":"GET","url":"/api/v1/address"},"service":"purely-ceylon-backend-ecosystem","timestamp":"2026-07-08 08:29:03"}
{"level":"info","message":{"ip":"::1","method":"GET","url":"/api/v1/address"},"service":"purely-ceylon-backend-ecosystem","timestamp":"2026-07-08 08:29:03"}
{"level":"info","message":{"ip":"::1","method":"OPTIONS","url":"/api/v1/cart"},"service":"purely-ceylon-backend-ecosystem","timestamp":"2026-07-08 08:29:19"}
{"level":"info","message":{"ip":"::1","method":"OPTIONS","url":"/api/v1/cart"},"service":"purely-ceylon-backend-ecosystem","timestamp":"2026-07-08 08:29:20"}
{"level":"info","message":{"ip":"::1","method":"OPTIONS","url":"/api/v1/wishlist"},"service":"purely-ceylon-backend-ecosystem","timestamp":"2026-07-08 08:29:20"}
{"level":"info","message":{"ip":"::1","method":"OPTIONS","url":"/api/v1/wishlist"},"service":"purely-ceylon-backend-ecosystem","timestamp":"2026-07-08 08:29:20"}
{"level":"info","message":{"ip":"::1","method":"OPTIONS","url":"/api/v1/orders/my-orders"},"service":"purely-ceylon-backend-ecosystem","timestamp":"2026-07-08 08:29:20"}
{"level":"info","message":{"ip":"::1","method":"OPTIONS","url":"/api/v1/address"},"service":"purely-ceylon-backend-ecosystem","timestamp":"2026-07-08 08:29:20"}
{"level":"info","message":{"ip":"::1","method":"OPTIONS","url":"/api/v1/wishlist"},"service":"purely-ceylon-backend-ecosystem","timestamp":"2026-07-08 08:29:20"}
{"level":"info","message":{"ip":"::1","method":"OPTIONS","url":"/api/v1/cart"},"service":"purely-ceylon-backend-ecosystem","timestamp":"2026-07-08 08:29:20"}
{"level":"info","message":{"ip":"::1","method":"OPTIONS","url":"/api/v1/orders/my-orders"},"service":"purely-ceylon-backend-ecosystem","timestamp":"2026-07-08 08:29:20"}
{"level":"info","message":{"ip":"::1","method":"OPTIONS","url":"/api/v1/address"},"service":"purely-ceylon-backend-ecosystem","timestamp":"2026-07-08 08:29:20"}
{"level":"info","message":{"ip":"::1","method":"OPTIONS","url":"/api/v1/wishlist"},"service":"purely-ceylon-backend-ecosystem","timestamp":"2026-07-08 08:29:20"}
{"level":"info","message":{"ip":"::1","method":"OPTIONS","url":"/api/v1/cart"},"service":"purely-ceylon-backend-ecosystem","timestamp":"2026-07-08 08:29:20"}
{"level":"info","message":{"ip":"::1","method":"GET","url":"/api/v1/cart"},"service":"purely-ceylon-backend-ecosystem","timestamp":"2026-07-08 08:29:20"}
{"level":"info","message":{"ip":"::1","method":"GET","url":"/api/v1/wishlist"},"service":"purely-ceylon-backend-ecosystem","timestamp":"2026-07-08 08:29:21"}
{"level":"info","message":{"ip":"::1","method":"GET","url":"/api/v1/orders/my-orders"},"service":"purely-ceylon-backend-ecosystem","timestamp":"2026-07-08 08:29:21"}
{"level":"info","message":{"ip":"::1","method":"GET","url":"/api/v1/address"},"service":"purely-ceylon-backend-ecosystem","timestamp":"2026-07-08 08:29:21"}
{"level":"info","message":{"ip":"::1","method":"GET","url":"/api/v1/wishlist"},"service":"purely-ceylon-backend-ecosystem","timestamp":"2026-07-08 08:29:22"}
{"level":"info","message":{"ip":"::1","method":"GET","url":"/api/v1/orders/my-orders"},"service":"purely-ceylon-backend-ecosystem","timestamp":"2026-07-08 08:29:22"}
{"level":"info","message":{"ip":"::1","method":"GET","url":"/api/v1/address"},"service":"purely-ceylon-backend-ecosystem","timestamp":"2026-07-08 08:29:22"}
{"level":"info","message":{"ip":"::1","method":"GET","url":"/api/v1/cart"},"service":"purely-ceylon-backend-ecosystem","timestamp":"2026-07-08 08:29:22"}
{"level":"info","message":{"ip":"::1","method":"GET","url":"/api/v1/wishlist"},"service":"purely-ceylon-backend-ecosystem","timestamp":"2026-07-08 08:29:22"}
{"level":"info","message":{"ip":"::1","method":"GET","url":"/api/v1/address"},"service":"purely-ceylon-backend-ecosystem","timestamp":"2026-07-08 08:29:22"}
{"level":"info","message":{"ip":"::1","method":"GET","url":"/api/v1/wishlist"},"service":"purely-ceylon-backend-ecosystem","timestamp":"2026-07-08 08:29:23"}
{"level":"info","message":{"ip":"::1","method":"GET","url":"/api/v1/cart"},"service":"purely-ceylon-backend-ecosystem","timestamp":"2026-07-08 08:29:23"}
{"level":"info","message":{"ip":"::1","method":"GET","url":"/api/v1/address"},"service":"purely-ceylon-backend-ecosystem","timestamp":"2026-07-08 08:29:23"}
{"level":"info","message":{"ip":"::1","method":"GET","url":"/api/v1/cart"},"service":"purely-ceylon-backend-ecosystem","timestamp":"2026-07-08 08:29:23"}
{"level":"info","message":"📧 Processing Email Queue","service":"purely-ceylon-backend-ecosystem","timestamp":"2026-07-08 08:30:00"}
{"level":"info","message":"Gracefully shutting down...","service":"purely-ceylon-backend-ecosystem","timestamp":"2026-07-08 08:30:24"}
{"level":"info","message":"✅ All Background Jobs Started Successfully","service":"purely-ceylon-backend-ecosystem","timestamp":"2026-07-08 08:37:13"}
{"level":"info","message":"Server running on 5000","service":"purely-ceylon-backend-ecosystem","timestamp":"2026-07-08 08:37:13"}
{"level":"info","message":{"ip":"::1","method":"OPTIONS","url":"/api/v1/address"},"service":"purely-ceylon-backend-ecosystem","timestamp":"2026-07-08 08:37:26"}
{"level":"info","message":{"ip":"::1","method":"POST","url":"/api/v1/address"},"service":"purely-ceylon-backend-ecosystem","timestamp":"2026-07-08 08:37:26"}
{"level":"info","message":{"ip":"::1","method":"OPTIONS","url":"/api/v1/cart"},"service":"purely-ceylon-backend-ecosystem","timestamp":"2026-07-08 08:37:39"}
{"level":"info","message":{"ip":"::1","method":"OPTIONS","url":"/api/v1/wishlist"},"service":"purely-ceylon-backend-ecosystem","timestamp":"2026-07-08 08:37:40"}
{"level":"info","message":{"ip":"::1","method":"OPTIONS","url":"/api/v1/address"},"service":"purely-ceylon-backend-ecosystem","timestamp":"2026-07-08 08:37:40"}
{"level":"info","message":{"ip":"::1","method":"OPTIONS","url":"/api/v1/wishlist"},"service":"purely-ceylon-backend-ecosystem","timestamp":"2026-07-08 08:37:41"}
{"level":"info","message":{"ip":"::1","method":"OPTIONS","url":"/api/v1/cart"},"service":"purely-ceylon-backend-ecosystem","timestamp":"2026-07-08 08:37:42"}
{"level":"info","message":{"ip":"::ffff:127.0.0.1","method":"OPTIONS","url":"/api/v1/cart"},"service":"purely-ceylon-backend-ecosystem","timestamp":"2026-07-08 08:37:42"}
{"level":"info","message":{"ip":"::1","method":"OPTIONS","url":"/api/v1/cart"},"service":"purely-ceylon-backend-ecosystem","timestamp":"2026-07-08 08:37:42"}
{"level":"info","message":{"ip":"::ffff:127.0.0.1","method":"OPTIONS","url":"/api/v1/wishlist"},"service":"purely-ceylon-backend-ecosystem","timestamp":"2026-07-08 08:37:43"}
{"level":"info","message":{"ip":"::ffff:127.0.0.1","method":"OPTIONS","url":"/api/v1/address"},"service":"purely-ceylon-backend-ecosystem","timestamp":"2026-07-08 08:37:43"}
{"level":"info","message":{"ip":"::ffff:127.0.0.1","method":"OPTIONS","url":"/api/v1/wishlist"},"service":"purely-ceylon-backend-ecosystem","timestamp":"2026-07-08 08:37:43"}
{"level":"info","message":{"ip":"::1","method":"OPTIONS","url":"/api/v1/cart"},"service":"purely-ceylon-backend-ecosystem","timestamp":"2026-07-08 08:37:43"}
{"level":"info","message":{"ip":"::1","method":"OPTIONS","url":"/api/v1/wishlist"},"service":"purely-ceylon-backend-ecosystem","timestamp":"2026-07-08 08:37:43"}
{"level":"info","message":{"ip":"::1","method":"OPTIONS","url":"/api/v1/address"},"service":"purely-ceylon-backend-ecosystem","timestamp":"2026-07-08 08:37:43"}
{"level":"info","message":{"ip":"::1","method":"OPTIONS","url":"/api/v1/orders/my-orders"},"service":"purely-ceylon-backend-ecosystem","timestamp":"2026-07-08 08:37:43"}
{"level":"info","message":{"ip":"::1","method":"OPTIONS","url":"/api/v1/wishlist"},"service":"purely-ceylon-backend-ecosystem","timestamp":"2026-07-08 08:37:44"}
{"level":"info","message":{"ip":"::1","method":"OPTIONS","url":"/api/v1/cart"},"service":"purely-ceylon-backend-ecosystem","timestamp":"2026-07-08 08:37:44"}
{"level":"info","message":{"ip":"::1","method":"GET","url":"/api/v1/cart"},"service":"purely-ceylon-backend-ecosystem","timestamp":"2026-07-08 08:37:44"}
{"level":"info","message":{"ip":"::1","method":"GET","url":"/api/v1/wishlist"},"service":"purely-ceylon-backend-ecosystem","timestamp":"2026-07-08 08:37:44"}
{"level":"info","message":{"ip":"::1","method":"GET","url":"/api/v1/address"},"service":"purely-ceylon-backend-ecosystem","timestamp":"2026-07-08 08:37:44"}
{"level":"info","message":{"ip":"::1","method":"OPTIONS","url":"/api/v1/cart"},"service":"purely-ceylon-backend-ecosystem","timestamp":"2026-07-08 08:37:44"}
{"level":"info","message":{"ip":"::1","method":"OPTIONS","url":"/api/v1/wishlist"},"service":"purely-ceylon-backend-ecosystem","timestamp":"2026-07-08 08:37:44"}
{"level":"info","message":{"ip":"::1","method":"OPTIONS","url":"/api/v1/orders/my-orders"},"service":"purely-ceylon-backend-ecosystem","timestamp":"2026-07-08 08:37:44"}
{"level":"info","message":{"ip":"::1","method":"OPTIONS","url":"/api/v1/address"},"service":"purely-ceylon-backend-ecosystem","timestamp":"2026-07-08 08:37:44"}
{"level":"info","message":{"ip":"::1","method":"OPTIONS","url":"/api/v1/wishlist"},"service":"purely-ceylon-backend-ecosystem","timestamp":"2026-07-08 08:37:44"}
{"level":"info","message":{"ip":"::1","method":"OPTIONS","url":"/api/v1/cart"},"service":"purely-ceylon-backend-ecosystem","timestamp":"2026-07-08 08:37:44"}
{"level":"info","message":{"ip":"::1","method":"GET","url":"/api/v1/cart"},"service":"purely-ceylon-backend-ecosystem","timestamp":"2026-07-08 08:37:44"}
{"level":"info","message":{"ip":"::1","method":"GET","url":"/api/v1/wishlist"},"service":"purely-ceylon-backend-ecosystem","timestamp":"2026-07-08 08:37:45"}
{"level":"info","message":{"ip":"::1","method":"GET","url":"/api/v1/address"},"service":"purely-ceylon-backend-ecosystem","timestamp":"2026-07-08 08:37:45"}
{"level":"info","message":{"ip":"::1","method":"GET","url":"/api/v1/orders/my-orders"},"service":"purely-ceylon-backend-ecosystem","timestamp":"2026-07-08 08:37:45"}
{"level":"info","message":{"ip":"::ffff:127.0.0.1","method":"OPTIONS","url":"/api/v1/address"},"service":"purely-ceylon-backend-ecosystem","timestamp":"2026-07-08 08:37:46"}
{"level":"info","message":{"ip":"::1","method":"GET","url":"/api/v1/address"},"service":"purely-ceylon-backend-ecosystem","timestamp":"2026-07-08 08:37:46"}
{"level":"info","message":{"ip":"::1","method":"POST","url":"/api/v1/address"},"service":"purely-ceylon-backend-ecosystem","timestamp":"2026-07-08 08:37:46"}
{"level":"info","message":{"ip":"::1","method":"GET","url":"/api/v1/address"},"service":"purely-ceylon-backend-ecosystem","timestamp":"2026-07-08 08:37:46"}
{"level":"info","message":{"ip":"::1","method":"GET","url":"/api/v1/wishlist"},"service":"purely-ceylon-backend-ecosystem","timestamp":"2026-07-08 08:37:46"}
{"level":"info","message":{"ip":"::1","method":"GET","url":"/api/v1/wishlist"},"service":"purely-ceylon-backend-ecosystem","timestamp":"2026-07-08 08:37:47"}
{"level":"info","message":{"ip":"::1","method":"GET","url":"/api/v1/cart"},"service":"purely-ceylon-backend-ecosystem","timestamp":"2026-07-08 08:37:48"}
{"level":"info","message":{"ip":"::1","method":"GET","url":"/api/v1/wishlist"},"service":"purely-ceylon-backend-ecosystem","timestamp":"2026-07-08 08:37:50"}
{"level":"info","message":{"ip":"::1","method":"GET","url":"/api/v1/orders/my-orders"},"service":"purely-ceylon-backend-ecosystem","timestamp":"2026-07-08 08:37:50"}
{"level":"info","message":{"ip":"::1","method":"GET","url":"/api/v1/cart"},"service":"purely-ceylon-backend-ecosystem","timestamp":"2026-07-08 08:37:51"}
{"level":"info","message":{"ip":"::1","method":"GET","url":"/api/v1/wishlist"},"service":"purely-ceylon-backend-ecosystem","timestamp":"2026-07-08 08:37:51"}
{"level":"info","message":{"ip":"::1","method":"GET","url":"/api/v1/cart"},"service":"purely-ceylon-backend-ecosystem","timestamp":"2026-07-08 08:37:51"}
{"level":"info","message":{"ip":"::1","method":"GET","url":"/api/v1/wishlist"},"service":"purely-ceylon-backend-ecosystem","timestamp":"2026-07-08 08:37:51"}
{"level":"info","message":{"ip":"::1","method":"OPTIONS","url":"/api/v1/address"},"service":"purely-ceylon-backend-ecosystem","timestamp":"2026-07-08 08:37:57"}
{"level":"info","message":{"ip":"::1","method":"GET","url":"/api/v1/address"},"service":"purely-ceylon-backend-ecosystem","timestamp":"2026-07-08 08:37:57"}
{"level":"info","message":{"ip":"::1","method":"GET","url":"/api/v1/address"},"service":"purely-ceylon-backend-ecosystem","timestamp":"2026-07-08 08:37:57"}
{"level":"info","message":"📧 Processing Email Queue","service":"purely-ceylon-backend-ecosystem","timestamp":"2026-07-08 08:40:00"}
{"level":"info","message":"Gracefully shutting down...","service":"purely-ceylon-backend-ecosystem","timestamp":"2026-07-08 08:40:53"}
{"level":"info","message":"✅ All Background Jobs Started Successfully","service":"purely-ceylon-backend-ecosystem","timestamp":"2026-07-08 08:44:16"}
{"level":"info","message":"Server running on 5000","service":"purely-ceylon-backend-ecosystem","timestamp":"2026-07-08 08:44:16"}
{"level":"info","message":{"ip":"::1","method":"OPTIONS","url":"/api/v1/cart"},"service":"purely-ceylon-backend-ecosystem","timestamp":"2026-07-08 08:44:19"}
{"level":"info","message":{"ip":"::1","method":"OPTIONS","url":"/api/v1/wishlist"},"service":"purely-ceylon-backend-ecosystem","timestamp":"2026-07-08 08:44:20"}
{"level":"info","message":{"ip":"::1","method":"OPTIONS","url":"/api/v1/address"},"service":"purely-ceylon-backend-ecosystem","timestamp":"2026-07-08 08:44:20"}
{"level":"info","message":{"ip":"::1","method":"OPTIONS","url":"/api/v1/cart"},"service":"purely-ceylon-backend-ecosystem","timestamp":"2026-07-08 08:44:20"}
{"level":"info","message":{"ip":"::1","method":"OPTIONS","url":"/api/v1/wishlist"},"service":"purely-ceylon-backend-ecosystem","timestamp":"2026-07-08 08:44:20"}
{"level":"info","message":{"ip":"::1","method":"OPTIONS","url":"/api/v1/cart"},"service":"purely-ceylon-backend-ecosystem","timestamp":"2026-07-08 08:44:21"}
{"level":"info","message":{"ip":"::1","method":"OPTIONS","url":"/api/v1/wishlist"},"service":"purely-ceylon-backend-ecosystem","timestamp":"2026-07-08 08:44:21"}
{"level":"info","message":{"ip":"::1","method":"OPTIONS","url":"/api/v1/address"},"service":"purely-ceylon-backend-ecosystem","timestamp":"2026-07-08 08:44:21"}
{"level":"info","message":{"ip":"::1","method":"OPTIONS","url":"/api/v1/wishlist"},"service":"purely-ceylon-backend-ecosystem","timestamp":"2026-07-08 08:44:22"}
{"level":"info","message":{"ip":"::1","method":"OPTIONS","url":"/api/v1/cart"},"service":"purely-ceylon-backend-ecosystem","timestamp":"2026-07-08 08:44:22"}
{"level":"info","message":{"ip":"::1","method":"GET","url":"/api/v1/cart"},"service":"purely-ceylon-backend-ecosystem","timestamp":"2026-07-08 08:44:22"}
{"level":"info","message":{"ip":"::1","method":"GET","url":"/api/v1/wishlist"},"service":"purely-ceylon-backend-ecosystem","timestamp":"2026-07-08 08:44:23"}
{"level":"info","message":{"ip":"::1","method":"GET","url":"/api/v1/address"},"service":"purely-ceylon-backend-ecosystem","timestamp":"2026-07-08 08:44:23"}
{"level":"info","message":{"ip":"::1","method":"GET","url":"/api/v1/wishlist"},"service":"purely-ceylon-backend-ecosystem","timestamp":"2026-07-08 08:44:23"}
{"level":"info","message":{"ip":"::1","method":"GET","url":"/api/v1/wishlist"},"service":"purely-ceylon-backend-ecosystem","timestamp":"2026-07-08 08:44:23"}
{"level":"info","message":{"ip":"::1","method":"GET","url":"/api/v1/address"},"service":"purely-ceylon-backend-ecosystem","timestamp":"2026-07-08 08:44:23"}
{"level":"info","message":{"ip":"::1","method":"GET","url":"/api/v1/cart"},"service":"purely-ceylon-backend-ecosystem","timestamp":"2026-07-08 08:44:23"}
{"level":"info","message":{"ip":"::1","method":"GET","url":"/api/v1/wishlist"},"service":"purely-ceylon-backend-ecosystem","timestamp":"2026-07-08 08:44:24"}
{"level":"info","message":{"ip":"::1","method":"GET","url":"/api/v1/cart"},"service":"purely-ceylon-backend-ecosystem","timestamp":"2026-07-08 08:44:24"}
{"level":"info","message":{"ip":"::1","method":"GET","url":"/api/v1/cart"},"service":"purely-ceylon-backend-ecosystem","timestamp":"2026-07-08 08:44:24"}
{"level":"info","message":{"ip":"::1","method":"OPTIONS","url":"/api/v1/address"},"service":"purely-ceylon-backend-ecosystem","timestamp":"2026-07-08 08:44:32"}
{"level":"info","message":{"ip":"::1","method":"POST","url":"/api/v1/address"},"service":"purely-ceylon-backend-ecosystem","timestamp":"2026-07-08 08:44:32"}
{"level":"info","message":"📧 Processing Email Queue","service":"purely-ceylon-backend-ecosystem","timestamp":"2026-07-08 08:45:00"}
{"level":"info","message":"✅ All Background Jobs Started Successfully","service":"purely-ceylon-backend-ecosystem","timestamp":"2026-07-08 08:48:10"}
{"level":"info","message":"Server running on 5000","service":"purely-ceylon-backend-ecosystem","timestamp":"2026-07-08 08:48:10"}
{"level":"info","message":{"ip":"::1","method":"OPTIONS","url":"/api/v1/cart"},"service":"purely-ceylon-backend-ecosystem","timestamp":"2026-07-08 08:48:15"}
{"level":"info","message":{"ip":"::1","method":"OPTIONS","url":"/api/v1/wishlist"},"service":"purely-ceylon-backend-ecosystem","timestamp":"2026-07-08 08:48:16"}
{"level":"info","message":{"ip":"::1","method":"OPTIONS","url":"/api/v1/address"},"service":"purely-ceylon-backend-ecosystem","timestamp":"2026-07-08 08:48:16"}
{"level":"info","message":{"ip":"::1","method":"OPTIONS","url":"/api/v1/wishlist"},"service":"purely-ceylon-backend-ecosystem","timestamp":"2026-07-08 08:48:18"}
{"level":"info","message":{"ip":"::1","method":"OPTIONS","url":"/api/v1/cart"},"service":"purely-ceylon-backend-ecosystem","timestamp":"2026-07-08 08:48:18"}
{"level":"info","message":{"ip":"::1","method":"OPTIONS","url":"/api/v1/cart"},"service":"purely-ceylon-backend-ecosystem","timestamp":"2026-07-08 08:48:18"}
{"level":"info","message":{"ip":"::1","method":"OPTIONS","url":"/api/v1/wishlist"},"service":"purely-ceylon-backend-ecosystem","timestamp":"2026-07-08 08:48:18"}
{"level":"info","message":{"ip":"::1","method":"OPTIONS","url":"/api/v1/address"},"service":"purely-ceylon-backend-ecosystem","timestamp":"2026-07-08 08:48:18"}
{"level":"info","message":{"ip":"::1","method":"OPTIONS","url":"/api/v1/wishlist"},"service":"purely-ceylon-backend-ecosystem","timestamp":"2026-07-08 08:48:18"}
{"level":"info","message":{"ip":"::1","method":"OPTIONS","url":"/api/v1/cart"},"service":"purely-ceylon-backend-ecosystem","timestamp":"2026-07-08 08:48:19"}
{"level":"info","message":{"ip":"::1","method":"GET","url":"/api/v1/cart"},"service":"purely-ceylon-backend-ecosystem","timestamp":"2026-07-08 08:48:19"}
{"level":"info","message":{"ip":"::1","method":"GET","url":"/api/v1/wishlist"},"service":"purely-ceylon-backend-ecosystem","timestamp":"2026-07-08 08:48:19"}
{"level":"info","message":{"ip":"::1","method":"GET","url":"/api/v1/address"},"service":"purely-ceylon-backend-ecosystem","timestamp":"2026-07-08 08:48:20"}
{"level":"info","message":{"ip":"::1","method":"GET","url":"/api/v1/wishlist"},"service":"purely-ceylon-backend-ecosystem","timestamp":"2026-07-08 08:48:20"}
{"level":"info","message":{"ip":"::1","method":"GET","url":"/api/v1/cart"},"service":"purely-ceylon-backend-ecosystem","timestamp":"2026-07-08 08:48:20"}
{"level":"info","message":{"ip":"::1","method":"GET","url":"/api/v1/wishlist"},"service":"purely-ceylon-backend-ecosystem","timestamp":"2026-07-08 08:48:20"}
{"level":"info","message":{"ip":"::1","method":"GET","url":"/api/v1/cart"},"service":"purely-ceylon-backend-ecosystem","timestamp":"2026-07-08 08:48:20"}
{"level":"info","message":{"ip":"::1","method":"GET","url":"/api/v1/address"},"service":"purely-ceylon-backend-ecosystem","timestamp":"2026-07-08 08:48:20"}
{"level":"info","message":{"ip":"::1","method":"GET","url":"/api/v1/wishlist"},"service":"purely-ceylon-backend-ecosystem","timestamp":"2026-07-08 08:48:21"}
{"level":"info","message":{"ip":"::1","method":"GET","url":"/api/v1/cart"},"service":"purely-ceylon-backend-ecosystem","timestamp":"2026-07-08 08:48:21"}
{"level":"info","message":{"ip":"::1","method":"OPTIONS","url":"/api/v1/address"},"service":"purely-ceylon-backend-ecosystem","timestamp":"2026-07-08 08:48:22"}
{"level":"info","message":{"ip":"::1","method":"POST","url":"/api/v1/address"},"service":"purely-ceylon-backend-ecosystem","timestamp":"2026-07-08 08:48:22"}
{"level":"info","message":"📧 Processing Email Queue","service":"purely-ceylon-backend-ecosystem","timestamp":"2026-07-08 08:50:00"}
{"level":"info","message":"✅ All Background Jobs Started Successfully","service":"purely-ceylon-backend-ecosystem","timestamp":"2026-07-08 08:50:43"}
{"level":"info","message":"Server running on 5000","service":"purely-ceylon-backend-ecosystem","timestamp":"2026-07-08 08:50:45"}
{"level":"info","message":{"ip":"::1","method":"OPTIONS","url":"/api/v1/cart"},"service":"purely-ceylon-backend-ecosystem","timestamp":"2026-07-08 08:50:49"}
{"level":"info","message":{"ip":"::1","method":"OPTIONS","url":"/api/v1/wishlist"},"service":"purely-ceylon-backend-ecosystem","timestamp":"2026-07-08 08:50:49"}
{"level":"info","message":{"ip":"::1","method":"OPTIONS","url":"/api/v1/address"},"service":"purely-ceylon-backend-ecosystem","timestamp":"2026-07-08 08:50:49"}
{"level":"info","message":{"ip":"::1","method":"OPTIONS","url":"/api/v1/cart"},"service":"purely-ceylon-backend-ecosystem","timestamp":"2026-07-08 08:50:49"}
{"level":"info","message":{"ip":"::1","method":"OPTIONS","url":"/api/v1/cart"},"service":"purely-ceylon-backend-ecosystem","timestamp":"2026-07-08 08:50:49"}
{"level":"info","message":{"ip":"::1","method":"OPTIONS","url":"/api/v1/wishlist"},"service":"purely-ceylon-backend-ecosystem","timestamp":"2026-07-08 08:50:49"}
{"level":"info","message":{"ip":"::1","method":"OPTIONS","url":"/api/v1/wishlist"},"service":"purely-ceylon-backend-ecosystem","timestamp":"2026-07-08 08:50:49"}
{"level":"info","message":{"ip":"::1","method":"OPTIONS","url":"/api/v1/address"},"service":"purely-ceylon-backend-ecosystem","timestamp":"2026-07-08 08:50:49"}
{"level":"info","message":{"ip":"::1","method":"OPTIONS","url":"/api/v1/wishlist"},"service":"purely-ceylon-backend-ecosystem","timestamp":"2026-07-08 08:50:49"}
{"level":"info","message":{"ip":"::1","method":"OPTIONS","url":"/api/v1/cart"},"service":"purely-ceylon-backend-ecosystem","timestamp":"2026-07-08 08:50:49"}
{"level":"info","message":{"ip":"::1","method":"GET","url":"/api/v1/cart"},"service":"purely-ceylon-backend-ecosystem","timestamp":"2026-07-08 08:50:49"}
{"level":"info","message":{"ip":"::1","method":"GET","url":"/api/v1/wishlist"},"service":"purely-ceylon-backend-ecosystem","timestamp":"2026-07-08 08:50:50"}
{"level":"info","message":{"ip":"::1","method":"GET","url":"/api/v1/address"},"service":"purely-ceylon-backend-ecosystem","timestamp":"2026-07-08 08:50:50"}
{"level":"info","message":{"ip":"::1","method":"GET","url":"/api/v1/wishlist"},"service":"purely-ceylon-backend-ecosystem","timestamp":"2026-07-08 08:50:50"}
{"level":"info","message":{"ip":"::1","method":"GET","url":"/api/v1/cart"},"service":"purely-ceylon-backend-ecosystem","timestamp":"2026-07-08 08:50:50"}
{"level":"info","message":{"ip":"::1","method":"GET","url":"/api/v1/wishlist"},"service":"purely-ceylon-backend-ecosystem","timestamp":"2026-07-08 08:50:50"}
{"level":"info","message":{"ip":"::1","method":"GET","url":"/api/v1/cart"},"service":"purely-ceylon-backend-ecosystem","timestamp":"2026-07-08 08:50:50"}
{"level":"info","message":{"ip":"::1","method":"GET","url":"/api/v1/address"},"service":"purely-ceylon-backend-ecosystem","timestamp":"2026-07-08 08:50:50"}
{"level":"info","message":{"ip":"::1","method":"GET","url":"/api/v1/wishlist"},"service":"purely-ceylon-backend-ecosystem","timestamp":"2026-07-08 08:50:50"}
{"level":"info","message":{"ip":"::1","method":"GET","url":"/api/v1/cart"},"service":"purely-ceylon-backend-ecosystem","timestamp":"2026-07-08 08:50:51"}
{"level":"info","message":"Gracefully shutting down...","service":"purely-ceylon-backend-ecosystem","timestamp":"2026-07-08 08:51:16"}
{"level":"info","message":"✅ All Background Jobs Started Successfully","service":"purely-ceylon-backend-ecosystem","timestamp":"2026-07-08 08:51:30"}
{"level":"info","message":"Server running on 5000","service":"purely-ceylon-backend-ecosystem","timestamp":"2026-07-08 08:51:30"}
{"level":"info","message":{"ip":"::1","method":"OPTIONS","url":"/api/v1/address"},"service":"purely-ceylon-backend-ecosystem","timestamp":"2026-07-08 08:51:39"}
{"level":"info","message":{"ip":"::1","method":"POST","url":"/api/v1/address"},"service":"purely-ceylon-backend-ecosystem","timestamp":"2026-07-08 08:51:39"}
{"level":"info","message":{"ip":"::1","method":"OPTIONS","url":"/api/v1/address"},"service":"purely-ceylon-backend-ecosystem","timestamp":"2026-07-08 08:52:42"}
{"level":"info","message":{"ip":"::1","method":"POST","url":"/api/v1/address"},"service":"purely-ceylon-backend-ecosystem","timestamp":"2026-07-08 08:52:42"}
{"level":"info","message":{"ip":"::1","method":"OPTIONS","url":"/api/v1/auth/login"},"service":"purely-ceylon-backend-ecosystem","timestamp":"2026-07-08 08:54:14"}
{"level":"info","message":{"ip":"::1","method":"POST","url":"/api/v1/auth/login"},"service":"purely-ceylon-backend-ecosystem","timestamp":"2026-07-08 08:54:14"}
{"level":"warn","message":{"email":"musab.nawfer@gmail.com","event":"LOGIN_FAILED"},"service":"purely-ceylon-backend-ecosystem","timestamp":"2026-07-08 08:54:14"}
{"level":"info","message":{"ip":"::1","method":"OPTIONS","url":"/api/v1/auth/login"},"service":"purely-ceylon-backend-ecosystem","timestamp":"2026-07-08 08:54:24"}
{"level":"info","message":{"ip":"::1","method":"POST","url":"/api/v1/auth/login"},"service":"purely-ceylon-backend-ecosystem","timestamp":"2026-07-08 08:54:24"}
{"level":"warn","message":{"email":"musab.nawfer@gmail.com","event":"LOGIN_FAILED"},"service":"purely-ceylon-backend-ecosystem","timestamp":"2026-07-08 08:54:24"}
{"level":"info","message":{"ip":"::1","method":"OPTIONS","url":"/api/v1/auth/register"},"service":"purely-ceylon-backend-ecosystem","timestamp":"2026-07-08 08:54:42"}
{"level":"info","message":{"ip":"::1","method":"POST","url":"/api/v1/auth/register"},"service":"purely-ceylon-backend-ecosystem","timestamp":"2026-07-08 08:54:42"}
{"level":"info","message":"📧 Processing Email Queue","service":"purely-ceylon-backend-ecosystem","timestamp":"2026-07-08 08:55:00"}
{"level":"info","message":{"ip":"::1","method":"OPTIONS","url":"/api/v1/auth/verify-otp"},"service":"purely-ceylon-backend-ecosystem","timestamp":"2026-07-08 08:56:07"}
{"level":"info","message":{"ip":"::1","method":"POST","url":"/api/v1/auth/verify-otp"},"service":"purely-ceylon-backend-ecosystem","timestamp":"2026-07-08 08:56:07"}
{"level":"info","message":{"ip":"::1","method":"OPTIONS","url":"/api/v1/auth/login"},"service":"purely-ceylon-backend-ecosystem","timestamp":"2026-07-08 08:56:16"}
{"level":"info","message":{"ip":"::1","method":"POST","url":"/api/v1/auth/login"},"service":"purely-ceylon-backend-ecosystem","timestamp":"2026-07-08 08:56:16"}
{"level":"info","message":{"email":"musabhafiz995@gmail.com","event":"LOGIN_SUCCESS"},"service":"purely-ceylon-backend-ecosystem","timestamp":"2026-07-08 08:56:17"}
{"level":"info","message":{"ip":"::1","method":"OPTIONS","url":"/api/v1/cart"},"service":"purely-ceylon-backend-ecosystem","timestamp":"2026-07-08 08:56:19"}
{"level":"info","message":{"ip":"::1","method":"OPTIONS","url":"/api/v1/wishlist"},"service":"purely-ceylon-backend-ecosystem","timestamp":"2026-07-08 08:56:19"}
{"level":"info","message":{"ip":"::1","method":"OPTIONS","url":"/api/v1/categories"},"service":"purely-ceylon-backend-ecosystem","timestamp":"2026-07-08 08:56:19"}
{"level":"info","message":{"ip":"::1","method":"OPTIONS","url":"/api/v1/categories"},"service":"purely-ceylon-backend-ecosystem","timestamp":"2026-07-08 08:56:19"}
{"level":"info","message":{"ip":"::1","method":"OPTIONS","url":"/api/v1/products"},"service":"purely-ceylon-backend-ecosystem","timestamp":"2026-07-08 08:56:19"}
{"level":"info","message":{"ip":"::1","method":"OPTIONS","url":"/api/v1/products"},"service":"purely-ceylon-backend-ecosystem","timestamp":"2026-07-08 08:56:19"}
{"level":"info","message":{"ip":"::1","method":"GET","url":"/api/v1/cart"},"service":"purely-ceylon-backend-ecosystem","timestamp":"2026-07-08 08:56:19"}
{"level":"info","message":{"ip":"::1","method":"GET","url":"/api/v1/wishlist"},"service":"purely-ceylon-backend-ecosystem","timestamp":"2026-07-08 08:56:19"}
{"level":"info","message":{"ip":"::1","method":"GET","url":"/api/v1/categories"},"service":"purely-ceylon-backend-ecosystem","timestamp":"2026-07-08 08:56:19"}
{"level":"info","message":{"ip":"::1","method":"GET","url":"/api/v1/products"},"service":"purely-ceylon-backend-ecosystem","timestamp":"2026-07-08 08:56:19"}
{"level":"info","message":{"ip":"::1","method":"GET","url":"/api/v1/products"},"service":"purely-ceylon-backend-ecosystem","timestamp":"2026-07-08 08:56:20"}
{"level":"info","message":{"ip":"::1","method":"GET","url":"/api/v1/categories"},"service":"purely-ceylon-backend-ecosystem","timestamp":"2026-07-08 08:56:20"}
{"level":"info","message":{"ip":"::1","method":"OPTIONS","url":"/api/v1/products"},"service":"purely-ceylon-backend-ecosystem","timestamp":"2026-07-08 08:56:31"}
{"level":"info","message":{"ip":"::1","method":"OPTIONS","url":"/api/v1/categories"},"service":"purely-ceylon-backend-ecosystem","timestamp":"2026-07-08 08:56:31"}
{"level":"info","message":{"ip":"::1","method":"OPTIONS","url":"/api/v1/products"},"service":"purely-ceylon-backend-ecosystem","timestamp":"2026-07-08 08:56:31"}
{"level":"info","message":{"ip":"::1","method":"OPTIONS","url":"/api/v1/categories"},"service":"purely-ceylon-backend-ecosystem","timestamp":"2026-07-08 08:56:31"}
{"level":"info","message":{"ip":"::1","method":"GET","url":"/api/v1/products"},"service":"purely-ceylon-backend-ecosystem","timestamp":"2026-07-08 08:56:31"}
{"level":"info","message":{"ip":"::1","method":"GET","url":"/api/v1/categories"},"service":"purely-ceylon-backend-ecosystem","timestamp":"2026-07-08 08:56:31"}
{"level":"info","message":{"ip":"::1","method":"GET","url":"/api/v1/products"},"service":"purely-ceylon-backend-ecosystem","timestamp":"2026-07-08 08:56:31"}
{"level":"info","message":{"ip":"::1","method":"GET","url":"/api/v1/categories"},"service":"purely-ceylon-backend-ecosystem","timestamp":"2026-07-08 08:56:31"}
{"level":"info","message":{"ip":"::1","method":"OPTIONS","url":"/api/v1/orders/my-orders"},"service":"purely-ceylon-backend-ecosystem","timestamp":"2026-07-08 08:56:34"}
{"level":"info","message":{"ip":"::1","method":"OPTIONS","url":"/api/v1/orders/my-orders"},"service":"purely-ceylon-backend-ecosystem","timestamp":"2026-07-08 08:56:34"}
{"level":"info","message":{"ip":"::1","method":"GET","url":"/api/v1/orders/my-orders"},"service":"purely-ceylon-backend-ecosystem","timestamp":"2026-07-08 08:56:34"}
{"level":"info","message":{"ip":"::1","method":"GET","url":"/api/v1/orders/my-orders"},"service":"purely-ceylon-backend-ecosystem","timestamp":"2026-07-08 08:56:34"}
{"level":"info","message":{"ip":"::1","method":"OPTIONS","url":"/api/v1/address"},"service":"purely-ceylon-backend-ecosystem","timestamp":"2026-07-08 08:56:36"}
{"level":"info","message":{"ip":"::1","method":"OPTIONS","url":"/api/v1/address"},"service":"purely-ceylon-backend-ecosystem","timestamp":"2026-07-08 08:56:36"}
{"level":"info","message":{"ip":"::1","method":"GET","url":"/api/v1/orders/my-orders"},"service":"purely-ceylon-backend-ecosystem","timestamp":"2026-07-08 08:56:36"}
{"level":"info","message":{"ip":"::1","method":"GET","url":"/api/v1/address"},"service":"purely-ceylon-backend-ecosystem","timestamp":"2026-07-08 08:56:36"}
{"level":"info","message":{"ip":"::1","method":"GET","url":"/api/v1/orders/my-orders"},"service":"purely-ceylon-backend-ecosystem","timestamp":"2026-07-08 08:56:36"}
{"level":"info","message":{"ip":"::1","method":"GET","url":"/api/v1/address"},"service":"purely-ceylon-backend-ecosystem","timestamp":"2026-07-08 08:56:36"}
{"level":"info","message":{"ip":"::1","method":"GET","url":"/api/v1/address"},"service":"purely-ceylon-backend-ecosystem","timestamp":"2026-07-08 08:56:36"}
{"level":"info","message":{"ip":"::1","method":"GET","url":"/api/v1/address"},"service":"purely-ceylon-backend-ecosystem","timestamp":"2026-07-08 08:56:36"}
{"level":"info","message":{"ip":"::1","method":"GET","url":"/api/v1/address"},"service":"purely-ceylon-backend-ecosystem","timestamp":"2026-07-08 08:56:39"}
{"level":"info","message":{"ip":"::1","method":"GET","url":"/api/v1/address"},"service":"purely-ceylon-backend-ecosystem","timestamp":"2026-07-08 08:56:39"}
{"level":"info","message":{"ip":"::1","method":"OPTIONS","url":"/api/v1/address"},"service":"purely-ceylon-backend-ecosystem","timestamp":"2026-07-08 08:56:44"}
{"level":"info","message":{"ip":"::1","method":"POST","url":"/api/v1/address"},"service":"purely-ceylon-backend-ecosystem","timestamp":"2026-07-08 08:56:44"}
{"level":"info","message":{"ip":"::1","method":"GET","url":"/api/v1/address"},"service":"purely-ceylon-backend-ecosystem","timestamp":"2026-07-08 08:56:44"}
{"level":"info","message":{"ip":"::1","method":"OPTIONS","url":"/api/v1/address/default/404bfa6d-2ed7-46a7-bb00-897f44bb4c43"},"service":"purely-ceylon-backend-ecosystem","timestamp":"2026-07-08 08:56:58"}
{"level":"info","message":{"ip":"::1","method":"PATCH","url":"/api/v1/address/default/404bfa6d-2ed7-46a7-bb00-897f44bb4c43"},"service":"purely-ceylon-backend-ecosystem","timestamp":"2026-07-08 08:56:58"}
{"level":"info","message":{"ip":"::1","method":"OPTIONS","url":"/api/v1/address"},"service":"purely-ceylon-backend-ecosystem","timestamp":"2026-07-08 08:56:59"}
{"level":"info","message":{"ip":"::1","method":"GET","url":"/api/v1/address"},"service":"purely-ceylon-backend-ecosystem","timestamp":"2026-07-08 08:56:59"}
{"level":"info","message":{"ip":"::1","method":"OPTIONS","url":"/api/v1/products"},"service":"purely-ceylon-backend-ecosystem","timestamp":"2026-07-08 08:57:07"}
{"level":"info","message":{"ip":"::1","method":"OPTIONS","url":"/api/v1/categories"},"service":"purely-ceylon-backend-ecosystem","timestamp":"2026-07-08 08:57:07"}
{"level":"info","message":{"ip":"::1","method":"OPTIONS","url":"/api/v1/products"},"service":"purely-ceylon-backend-ecosystem","timestamp":"2026-07-08 08:57:07"}
{"level":"info","message":{"ip":"::1","method":"OPTIONS","url":"/api/v1/categories"},"service":"purely-ceylon-backend-ecosystem","timestamp":"2026-07-08 08:57:07"}
{"level":"info","message":{"ip":"::1","method":"GET","url":"/api/v1/products"},"service":"purely-ceylon-backend-ecosystem","timestamp":"2026-07-08 08:57:07"}
{"level":"info","message":{"ip":"::1","method":"GET","url":"/api/v1/categories"},"service":"purely-ceylon-backend-ecosystem","timestamp":"2026-07-08 08:57:07"}
{"level":"info","message":{"ip":"::1","method":"GET","url":"/api/v1/products"},"service":"purely-ceylon-backend-ecosystem","timestamp":"2026-07-08 08:57:07"}
{"level":"info","message":{"ip":"::1","method":"GET","url":"/api/v1/categories"},"service":"purely-ceylon-backend-ecosystem","timestamp":"2026-07-08 08:57:07"}
{"level":"info","message":{"ip":"::1","method":"OPTIONS","url":"/api/v1/cart"},"service":"purely-ceylon-backend-ecosystem","timestamp":"2026-07-08 08:57:15"}
{"level":"info","message":{"ip":"::1","method":"OPTIONS","url":"/api/v1/wishlist"},"service":"purely-ceylon-backend-ecosystem","timestamp":"2026-07-08 08:57:15"}
{"level":"info","message":{"ip":"::1","method":"OPTIONS","url":"/api/v1/categories"},"service":"purely-ceylon-backend-ecosystem","timestamp":"2026-07-08 08:57:15"}
{"level":"info","message":{"ip":"::1","method":"OPTIONS","url":"/api/v1/products"},"service":"purely-ceylon-backend-ecosystem","timestamp":"2026-07-08 08:57:15"}
{"level":"info","message":{"ip":"::1","method":"OPTIONS","url":"/api/v1/wishlist"},"service":"purely-ceylon-backend-ecosystem","timestamp":"2026-07-08 08:57:15"}
{"level":"info","message":{"ip":"::1","method":"OPTIONS","url":"/api/v1/cart"},"service":"purely-ceylon-backend-ecosystem","timestamp":"2026-07-08 08:57:15"}
{"level":"info","message":{"ip":"::1","method":"OPTIONS","url":"/api/v1/cart"},"service":"purely-ceylon-backend-ecosystem","timestamp":"2026-07-08 08:57:15"}
{"level":"info","message":{"ip":"::1","method":"OPTIONS","url":"/api/v1/wishlist"},"service":"purely-ceylon-backend-ecosystem","timestamp":"2026-07-08 08:57:15"}
{"level":"info","message":{"ip":"::1","method":"OPTIONS","url":"/api/v1/categories"},"service":"purely-ceylon-backend-ecosystem","timestamp":"2026-07-08 08:57:15"}
{"level":"info","message":{"ip":"::1","method":"OPTIONS","url":"/api/v1/products"},"service":"purely-ceylon-backend-ecosystem","timestamp":"2026-07-08 08:57:15"}
{"level":"info","message":{"ip":"::1","method":"OPTIONS","url":"/api/v1/wishlist"},"service":"purely-ceylon-backend-ecosystem","timestamp":"2026-07-08 08:57:15"}
{"level":"info","message":{"ip":"::1","method":"OPTIONS","url":"/api/v1/cart"},"service":"purely-ceylon-backend-ecosystem","timestamp":"2026-07-08 08:57:15"}
{"level":"info","message":{"ip":"::1","method":"GET","url":"/api/v1/cart"},"service":"purely-ceylon-backend-ecosystem","timestamp":"2026-07-08 08:57:15"}
{"level":"info","message":{"ip":"::1","method":"GET","url":"/api/v1/wishlist"},"service":"purely-ceylon-backend-ecosystem","timestamp":"2026-07-08 08:57:15"}
{"level":"info","message":{"ip":"::1","method":"GET","url":"/api/v1/categories"},"service":"purely-ceylon-backend-ecosystem","timestamp":"2026-07-08 08:57:15"}
{"level":"info","message":{"ip":"::1","method":"GET","url":"/api/v1/products"},"service":"purely-ceylon-backend-ecosystem","timestamp":"2026-07-08 08:57:15"}
{"level":"info","message":{"ip":"::1","method":"GET","url":"/api/v1/cart"},"service":"purely-ceylon-backend-ecosystem","timestamp":"2026-07-08 08:57:15"}
{"level":"info","message":{"ip":"::1","method":"GET","url":"/api/v1/wishlist"},"service":"purely-ceylon-backend-ecosystem","timestamp":"2026-07-08 08:57:15"}
{"level":"info","message":{"ip":"::1","method":"GET","url":"/api/v1/categories"},"service":"purely-ceylon-backend-ecosystem","timestamp":"2026-07-08 08:57:15"}
{"level":"info","message":{"ip":"::1","method":"GET","url":"/api/v1/products"},"service":"purely-ceylon-backend-ecosystem","timestamp":"2026-07-08 08:57:15"}
{"level":"info","message":{"ip":"::1","method":"GET","url":"/api/v1/cart"},"service":"purely-ceylon-backend-ecosystem","timestamp":"2026-07-08 08:57:15"}
{"level":"info","message":{"ip":"::1","method":"GET","url":"/api/v1/wishlist"},"service":"purely-ceylon-backend-ecosystem","timestamp":"2026-07-08 08:57:15"}
{"level":"info","message":{"ip":"::1","method":"GET","url":"/api/v1/cart"},"service":"purely-ceylon-backend-ecosystem","timestamp":"2026-07-08 08:57:16"}
{"level":"info","message":{"ip":"::1","method":"GET","url":"/api/v1/wishlist"},"service":"purely-ceylon-backend-ecosystem","timestamp":"2026-07-08 08:57:16"}
{"level":"info","message":{"ip":"::1","method":"OPTIONS","url":"/api/v1/cart"},"service":"purely-ceylon-backend-ecosystem","timestamp":"2026-07-08 13:57:54"}
{"level":"info","message":{"ip":"::1","method":"OPTIONS","url":"/api/v1/wishlist"},"service":"purely-ceylon-backend-ecosystem","timestamp":"2026-07-08 13:57:54"}
{"level":"info","message":{"ip":"::1","method":"OPTIONS","url":"/api/v1/categories"},"service":"purely-ceylon-backend-ecosystem","timestamp":"2026-07-08 13:57:54"}
{"level":"info","message":{"ip":"::1","method":"OPTIONS","url":"/api/v1/products"},"service":"purely-ceylon-backend-ecosystem","timestamp":"2026-07-08 13:57:54"}
{"level":"info","message":{"ip":"::1","method":"OPTIONS","url":"/api/v1/wishlist"},"service":"purely-ceylon-backend-ecosystem","timestamp":"2026-07-08 13:57:54"}
{"level":"info","message":{"ip":"::1","method":"OPTIONS","url":"/api/v1/cart"},"service":"purely-ceylon-backend-ecosystem","timestamp":"2026-07-08 13:57:54"}
{"level":"info","message":{"ip":"::1","method":"OPTIONS","url":"/api/v1/categories"},"service":"purely-ceylon-backend-ecosystem","timestamp":"2026-07-08 13:57:54"}
{"level":"info","message":{"ip":"::1","method":"OPTIONS","url":"/api/v1/cart"},"service":"purely-ceylon-backend-ecosystem","timestamp":"2026-07-08 13:57:55"}
{"level":"info","message":{"ip":"::1","method":"OPTIONS","url":"/api/v1/wishlist"},"service":"purely-ceylon-backend-ecosystem","timestamp":"2026-07-08 13:57:55"}
{"level":"info","message":{"ip":"::1","method":"OPTIONS","url":"/api/v1/products"},"service":"purely-ceylon-backend-ecosystem","timestamp":"2026-07-08 13:57:55"}
{"level":"info","message":{"ip":"::1","method":"OPTIONS","url":"/api/v1/wishlist"},"service":"purely-ceylon-backend-ecosystem","timestamp":"2026-07-08 13:57:56"}
{"level":"info","message":{"ip":"::1","method":"OPTIONS","url":"/api/v1/cart"},"service":"purely-ceylon-backend-ecosystem","timestamp":"2026-07-08 13:57:56"}
{"level":"info","message":{"ip":"::1","method":"GET","url":"/api/v1/cart"},"service":"purely-ceylon-backend-ecosystem","timestamp":"2026-07-08 13:57:56"}
{"level":"info","message":{"ip":"::1","method":"GET","url":"/api/v1/wishlist"},"service":"purely-ceylon-backend-ecosystem","timestamp":"2026-07-08 13:57:59"}
{"level":"info","message":{"ip":"::1","method":"GET","url":"/api/v1/categories"},"service":"purely-ceylon-backend-ecosystem","timestamp":"2026-07-08 13:58:03"}
{"level":"info","message":{"ip":"::1","method":"GET","url":"/api/v1/products"},"service":"purely-ceylon-backend-ecosystem","timestamp":"2026-07-08 13:58:03"}
{"level":"info","message":{"ip":"::1","method":"OPTIONS","url":"/api/v1/wishlist"},"service":"purely-ceylon-backend-ecosystem","timestamp":"2026-07-08 13:58:26"}
{"level":"info","message":{"ip":"::1","method":"OPTIONS","url":"/api/v1/cart"},"service":"purely-ceylon-backend-ecosystem","timestamp":"2026-07-08 13:58:26"}
{"level":"info","message":{"ip":"::1","method":"OPTIONS","url":"/api/v1/products"},"service":"purely-ceylon-backend-ecosystem","timestamp":"2026-07-08 13:58:26"}
{"level":"info","message":{"ip":"::1","method":"OPTIONS","url":"/api/v1/categories"},"service":"purely-ceylon-backend-ecosystem","timestamp":"2026-07-08 13:58:26"}
{"level":"info","message":{"ip":"::1","method":"OPTIONS","url":"/api/v1/cart"},"service":"purely-ceylon-backend-ecosystem","timestamp":"2026-07-08 13:58:26"}
{"level":"info","message":{"ip":"::1","method":"OPTIONS","url":"/api/v1/wishlist"},"service":"purely-ceylon-backend-ecosystem","timestamp":"2026-07-08 13:58:26"}
{"level":"info","message":{"ip":"::1","method":"OPTIONS","url":"/api/v1/categories"},"service":"purely-ceylon-backend-ecosystem","timestamp":"2026-07-08 13:58:26"}
{"level":"info","message":{"ip":"::1","method":"OPTIONS","url":"/api/v1/products"},"service":"purely-ceylon-backend-ecosystem","timestamp":"2026-07-08 13:58:26"}
{"level":"info","message":{"ip":"::1","method":"OPTIONS","url":"/api/v1/wishlist"},"service":"purely-ceylon-backend-ecosystem","timestamp":"2026-07-08 13:58:27"}
{"level":"info","message":{"ip":"::1","method":"OPTIONS","url":"/api/v1/cart"},"service":"purely-ceylon-backend-ecosystem","timestamp":"2026-07-08 13:58:27"}
{"level":"info","message":{"ip":"::ffff:127.0.0.1","method":"OPTIONS","url":"/api/v1/cart"},"service":"purely-ceylon-backend-ecosystem","timestamp":"2026-07-08 13:58:27"}
{"level":"info","message":{"ip":"::ffff:127.0.0.1","method":"OPTIONS","url":"/api/v1/wishlist"},"service":"purely-ceylon-backend-ecosystem","timestamp":"2026-07-08 13:58:27"}
{"level":"info","message":{"ip":"::1","method":"GET","url":"/api/v1/wishlist"},"service":"purely-ceylon-backend-ecosystem","timestamp":"2026-07-08 13:58:27"}
{"level":"info","message":{"ip":"::1","method":"GET","url":"/api/v1/cart"},"service":"purely-ceylon-backend-ecosystem","timestamp":"2026-07-08 13:58:28"}
{"level":"info","message":{"ip":"::1","method":"GET","url":"/api/v1/products"},"service":"purely-ceylon-backend-ecosystem","timestamp":"2026-07-08 13:58:29"}
{"level":"info","message":{"ip":"::1","method":"GET","url":"/api/v1/categories"},"service":"purely-ceylon-backend-ecosystem","timestamp":"2026-07-08 13:58:29"}
{"level":"info","message":{"ip":"::1","method":"GET","url":"/api/v1/wishlist"},"service":"purely-ceylon-backend-ecosystem","timestamp":"2026-07-08 13:58:29"}
{"level":"info","message":{"ip":"::1","method":"GET","url":"/api/v1/wishlist"},"service":"purely-ceylon-backend-ecosystem","timestamp":"2026-07-08 13:58:29"}
{"level":"info","message":{"ip":"::1","method":"GET","url":"/api/v1/categories"},"service":"purely-ceylon-backend-ecosystem","timestamp":"2026-07-08 13:58:29"}
{"level":"info","message":{"ip":"::1","method":"GET","url":"/api/v1/cart"},"service":"purely-ceylon-backend-ecosystem","timestamp":"2026-07-08 13:58:29"}
{"level":"info","message":{"ip":"::1","method":"GET","url":"/api/v1/products"},"service":"purely-ceylon-backend-ecosystem","timestamp":"2026-07-08 13:58:29"}
{"level":"info","message":{"ip":"::1","method":"GET","url":"/api/v1/wishlist"},"service":"purely-ceylon-backend-ecosystem","timestamp":"2026-07-08 13:58:29"}
{"level":"info","message":{"ip":"::1","method":"GET","url":"/api/v1/cart"},"service":"purely-ceylon-backend-ecosystem","timestamp":"2026-07-08 13:58:30"}
{"level":"info","message":{"ip":"::1","method":"GET","url":"/api/v1/cart"},"service":"purely-ceylon-backend-ecosystem","timestamp":"2026-07-08 13:58:30"}
{"level":"info","message":{"ip":"::1","method":"OPTIONS","url":"/api/v1/orders/my-orders"},"service":"purely-ceylon-backend-ecosystem","timestamp":"2026-07-08 13:58:42"}
{"level":"info","message":{"ip":"::1","method":"OPTIONS","url":"/api/v1/address"},"service":"purely-ceylon-backend-ecosystem","timestamp":"2026-07-08 13:58:42"}
{"level":"info","message":{"ip":"::1","method":"OPTIONS","url":"/api/v1/orders/my-orders"},"service":"purely-ceylon-backend-ecosystem","timestamp":"2026-07-08 13:58:42"}
{"level":"info","message":{"ip":"::1","method":"OPTIONS","url":"/api/v1/address"},"service":"purely-ceylon-backend-ecosystem","timestamp":"2026-07-08 13:58:42"}
{"level":"info","message":{"ip":"::1","method":"GET","url":"/api/v1/orders/my-orders"},"service":"purely-ceylon-backend-ecosystem","timestamp":"2026-07-08 13:58:42"}
{"level":"info","message":{"ip":"::1","method":"GET","url":"/api/v1/address"},"service":"purely-ceylon-backend-ecosystem","timestamp":"2026-07-08 13:58:42"}
{"level":"info","message":{"ip":"::1","method":"GET","url":"/api/v1/address"},"service":"purely-ceylon-backend-ecosystem","timestamp":"2026-07-08 13:58:43"}
{"level":"info","message":{"ip":"::1","method":"GET","url":"/api/v1/orders/my-orders"},"service":"purely-ceylon-backend-ecosystem","timestamp":"2026-07-08 13:58:43"}
{"level":"info","message":{"ip":"::1","method":"GET","url":"/api/v1/address"},"service":"purely-ceylon-backend-ecosystem","timestamp":"2026-07-08 13:58:43"}
{"level":"info","message":{"ip":"::1","method":"GET","url":"/api/v1/address"},"service":"purely-ceylon-backend-ecosystem","timestamp":"2026-07-08 13:58:44"}
{"level":"info","message":{"ip":"::1","method":"OPTIONS","url":"/api/v1/cart"},"service":"purely-ceylon-backend-ecosystem","timestamp":"2026-07-08 13:58:47"}
{"level":"info","message":{"ip":"::1","method":"GET","url":"/api/v1/cart"},"service":"purely-ceylon-backend-ecosystem","timestamp":"2026-07-08 13:58:47"}
{"level":"info","message":{"ip":"::1","method":"OPTIONS","url":"/api/v1/wishlist"},"service":"purely-ceylon-backend-ecosystem","timestamp":"2026-07-08 13:58:47"}
{"level":"info","message":{"ip":"::1","method":"GET","url":"/api/v1/wishlist"},"service":"purely-ceylon-backend-ecosystem","timestamp":"2026-07-08 13:58:47"}
{"level":"info","message":{"ip":"::1","method":"OPTIONS","url":"/api/v1/orders/my-orders"},"service":"purely-ceylon-backend-ecosystem","timestamp":"2026-07-08 13:58:47"}
{"level":"info","message":{"ip":"::1","method":"GET","url":"/api/v1/orders/my-orders"},"service":"purely-ceylon-backend-ecosystem","timestamp":"2026-07-08 13:58:47"}
{"level":"info","message":{"ip":"::1","method":"OPTIONS","url":"/api/v1/products"},"service":"purely-ceylon-backend-ecosystem","timestamp":"2026-07-08 13:58:50"}
{"level":"info","message":{"ip":"::1","method":"OPTIONS","url":"/api/v1/categories"},"service":"purely-ceylon-backend-ecosystem","timestamp":"2026-07-08 13:58:50"}
{"level":"info","message":{"ip":"::1","method":"OPTIONS","url":"/api/v1/products"},"service":"purely-ceylon-backend-ecosystem","timestamp":"2026-07-08 13:58:50"}
{"level":"info","message":{"ip":"::1","method":"OPTIONS","url":"/api/v1/categories"},"service":"purely-ceylon-backend-ecosystem","timestamp":"2026-07-08 13:58:50"}
{"level":"info","message":{"ip":"::1","method":"GET","url":"/api/v1/products"},"service":"purely-ceylon-backend-ecosystem","timestamp":"2026-07-08 13:58:50"}
{"level":"info","message":{"ip":"::1","method":"GET","url":"/api/v1/categories"},"service":"purely-ceylon-backend-ecosystem","timestamp":"2026-07-08 13:58:50"}
{"level":"info","message":{"ip":"::1","method":"GET","url":"/api/v1/products"},"service":"purely-ceylon-backend-ecosystem","timestamp":"2026-07-08 13:58:50"}
{"level":"info","message":{"ip":"::1","method":"GET","url":"/api/v1/categories"},"service":"purely-ceylon-backend-ecosystem","timestamp":"2026-07-08 13:58:50"}
{"level":"info","message":{"ip":"::1","method":"OPTIONS","url":"/api/v1/address"},"service":"purely-ceylon-backend-ecosystem","timestamp":"2026-07-08 13:58:50"}
{"level":"info","message":{"ip":"::1","method":"GET","url":"/api/v1/address"},"service":"purely-ceylon-backend-ecosystem","timestamp":"2026-07-08 13:58:50"}
{"level":"info","message":{"ip":"::1","method":"OPTIONS","url":"/api/v1/orders/my-orders"},"service":"purely-ceylon-backend-ecosystem","timestamp":"2026-07-08 13:58:51"}
{"level":"info","message":{"ip":"::1","method":"OPTIONS","url":"/api/v1/address"},"service":"purely-ceylon-backend-ecosystem","timestamp":"2026-07-08 13:58:51"}
{"level":"info","message":{"ip":"::1","method":"OPTIONS","url":"/api/v1/orders/my-orders"},"service":"purely-ceylon-backend-ecosystem","timestamp":"2026-07-08 13:58:51"}
{"level":"info","message":{"ip":"::1","method":"OPTIONS","url":"/api/v1/address"},"service":"purely-ceylon-backend-ecosystem","timestamp":"2026-07-08 13:58:51"}
{"level":"info","message":{"ip":"::1","method":"GET","url":"/api/v1/orders/my-orders"},"service":"purely-ceylon-backend-ecosystem","timestamp":"2026-07-08 13:58:52"}
{"level":"info","message":{"ip":"::1","method":"GET","url":"/api/v1/address"},"service":"purely-ceylon-backend-ecosystem","timestamp":"2026-07-08 13:58:52"}
{"level":"info","message":{"ip":"::1","method":"GET","url":"/api/v1/orders/my-orders"},"service":"purely-ceylon-backend-ecosystem","timestamp":"2026-07-08 13:58:52"}
{"level":"info","message":{"ip":"::1","method":"GET","url":"/api/v1/address"},"service":"purely-ceylon-backend-ecosystem","timestamp":"2026-07-08 13:58:52"}
{"level":"info","message":{"ip":"::1","method":"GET","url":"/api/v1/address"},"service":"purely-ceylon-backend-ecosystem","timestamp":"2026-07-08 13:58:52"}
{"level":"info","message":{"ip":"::1","method":"GET","url":"/api/v1/address"},"service":"purely-ceylon-backend-ecosystem","timestamp":"2026-07-08 13:58:52"}
{"level":"info","message":{"ip":"::1","method":"OPTIONS","url":"/api/v1/wishlist"},"service":"purely-ceylon-backend-ecosystem","timestamp":"2026-07-08 13:58:53"}
{"level":"info","message":{"ip":"::1","method":"OPTIONS","url":"/api/v1/cart"},"service":"purely-ceylon-backend-ecosystem","timestamp":"2026-07-08 13:58:53"}
{"level":"info","message":{"ip":"::1","method":"OPTIONS","url":"/api/v1/cart"},"service":"purely-ceylon-backend-ecosystem","timestamp":"2026-07-08 13:58:53"}
{"level":"info","message":{"ip":"::1","method":"OPTIONS","url":"/api/v1/wishlist"},"service":"purely-ceylon-backend-ecosystem","timestamp":"2026-07-08 13:58:53"}
{"level":"info","message":{"ip":"::1","method":"GET","url":"/api/v1/wishlist"},"service":"purely-ceylon-backend-ecosystem","timestamp":"2026-07-08 13:58:53"}
{"level":"info","message":{"ip":"::1","method":"GET","url":"/api/v1/cart"},"service":"purely-ceylon-backend-ecosystem","timestamp":"2026-07-08 13:58:53"}
{"level":"info","message":{"ip":"::1","method":"GET","url":"/api/v1/wishlist"},"service":"purely-ceylon-backend-ecosystem","timestamp":"2026-07-08 13:58:53"}
{"level":"info","message":{"ip":"::1","method":"GET","url":"/api/v1/cart"},"service":"purely-ceylon-backend-ecosystem","timestamp":"2026-07-08 13:58:53"}
{"level":"info","message":{"ip":"::1","method":"OPTIONS","url":"/api/v1/orders/my-orders"},"service":"purely-ceylon-backend-ecosystem","timestamp":"2026-07-08 13:58:55"}
{"level":"info","message":{"ip":"::1","method":"GET","url":"/api/v1/orders/my-orders"},"service":"purely-ceylon-backend-ecosystem","timestamp":"2026-07-08 13:58:55"}
{"level":"info","message":{"ip":"::1","method":"GET","url":"/api/v1/address"},"service":"purely-ceylon-backend-ecosystem","timestamp":"2026-07-08 13:58:55"}
{"level":"info","message":{"ip":"::1","method":"GET","url":"/api/v1/wishlist"},"service":"purely-ceylon-backend-ecosystem","timestamp":"2026-07-08 13:58:55"}
{"level":"info","message":{"ip":"::1","method":"GET","url":"/api/v1/cart"},"service":"purely-ceylon-backend-ecosystem","timestamp":"2026-07-08 13:58:55"}
{"level":"info","message":{"ip":"::1","method":"OPTIONS","url":"/api/v1/address"},"service":"purely-ceylon-backend-ecosystem","timestamp":"2026-07-08 13:58:55"}
{"level":"info","message":{"ip":"::1","method":"GET","url":"/api/v1/address"},"service":"purely-ceylon-backend-ecosystem","timestamp":"2026-07-08 13:58:55"}
{"level":"info","message":{"ip":"::1","method":"GET","url":"/api/v1/address"},"service":"purely-ceylon-backend-ecosystem","timestamp":"2026-07-08 13:58:55"}
{"level":"info","message":{"ip":"::1","method":"GET","url":"/api/v1/address"},"service":"purely-ceylon-backend-ecosystem","timestamp":"2026-07-08 13:58:55"}
{"level":"info","message":{"ip":"::1","method":"GET","url":"/api/v1/address"},"service":"purely-ceylon-backend-ecosystem","timestamp":"2026-07-08 13:58:56"}
{"level":"info","message":{"ip":"::1","method":"OPTIONS","url":"/api/v1/address"},"service":"purely-ceylon-backend-ecosystem","timestamp":"2026-07-08 13:59:16"}
{"level":"info","message":{"ip":"::1","method":"OPTIONS","url":"/api/v1/orders/my-orders"},"service":"purely-ceylon-backend-ecosystem","timestamp":"2026-07-08 13:59:16"}
{"level":"info","message":{"ip":"::1","method":"OPTIONS","url":"/api/v1/address"},"service":"purely-ceylon-backend-ecosystem","timestamp":"2026-07-08 13:59:16"}
{"level":"info","message":{"ip":"::1","method":"OPTIONS","url":"/api/v1/orders/my-orders"},"service":"purely-ceylon-backend-ecosystem","timestamp":"2026-07-08 13:59:16"}
{"level":"info","message":{"ip":"::1","method":"GET","url":"/api/v1/address"},"service":"purely-ceylon-backend-ecosystem","timestamp":"2026-07-08 13:59:16"}
{"level":"info","message":{"ip":"::1","method":"GET","url":"/api/v1/orders/my-orders"},"service":"purely-ceylon-backend-ecosystem","timestamp":"2026-07-08 13:59:16"}
{"level":"info","message":{"ip":"::1","method":"GET","url":"/api/v1/address"},"service":"purely-ceylon-backend-ecosystem","timestamp":"2026-07-08 13:59:16"}
{"level":"info","message":{"ip":"::1","method":"GET","url":"/api/v1/orders/my-orders"},"service":"purely-ceylon-backend-ecosystem","timestamp":"2026-07-08 13:59:17"}
{"level":"info","message":{"ip":"::1","method":"GET","url":"/api/v1/address"},"service":"purely-ceylon-backend-ecosystem","timestamp":"2026-07-08 13:59:17"}
{"level":"info","message":{"ip":"::1","method":"GET","url":"/api/v1/address"},"service":"purely-ceylon-backend-ecosystem","timestamp":"2026-07-08 13:59:17"}
{"level":"info","message":{"ip":"::1","method":"OPTIONS","url":"/api/v1/address"},"service":"purely-ceylon-backend-ecosystem","timestamp":"2026-07-08 13:59:40"}
{"level":"info","message":{"ip":"::1","method":"GET","url":"/api/v1/address"},"service":"purely-ceylon-backend-ecosystem","timestamp":"2026-07-08 13:59:40"}
{"level":"info","message":"📄 Checking Expired RFQs","service":"purely-ceylon-backend-ecosystem","timestamp":"2026-07-08 14:00:00"}
{"level":"info","message":"📧 Processing Email Queue","service":"purely-ceylon-backend-ecosystem","timestamp":"2026-07-08 14:00:00"}
{"level":"info","message":{"ip":"::1","method":"OPTIONS","url":"/api/v1/cart"},"service":"purely-ceylon-backend-ecosystem","timestamp":"2026-07-08 14:01:03"}
{"level":"info","message":{"ip":"::1","method":"OPTIONS","url":"/api/v1/cart"},"service":"purely-ceylon-backend-ecosystem","timestamp":"2026-07-08 14:01:03"}
{"level":"info","message":{"ip":"::1","method":"GET","url":"/api/v1/cart"},"service":"purely-ceylon-backend-ecosystem","timestamp":"2026-07-08 14:01:03"}
{"level":"info","message":{"ip":"::1","method":"GET","url":"/api/v1/cart"},"service":"purely-ceylon-backend-ecosystem","timestamp":"2026-07-08 14:01:03"}
{"level":"info","message":{"ip":"::1","method":"OPTIONS","url":"/api/v1/address"},"service":"purely-ceylon-backend-ecosystem","timestamp":"2026-07-08 14:01:03"}
{"level":"info","message":{"ip":"::1","method":"GET","url":"/api/v1/address"},"service":"purely-ceylon-backend-ecosystem","timestamp":"2026-07-08 14:01:03"}
{"level":"info","message":{"ip":"::1","method":"GET","url":"/api/v1/address"},"service":"purely-ceylon-backend-ecosystem","timestamp":"2026-07-08 14:01:03"}
{"level":"info","message":{"ip":"::1","method":"OPTIONS","url":"/api/v1/orders/my-orders"},"service":"purely-ceylon-backend-ecosystem","timestamp":"2026-07-08 14:01:06"}
{"level":"info","message":{"ip":"::1","method":"OPTIONS","url":"/api/v1/orders/my-orders"},"service":"purely-ceylon-backend-ecosystem","timestamp":"2026-07-08 14:01:06"}
{"level":"info","message":{"ip":"::1","method":"GET","url":"/api/v1/address"},"service":"purely-ceylon-backend-ecosystem","timestamp":"2026-07-08 14:01:06"}
{"level":"info","message":{"ip":"::1","method":"GET","url":"/api/v1/orders/my-orders"},"service":"purely-ceylon-backend-ecosystem","timestamp":"2026-07-08 14:01:06"}
{"level":"info","message":{"ip":"::1","method":"GET","url":"/api/v1/address"},"service":"purely-ceylon-backend-ecosystem","timestamp":"2026-07-08 14:01:06"}
{"level":"info","message":{"ip":"::1","method":"GET","url":"/api/v1/orders/my-orders"},"service":"purely-ceylon-backend-ecosystem","timestamp":"2026-07-08 14:01:06"}
{"level":"info","message":{"ip":"::1","method":"GET","url":"/api/v1/address"},"service":"purely-ceylon-backend-ecosystem","timestamp":"2026-07-08 14:01:06"}
{"level":"info","message":{"ip":"::1","method":"GET","url":"/api/v1/address"},"service":"purely-ceylon-backend-ecosystem","timestamp":"2026-07-08 14:01:06"}
{"level":"info","message":"✅ All Background Jobs Started Successfully","service":"purely-ceylon-backend-ecosystem","timestamp":"2026-07-08 14:04:40"}
{"level":"info","message":"Server running on 5000","service":"purely-ceylon-backend-ecosystem","timestamp":"2026-07-08 14:04:40"}
{"level":"info","message":"Gracefully shutting down...","service":"purely-ceylon-backend-ecosystem","timestamp":"2026-07-08 14:04:49"}
{"level":"info","message":"✅ All Background Jobs Started Successfully","service":"purely-ceylon-backend-ecosystem","timestamp":"2026-07-08 14:05:17"}
{"level":"info","message":"Server running on 5000","service":"purely-ceylon-backend-ecosystem","timestamp":"2026-07-08 14:05:17"}
{"level":"info","message":{"ip":"::1","method":"OPTIONS","url":"/api/v1/cart"},"service":"purely-ceylon-backend-ecosystem","timestamp":"2026-07-08 14:05:22"}
{"level":"info","message":{"ip":"::1","method":"OPTIONS","url":"/api/v1/wishlist"},"service":"purely-ceylon-backend-ecosystem","timestamp":"2026-07-08 14:05:23"}
{"level":"info","message":{"ip":"::1","method":"OPTIONS","url":"/api/v1/address"},"service":"purely-ceylon-backend-ecosystem","timestamp":"2026-07-08 14:05:23"}
{"level":"info","message":{"ip":"::1","method":"OPTIONS","url":"/api/v1/wishlist"},"service":"purely-ceylon-backend-ecosystem","timestamp":"2026-07-08 14:05:23"}
{"level":"info","message":{"ip":"::1","method":"OPTIONS","url":"/api/v1/cart"},"service":"purely-ceylon-backend-ecosystem","timestamp":"2026-07-08 14:05:23"}
{"level":"info","message":{"ip":"::1","method":"OPTIONS","url":"/api/v1/cart"},"service":"purely-ceylon-backend-ecosystem","timestamp":"2026-07-08 14:05:23"}
{"level":"info","message":{"ip":"::1","method":"OPTIONS","url":"/api/v1/wishlist"},"service":"purely-ceylon-backend-ecosystem","timestamp":"2026-07-08 14:05:23"}
{"level":"info","message":{"ip":"::1","method":"OPTIONS","url":"/api/v1/address"},"service":"purely-ceylon-backend-ecosystem","timestamp":"2026-07-08 14:05:23"}
{"level":"info","message":{"ip":"::1","method":"OPTIONS","url":"/api/v1/wishlist"},"service":"purely-ceylon-backend-ecosystem","timestamp":"2026-07-08 14:05:23"}
{"level":"info","message":{"ip":"::1","method":"OPTIONS","url":"/api/v1/cart"},"service":"purely-ceylon-backend-ecosystem","timestamp":"2026-07-08 14:05:23"}
{"level":"info","message":{"ip":"::1","method":"GET","url":"/api/v1/cart"},"service":"purely-ceylon-backend-ecosystem","timestamp":"2026-07-08 14:05:23"}
{"level":"info","message":{"ip":"::1","method":"GET","url":"/api/v1/wishlist"},"service":"purely-ceylon-backend-ecosystem","timestamp":"2026-07-08 14:05:23"}
{"level":"info","message":{"ip":"::1","method":"GET","url":"/api/v1/address"},"service":"purely-ceylon-backend-ecosystem","timestamp":"2026-07-08 14:05:23"}
{"level":"info","message":{"ip":"::1","method":"GET","url":"/api/v1/cart"},"service":"purely-ceylon-backend-ecosystem","timestamp":"2026-07-08 14:05:23"}
{"level":"info","message":{"ip":"::1","method":"GET","url":"/api/v1/wishlist"},"service":"purely-ceylon-backend-ecosystem","timestamp":"2026-07-08 14:05:24"}
{"level":"info","message":{"ip":"::1","method":"GET","url":"/api/v1/cart"},"service":"purely-ceylon-backend-ecosystem","timestamp":"2026-07-08 14:05:24"}
{"level":"info","message":{"ip":"::1","method":"GET","url":"/api/v1/wishlist"},"service":"purely-ceylon-backend-ecosystem","timestamp":"2026-07-08 14:05:24"}
{"level":"info","message":{"ip":"::1","method":"GET","url":"/api/v1/address"},"service":"purely-ceylon-backend-ecosystem","timestamp":"2026-07-08 14:05:24"}
{"level":"info","message":{"ip":"::1","method":"GET","url":"/api/v1/cart"},"service":"purely-ceylon-backend-ecosystem","timestamp":"2026-07-08 14:05:24"}
{"level":"info","message":{"ip":"::1","method":"GET","url":"/api/v1/wishlist"},"service":"purely-ceylon-backend-ecosystem","timestamp":"2026-07-08 14:05:24"}
{"level":"info","message":{"ip":"::1","method":"OPTIONS","url":"/api/v1/address"},"service":"purely-ceylon-backend-ecosystem","timestamp":"2026-07-08 14:08:27"}
{"level":"info","message":{"ip":"::1","method":"GET","url":"/api/v1/address"},"service":"purely-ceylon-backend-ecosystem","timestamp":"2026-07-08 14:08:27"}
{"level":"info","message":{"ip":"::1","method":"GET","url":"/api/v1/address"},"service":"purely-ceylon-backend-ecosystem","timestamp":"2026-07-08 14:08:27"}
{"level":"info","message":{"ip":"::1","method":"OPTIONS","url":"/api/v1/categories"},"service":"purely-ceylon-backend-ecosystem","timestamp":"2026-07-08 14:08:47"}
{"level":"info","message":{"ip":"::1","method":"OPTIONS","url":"/api/v1/products"},"service":"purely-ceylon-backend-ecosystem","timestamp":"2026-07-08 14:08:47"}
{"level":"info","message":{"ip":"::1","method":"OPTIONS","url":"/api/v1/categories"},"service":"purely-ceylon-backend-ecosystem","timestamp":"2026-07-08 14:08:47"}
{"level":"info","message":{"ip":"::1","method":"OPTIONS","url":"/api/v1/products"},"service":"purely-ceylon-backend-ecosystem","timestamp":"2026-07-08 14:08:47"}
{"level":"info","message":{"ip":"::1","method":"GET","url":"/api/v1/categories"},"service":"purely-ceylon-backend-ecosystem","timestamp":"2026-07-08 14:08:47"}
{"level":"info","message":{"ip":"::1","method":"GET","url":"/api/v1/products"},"service":"purely-ceylon-backend-ecosystem","timestamp":"2026-07-08 14:08:47"}
{"level":"info","message":{"ip":"::1","method":"GET","url":"/api/v1/categories"},"service":"purely-ceylon-backend-ecosystem","timestamp":"2026-07-08 14:08:47"}
{"level":"info","message":{"ip":"::1","method":"GET","url":"/api/v1/products"},"service":"purely-ceylon-backend-ecosystem","timestamp":"2026-07-08 14:08:47"}
{"level":"info","message":{"ip":"::1","method":"OPTIONS","url":"/api/v1/cart"},"service":"purely-ceylon-backend-ecosystem","timestamp":"2026-07-08 14:08:52"}
{"level":"info","message":{"ip":"::1","method":"OPTIONS","url":"/api/v1/wishlist"},"service":"purely-ceylon-backend-ecosystem","timestamp":"2026-07-08 14:08:52"}
{"level":"info","message":{"ip":"::1","method":"OPTIONS","url":"/api/v1/categories"},"service":"purely-ceylon-backend-ecosystem","timestamp":"2026-07-08 14:08:52"}
{"level":"info","message":{"ip":"::1","method":"OPTIONS","url":"/api/v1/products"},"service":"purely-ceylon-backend-ecosystem","timestamp":"2026-07-08 14:08:52"}
{"level":"info","message":{"ip":"::1","method":"OPTIONS","url":"/api/v1/cart"},"service":"purely-ceylon-backend-ecosystem","timestamp":"2026-07-08 14:08:52"}
{"level":"info","message":{"ip":"::1","method":"OPTIONS","url":"/api/v1/wishlist"},"service":"purely-ceylon-backend-ecosystem","timestamp":"2026-07-08 14:08:52"}
{"level":"info","message":{"ip":"::1","method":"OPTIONS","url":"/api/v1/categories"},"service":"purely-ceylon-backend-ecosystem","timestamp":"2026-07-08 14:08:52"}
{"level":"info","message":{"ip":"::1","method":"GET","url":"/api/v1/cart"},"service":"purely-ceylon-backend-ecosystem","timestamp":"2026-07-08 14:08:52"}
{"level":"info","message":{"ip":"::1","method":"OPTIONS","url":"/api/v1/products"},"service":"purely-ceylon-backend-ecosystem","timestamp":"2026-07-08 14:08:53"}
{"level":"info","message":{"ip":"::1","method":"GET","url":"/api/v1/wishlist"},"service":"purely-ceylon-backend-ecosystem","timestamp":"2026-07-08 14:08:53"}
{"level":"info","message":{"ip":"::1","method":"GET","url":"/api/v1/categories"},"service":"purely-ceylon-backend-ecosystem","timestamp":"2026-07-08 14:08:53"}
{"level":"info","message":{"ip":"::1","method":"GET","url":"/api/v1/products"},"service":"purely-ceylon-backend-ecosystem","timestamp":"2026-07-08 14:08:53"}
{"level":"info","message":{"ip":"::1","method":"GET","url":"/api/v1/cart"},"service":"purely-ceylon-backend-ecosystem","timestamp":"2026-07-08 14:08:53"}
{"level":"info","message":{"ip":"::1","method":"GET","url":"/api/v1/wishlist"},"service":"purely-ceylon-backend-ecosystem","timestamp":"2026-07-08 14:08:53"}
{"level":"info","message":{"ip":"::1","method":"GET","url":"/api/v1/categories"},"service":"purely-ceylon-backend-ecosystem","timestamp":"2026-07-08 14:08:54"}
{"level":"info","message":{"ip":"::1","method":"GET","url":"/api/v1/products"},"service":"purely-ceylon-backend-ecosystem","timestamp":"2026-07-08 14:08:54"}
{"level":"info","message":{"ip":"::1","method":"OPTIONS","url":"/api/v1/orders/my-orders"},"service":"purely-ceylon-backend-ecosystem","timestamp":"2026-07-08 14:08:55"}
{"level":"info","message":{"ip":"::1","method":"OPTIONS","url":"/api/v1/address"},"service":"purely-ceylon-backend-ecosystem","timestamp":"2026-07-08 14:08:55"}
{"level":"info","message":{"ip":"::1","method":"OPTIONS","url":"/api/v1/orders/my-orders"},"service":"purely-ceylon-backend-ecosystem","timestamp":"2026-07-08 14:08:55"}
{"level":"info","message":{"ip":"::1","method":"OPTIONS","url":"/api/v1/address"},"service":"purely-ceylon-backend-ecosystem","timestamp":"2026-07-08 14:08:55"}
{"level":"info","message":{"ip":"::1","method":"GET","url":"/api/v1/orders/my-orders"},"service":"purely-ceylon-backend-ecosystem","timestamp":"2026-07-08 14:08:55"}
{"level":"info","message":{"ip":"::1","method":"GET","url":"/api/v1/address"},"service":"purely-ceylon-backend-ecosystem","timestamp":"2026-07-08 14:08:55"}
{"level":"info","message":{"ip":"::1","method":"GET","url":"/api/v1/address"},"service":"purely-ceylon-backend-ecosystem","timestamp":"2026-07-08 14:08:56"}
{"level":"info","message":{"ip":"::1","method":"GET","url":"/api/v1/orders/my-orders"},"service":"purely-ceylon-backend-ecosystem","timestamp":"2026-07-08 14:08:56"}
{"level":"info","message":{"ip":"::1","method":"GET","url":"/api/v1/address"},"service":"purely-ceylon-backend-ecosystem","timestamp":"2026-07-08 14:08:56"}
{"level":"info","message":{"ip":"::1","method":"GET","url":"/api/v1/address"},"service":"purely-ceylon-backend-ecosystem","timestamp":"2026-07-08 14:08:56"}
{"level":"info","message":{"ip":"::1","method":"GET","url":"/api/v1/address"},"service":"purely-ceylon-backend-ecosystem","timestamp":"2026-07-08 14:08:58"}
{"level":"info","message":{"ip":"::1","method":"GET","url":"/api/v1/address"},"service":"purely-ceylon-backend-ecosystem","timestamp":"2026-07-08 14:08:58"}
{"level":"info","message":{"ip":"::1","method":"OPTIONS","url":"/api/v1/address"},"service":"purely-ceylon-backend-ecosystem","timestamp":"2026-07-08 14:09:11"}
{"level":"info","message":{"ip":"::1","method":"OPTIONS","url":"/api/v1/orders/my-orders"},"service":"purely-ceylon-backend-ecosystem","timestamp":"2026-07-08 14:09:11"}
{"level":"info","message":{"ip":"::1","method":"OPTIONS","url":"/api/v1/address"},"service":"purely-ceylon-backend-ecosystem","timestamp":"2026-07-08 14:09:11"}
{"level":"info","message":{"ip":"::1","method":"OPTIONS","url":"/api/v1/orders/my-orders"},"service":"purely-ceylon-backend-ecosystem","timestamp":"2026-07-08 14:09:11"}
{"level":"info","message":{"ip":"::1","method":"GET","url":"/api/v1/address"},"service":"purely-ceylon-backend-ecosystem","timestamp":"2026-07-08 14:09:11"}
{"level":"info","message":{"ip":"::1","method":"GET","url":"/api/v1/orders/my-orders"},"service":"purely-ceylon-backend-ecosystem","timestamp":"2026-07-08 14:09:11"}
{"level":"info","message":{"ip":"::1","method":"GET","url":"/api/v1/address"},"service":"purely-ceylon-backend-ecosystem","timestamp":"2026-07-08 14:09:11"}
{"level":"info","message":{"ip":"::1","method":"GET","url":"/api/v1/orders/my-orders"},"service":"purely-ceylon-backend-ecosystem","timestamp":"2026-07-08 14:09:11"}
{"level":"info","message":{"ip":"::1","method":"GET","url":"/api/v1/address"},"service":"purely-ceylon-backend-ecosystem","timestamp":"2026-07-08 14:09:11"}
{"level":"info","message":{"ip":"::1","method":"GET","url":"/api/v1/address"},"service":"purely-ceylon-backend-ecosystem","timestamp":"2026-07-08 14:09:11"}
{"level":"info","message":{"ip":"::1","method":"OPTIONS","url":"/api/v1/address"},"service":"purely-ceylon-backend-ecosystem","timestamp":"2026-07-08 14:09:32"}
{"level":"info","message":{"ip":"::1","method":"GET","url":"/api/v1/address"},"service":"purely-ceylon-backend-ecosystem","timestamp":"2026-07-08 14:09:32"}
{"level":"info","message":"📧 Processing Email Queue","service":"purely-ceylon-backend-ecosystem","timestamp":"2026-07-08 14:10:00"}
{"level":"info","message":{"ip":"::1","method":"OPTIONS","url":"/api/v1/cart"},"service":"purely-ceylon-backend-ecosystem","timestamp":"2026-07-08 14:10:26"}
{"level":"info","message":{"ip":"::1","method":"OPTIONS","url":"/api/v1/wishlist"},"service":"purely-ceylon-backend-ecosystem","timestamp":"2026-07-08 14:10:26"}
{"level":"info","message":{"ip":"::1","method":"GET","url":"/api/v1/cart"},"service":"purely-ceylon-backend-ecosystem","timestamp":"2026-07-08 14:10:26"}
{"level":"info","message":{"ip":"::1","method":"GET","url":"/api/v1/wishlist"},"service":"purely-ceylon-backend-ecosystem","timestamp":"2026-07-08 14:10:26"}
{"level":"info","message":{"ip":"::1","method":"OPTIONS","url":"/api/v1/orders/my-orders"},"service":"purely-ceylon-backend-ecosystem","timestamp":"2026-07-08 14:10:26"}
{"level":"info","message":{"ip":"::1","method":"GET","url":"/api/v1/orders/my-orders"},"service":"purely-ceylon-backend-ecosystem","timestamp":"2026-07-08 14:10:26"}
{"level":"info","message":{"ip":"::1","method":"OPTIONS","url":"/api/v1/cart"},"service":"purely-ceylon-backend-ecosystem","timestamp":"2026-07-08 14:10:26"}
{"level":"info","message":{"ip":"::1","method":"GET","url":"/api/v1/cart"},"service":"purely-ceylon-backend-ecosystem","timestamp":"2026-07-08 14:10:26"}
{"level":"info","message":{"ip":"::1","method":"OPTIONS","url":"/api/v1/wishlist"},"service":"purely-ceylon-backend-ecosystem","timestamp":"2026-07-08 14:10:26"}
{"level":"info","message":{"ip":"::1","method":"GET","url":"/api/v1/wishlist"},"service":"purely-ceylon-backend-ecosystem","timestamp":"2026-07-08 14:10:26"}
{"level":"info","message":{"ip":"::1","method":"OPTIONS","url":"/api/v1/orders/my-orders"},"service":"purely-ceylon-backend-ecosystem","timestamp":"2026-07-08 14:10:26"}
{"level":"info","message":{"ip":"::1","method":"GET","url":"/api/v1/orders/my-orders"},"service":"purely-ceylon-backend-ecosystem","timestamp":"2026-07-08 14:10:26"}
{"level":"info","message":{"ip":"::1","method":"OPTIONS","url":"/api/v1/address"},"service":"purely-ceylon-backend-ecosystem","timestamp":"2026-07-08 14:10:26"}
{"level":"info","message":{"ip":"::1","method":"GET","url":"/api/v1/address"},"service":"purely-ceylon-backend-ecosystem","timestamp":"2026-07-08 14:10:26"}
{"level":"info","message":{"ip":"::1","method":"OPTIONS","url":"/api/v1/address"},"service":"purely-ceylon-backend-ecosystem","timestamp":"2026-07-08 14:10:27"}
{"level":"info","message":{"ip":"::1","method":"GET","url":"/api/v1/address"},"service":"purely-ceylon-backend-ecosystem","timestamp":"2026-07-08 14:10:27"}
{"level":"info","message":{"ip":"::1","method":"GET","url":"/api/v1/wishlist"},"service":"purely-ceylon-backend-ecosystem","timestamp":"2026-07-08 14:10:27"}
{"level":"info","message":{"ip":"::1","method":"GET","url":"/api/v1/wishlist"},"service":"purely-ceylon-backend-ecosystem","timestamp":"2026-07-08 14:10:27"}
{"level":"info","message":{"ip":"::1","method":"GET","url":"/api/v1/cart"},"service":"purely-ceylon-backend-ecosystem","timestamp":"2026-07-08 14:10:27"}
{"level":"info","message":{"ip":"::1","method":"GET","url":"/api/v1/cart"},"service":"purely-ceylon-backend-ecosystem","timestamp":"2026-07-08 14:10:27"}
{"level":"info","message":{"ip":"::1","method":"GET","url":"/api/v1/cart"},"service":"purely-ceylon-backend-ecosystem","timestamp":"2026-07-08 14:10:27"}
{"level":"info","message":{"ip":"::1","method":"GET","url":"/api/v1/cart"},"service":"purely-ceylon-backend-ecosystem","timestamp":"2026-07-08 14:10:27"}
{"level":"info","message":{"ip":"::1","method":"GET","url":"/api/v1/wishlist"},"service":"purely-ceylon-backend-ecosystem","timestamp":"2026-07-08 14:10:27"}
{"level":"info","message":{"ip":"::1","method":"GET","url":"/api/v1/wishlist"},"service":"purely-ceylon-backend-ecosystem","timestamp":"2026-07-08 14:10:27"}
{"level":"info","message":{"ip":"::1","method":"GET","url":"/api/v1/orders/my-orders"},"service":"purely-ceylon-backend-ecosystem","timestamp":"2026-07-08 14:10:27"}
{"level":"info","message":{"ip":"::1","method":"GET","url":"/api/v1/orders/my-orders"},"service":"purely-ceylon-backend-ecosystem","timestamp":"2026-07-08 14:10:28"}
{"level":"info","message":{"ip":"::1","method":"GET","url":"/api/v1/address"},"service":"purely-ceylon-backend-ecosystem","timestamp":"2026-07-08 14:10:28"}
{"level":"info","message":{"ip":"::1","method":"GET","url":"/api/v1/address"},"service":"purely-ceylon-backend-ecosystem","timestamp":"2026-07-08 14:10:28"}
{"level":"info","message":{"ip":"::1","method":"GET","url":"/api/v1/wishlist"},"service":"purely-ceylon-backend-ecosystem","timestamp":"2026-07-08 14:10:28"}
{"level":"info","message":{"ip":"::1","method":"GET","url":"/api/v1/wishlist"},"service":"purely-ceylon-backend-ecosystem","timestamp":"2026-07-08 14:10:28"}
{"level":"info","message":{"ip":"::1","method":"GET","url":"/api/v1/cart"},"service":"purely-ceylon-backend-ecosystem","timestamp":"2026-07-08 14:10:28"}
{"level":"info","message":{"ip":"::1","method":"GET","url":"/api/v1/cart"},"service":"purely-ceylon-backend-ecosystem","timestamp":"2026-07-08 14:10:28"}
{"level":"info","message":{"ip":"::1","method":"GET","url":"/api/v1/address"},"service":"purely-ceylon-backend-ecosystem","timestamp":"2026-07-08 14:10:28"}
{"level":"info","message":{"ip":"::1","method":"GET","url":"/api/v1/address"},"service":"purely-ceylon-backend-ecosystem","timestamp":"2026-07-08 14:10:28"}
{"level":"info","message":{"ip":"::1","method":"GET","url":"/api/v1/address"},"service":"purely-ceylon-backend-ecosystem","timestamp":"2026-07-08 14:10:28"}
{"level":"info","message":{"ip":"::1","method":"GET","url":"/api/v1/address"},"service":"purely-ceylon-backend-ecosystem","timestamp":"2026-07-08 14:10:28"}
{"level":"info","message":"📧 Processing Email Queue","service":"purely-ceylon-backend-ecosystem","timestamp":"2026-07-08 14:15:00"}
{"level":"info","message":{"ip":"::1","method":"OPTIONS","url":"/api/v1/cart"},"service":"purely-ceylon-backend-ecosystem","timestamp":"2026-07-08 14:17:55"}
{"level":"info","message":{"ip":"::1","method":"OPTIONS","url":"/api/v1/wishlist"},"service":"purely-ceylon-backend-ecosystem","timestamp":"2026-07-08 14:17:55"}
{"level":"info","message":{"ip":"::1","method":"OPTIONS","url":"/api/v1/cart"},"service":"purely-ceylon-backend-ecosystem","timestamp":"2026-07-08 14:17:55"}
{"level":"info","message":{"ip":"::1","method":"OPTIONS","url":"/api/v1/cart"},"service":"purely-ceylon-backend-ecosystem","timestamp":"2026-07-08 14:17:55"}
{"level":"info","message":{"ip":"::1","method":"OPTIONS","url":"/api/v1/wishlist"},"service":"purely-ceylon-backend-ecosystem","timestamp":"2026-07-08 14:17:55"}
{"level":"info","message":{"ip":"::1","method":"OPTIONS","url":"/api/v1/address"},"service":"purely-ceylon-backend-ecosystem","timestamp":"2026-07-08 14:17:55"}
{"level":"info","message":{"ip":"::1","method":"OPTIONS","url":"/api/v1/orders/my-orders"},"service":"purely-ceylon-backend-ecosystem","timestamp":"2026-07-08 14:17:55"}
{"level":"info","message":{"ip":"::1","method":"GET","url":"/api/v1/cart"},"service":"purely-ceylon-backend-ecosystem","timestamp":"2026-07-08 14:17:55"}
{"level":"info","message":{"ip":"::1","method":"OPTIONS","url":"/api/v1/wishlist"},"service":"purely-ceylon-backend-ecosystem","timestamp":"2026-07-08 14:17:55"}
{"level":"info","message":{"ip":"::1","method":"OPTIONS","url":"/api/v1/orders/my-orders"},"service":"purely-ceylon-backend-ecosystem","timestamp":"2026-07-08 14:17:56"}
{"level":"info","message":{"ip":"::1","method":"OPTIONS","url":"/api/v1/address"},"service":"purely-ceylon-backend-ecosystem","timestamp":"2026-07-08 14:17:56"}
{"level":"info","message":{"ip":"::1","method":"OPTIONS","url":"/api/v1/wishlist"},"service":"purely-ceylon-backend-ecosystem","timestamp":"2026-07-08 14:17:56"}
{"level":"info","message":{"ip":"::1","method":"OPTIONS","url":"/api/v1/cart"},"service":"purely-ceylon-backend-ecosystem","timestamp":"2026-07-08 14:17:57"}
{"level":"info","message":{"ip":"::1","method":"GET","url":"/api/v1/wishlist"},"service":"purely-ceylon-backend-ecosystem","timestamp":"2026-07-08 14:17:57"}
{"level":"info","message":{"ip":"::1","method":"GET","url":"/api/v1/address"},"service":"purely-ceylon-backend-ecosystem","timestamp":"2026-07-08 14:17:57"}
{"level":"info","message":{"ip":"::1","method":"GET","url":"/api/v1/orders/my-orders"},"service":"purely-ceylon-backend-ecosystem","timestamp":"2026-07-08 14:17:58"}
{"level":"info","message":{"ip":"::1","method":"GET","url":"/api/v1/cart"},"service":"purely-ceylon-backend-ecosystem","timestamp":"2026-07-08 14:17:58"}
{"level":"info","message":{"ip":"::1","method":"GET","url":"/api/v1/wishlist"},"service":"purely-ceylon-backend-ecosystem","timestamp":"2026-07-08 14:17:59"}
{"level":"info","message":{"ip":"::1","method":"GET","url":"/api/v1/address"},"service":"purely-ceylon-backend-ecosystem","timestamp":"2026-07-08 14:17:59"}
{"level":"info","message":{"ip":"::1","method":"GET","url":"/api/v1/cart"},"service":"purely-ceylon-backend-ecosystem","timestamp":"2026-07-08 14:17:59"}
{"level":"info","message":{"ip":"::1","method":"GET","url":"/api/v1/orders/my-orders"},"service":"purely-ceylon-backend-ecosystem","timestamp":"2026-07-08 14:17:59"}
{"level":"info","message":{"ip":"::1","method":"GET","url":"/api/v1/wishlist"},"service":"purely-ceylon-backend-ecosystem","timestamp":"2026-07-08 14:17:59"}
{"level":"info","message":{"ip":"::1","method":"GET","url":"/api/v1/address"},"service":"purely-ceylon-backend-ecosystem","timestamp":"2026-07-08 14:17:59"}
{"level":"info","message":{"ip":"::1","method":"GET","url":"/api/v1/cart"},"service":"purely-ceylon-backend-ecosystem","timestamp":"2026-07-08 14:17:59"}
{"level":"info","message":{"ip":"::1","method":"GET","url":"/api/v1/wishlist"},"service":"purely-ceylon-backend-ecosystem","timestamp":"2026-07-08 14:17:59"}
{"level":"info","message":{"ip":"::1","method":"GET","url":"/api/v1/address"},"service":"purely-ceylon-backend-ecosystem","timestamp":"2026-07-08 14:18:00"}
{"level":"info","message":{"ip":"::1","method":"OPTIONS","url":"/api/v1/address"},"service":"purely-ceylon-backend-ecosystem","timestamp":"2026-07-08 14:18:17"}
{"level":"info","message":{"ip":"::1","method":"GET","url":"/api/v1/address"},"service":"purely-ceylon-backend-ecosystem","timestamp":"2026-07-08 14:18:17"}
{"level":"info","message":{"ip":"::1","method":"GET","url":"/api/v1/address"},"service":"purely-ceylon-backend-ecosystem","timestamp":"2026-07-08 14:18:20"}
{"level":"info","message":{"ip":"::1","method":"GET","url":"/api/v1/address"},"service":"purely-ceylon-backend-ecosystem","timestamp":"2026-07-08 14:18:20"}
{"level":"info","message":"📧 Processing Email Queue","service":"purely-ceylon-backend-ecosystem","timestamp":"2026-07-08 14:20:00"}
{"level":"info","message":{"ip":"::1","method":"GET","url":"/api/v1/address"},"service":"purely-ceylon-backend-ecosystem","timestamp":"2026-07-08 14:20:00"}
{"level":"info","message":{"ip":"::1","method":"GET","url":"/favicon.ico"},"service":"purely-ceylon-backend-ecosystem","timestamp":"2026-07-08 14:20:01"}
{"level":"info","message":{"ip":"::1","method":"OPTIONS","url":"/api/v1/wishlist"},"service":"purely-ceylon-backend-ecosystem","timestamp":"2026-07-08 14:22:27"}
{"level":"info","message":{"ip":"::1","method":"OPTIONS","url":"/api/v1/wishlist"},"service":"purely-ceylon-backend-ecosystem","timestamp":"2026-07-08 14:22:27"}
{"level":"info","message":{"ip":"::1","method":"OPTIONS","url":"/api/v1/address"},"service":"purely-ceylon-backend-ecosystem","timestamp":"2026-07-08 14:22:27"}
{"level":"info","message":{"ip":"::1","method":"OPTIONS","url":"/api/v1/wishlist"},"service":"purely-ceylon-backend-ecosystem","timestamp":"2026-07-08 14:22:27"}
{"level":"info","message":{"ip":"::1","method":"OPTIONS","url":"/api/v1/cart"},"service":"purely-ceylon-backend-ecosystem","timestamp":"2026-07-08 14:22:27"}
{"level":"info","message":{"ip":"::1","method":"OPTIONS","url":"/api/v1/cart"},"service":"purely-ceylon-backend-ecosystem","timestamp":"2026-07-08 14:22:27"}
{"level":"info","message":{"ip":"::1","method":"OPTIONS","url":"/api/v1/wishlist"},"service":"purely-ceylon-backend-ecosystem","timestamp":"2026-07-08 14:22:27"}
{"level":"info","message":{"ip":"::1","method":"OPTIONS","url":"/api/v1/address"},"service":"purely-ceylon-backend-ecosystem","timestamp":"2026-07-08 14:22:28"}
{"level":"info","message":{"ip":"::1","method":"OPTIONS","url":"/api/v1/cart"},"service":"purely-ceylon-backend-ecosystem","timestamp":"2026-07-08 14:22:28"}
{"level":"info","message":{"ip":"::1","method":"OPTIONS","url":"/api/v1/cart"},"service":"purely-ceylon-backend-ecosystem","timestamp":"2026-07-08 14:22:28"}
{"level":"info","message":{"ip":"::1","method":"GET","url":"/api/v1/wishlist"},"service":"purely-ceylon-backend-ecosystem","timestamp":"2026-07-08 14:22:28"}
{"level":"info","message":{"ip":"::1","method":"GET","url":"/api/v1/address"},"service":"purely-ceylon-backend-ecosystem","timestamp":"2026-07-08 14:22:28"}
{"level":"info","message":{"ip":"::1","method":"GET","url":"/api/v1/cart"},"service":"purely-ceylon-backend-ecosystem","timestamp":"2026-07-08 14:22:29"}
{"level":"info","message":{"ip":"::1","method":"GET","url":"/api/v1/wishlist"},"service":"purely-ceylon-backend-ecosystem","timestamp":"2026-07-08 14:22:30"}
{"level":"info","message":{"ip":"::1","method":"GET","url":"/api/v1/address"},"service":"purely-ceylon-backend-ecosystem","timestamp":"2026-07-08 14:22:30"}
{"level":"info","message":{"ip":"::1","method":"GET","url":"/api/v1/cart"},"service":"purely-ceylon-backend-ecosystem","timestamp":"2026-07-08 14:22:30"}
{"level":"info","message":{"ip":"::1","method":"GET","url":"/api/v1/wishlist"},"service":"purely-ceylon-backend-ecosystem","timestamp":"2026-07-08 14:22:30"}
{"level":"info","message":{"ip":"::1","method":"GET","url":"/api/v1/cart"},"service":"purely-ceylon-backend-ecosystem","timestamp":"2026-07-08 14:22:30"}
{"level":"info","message":{"ip":"::1","method":"GET","url":"/api/v1/wishlist"},"service":"purely-ceylon-backend-ecosystem","timestamp":"2026-07-08 14:22:30"}
{"level":"info","message":{"ip":"::1","method":"GET","url":"/api/v1/cart"},"service":"purely-ceylon-backend-ecosystem","timestamp":"2026-07-08 14:22:30"}
{"level":"info","message":{"ip":"::1","method":"OPTIONS","url":"/api/v1/orders/my-orders"},"service":"purely-ceylon-backend-ecosystem","timestamp":"2026-07-08 14:22:38"}
{"level":"info","message":{"ip":"::1","method":"OPTIONS","url":"/api/v1/address"},"service":"purely-ceylon-backend-ecosystem","timestamp":"2026-07-08 14:22:39"}
{"level":"info","message":{"ip":"::1","method":"OPTIONS","url":"/api/v1/orders/my-orders"},"service":"purely-ceylon-backend-ecosystem","timestamp":"2026-07-08 14:22:39"}
{"level":"info","message":{"ip":"::1","method":"OPTIONS","url":"/api/v1/address"},"service":"purely-ceylon-backend-ecosystem","timestamp":"2026-07-08 14:22:39"}
{"level":"info","message":{"ip":"::1","method":"GET","url":"/api/v1/orders/my-orders"},"service":"purely-ceylon-backend-ecosystem","timestamp":"2026-07-08 14:22:39"}
{"level":"info","message":{"ip":"::1","method":"GET","url":"/api/v1/address"},"service":"purely-ceylon-backend-ecosystem","timestamp":"2026-07-08 14:22:39"}
{"level":"info","message":{"ip":"::1","method":"GET","url":"/api/v1/orders/my-orders"},"service":"purely-ceylon-backend-ecosystem","timestamp":"2026-07-08 14:22:39"}
{"level":"info","message":{"ip":"::1","method":"GET","url":"/api/v1/address"},"service":"purely-ceylon-backend-ecosystem","timestamp":"2026-07-08 14:22:39"}
{"level":"info","message":{"ip":"::1","method":"GET","url":"/api/v1/address"},"service":"purely-ceylon-backend-ecosystem","timestamp":"2026-07-08 14:22:40"}
{"level":"info","message":{"ip":"::1","method":"GET","url":"/api/v1/address"},"service":"purely-ceylon-backend-ecosystem","timestamp":"2026-07-08 14:22:40"}
{"level":"info","message":{"ip":"::1","method":"OPTIONS","url":"/api/v1/address"},"service":"purely-ceylon-backend-ecosystem","timestamp":"2026-07-08 14:22:45"}
{"level":"info","message":{"ip":"::1","method":"OPTIONS","url":"/api/v1/address"},"service":"purely-ceylon-backend-ecosystem","timestamp":"2026-07-08 14:22:45"}
{"level":"info","message":{"ip":"::1","method":"GET","url":"/api/v1/address"},"service":"purely-ceylon-backend-ecosystem","timestamp":"2026-07-08 14:22:45"}
{"level":"info","message":{"ip":"::1","method":"GET","url":"/api/v1/address"},"service":"purely-ceylon-backend-ecosystem","timestamp":"2026-07-08 14:22:45"}
{"level":"info","message":"📧 Processing Email Queue","service":"purely-ceylon-backend-ecosystem","timestamp":"2026-07-08 14:25:00"}
{"level":"info","message":"📧 Processing Email Queue","service":"purely-ceylon-backend-ecosystem","timestamp":"2026-07-08 14:30:00"}
{"level":"info","message":{"ip":"::1","method":"OPTIONS","url":"/api/v1/address/404bfa6d-2ed7-46a7-bb00-897f44bb4c43"},"service":"purely-ceylon-backend-ecosystem","timestamp":"2026-07-08 14:30:26"}
{"level":"info","message":{"ip":"::1","method":"DELETE","url":"/api/v1/address/404bfa6d-2ed7-46a7-bb00-897f44bb4c43"},"service":"purely-ceylon-backend-ecosystem","timestamp":"2026-07-08 14:30:26"}
{"level":"info","message":{"ip":"::1","method":"OPTIONS","url":"/api/v1/address"},"service":"purely-ceylon-backend-ecosystem","timestamp":"2026-07-08 14:30:26"}
{"level":"info","message":{"ip":"::1","method":"GET","url":"/api/v1/address"},"service":"purely-ceylon-backend-ecosystem","timestamp":"2026-07-08 14:30:26"}
{"level":"info","message":{"ip":"::1","method":"OPTIONS","url":"/api/v1/address"},"service":"purely-ceylon-backend-ecosystem","timestamp":"2026-07-08 14:30:34"}
{"level":"info","message":{"ip":"::1","method":"POST","url":"/api/v1/address"},"service":"purely-ceylon-backend-ecosystem","timestamp":"2026-07-08 14:30:34"}
{"level":"info","message":{"ip":"::1","method":"GET","url":"/api/v1/address"},"service":"purely-ceylon-backend-ecosystem","timestamp":"2026-07-08 14:30:35"}
{"level":"info","message":{"ip":"::1","method":"OPTIONS","url":"/api/v1/address/8bd8af8b-7465-4b74-8c8f-30a76836354d"},"service":"purely-ceylon-backend-ecosystem","timestamp":"2026-07-08 14:31:09"}
{"level":"info","message":{"ip":"::1","method":"DELETE","url":"/api/v1/address/8bd8af8b-7465-4b74-8c8f-30a76836354d"},"service":"purely-ceylon-backend-ecosystem","timestamp":"2026-07-08 14:31:09"}
{"level":"info","message":{"ip":"::1","method":"OPTIONS","url":"/api/v1/address"},"service":"purely-ceylon-backend-ecosystem","timestamp":"2026-07-08 14:31:09"}
{"level":"info","message":{"ip":"::1","method":"GET","url":"/api/v1/address"},"service":"purely-ceylon-backend-ecosystem","timestamp":"2026-07-08 14:31:09"}
{"level":"info","message":{"ip":"::1","method":"OPTIONS","url":"/api/v1/address"},"service":"purely-ceylon-backend-ecosystem","timestamp":"2026-07-08 14:31:22"}
{"level":"info","message":{"ip":"::1","method":"POST","url":"/api/v1/address"},"service":"purely-ceylon-backend-ecosystem","timestamp":"2026-07-08 14:31:22"}
{"level":"info","message":{"ip":"::1","method":"GET","url":"/api/v1/address"},"service":"purely-ceylon-backend-ecosystem","timestamp":"2026-07-08 14:31:23"}
{"level":"info","message":{"ip":"::1","method":"OPTIONS","url":"/api/v1/cart"},"service":"purely-ceylon-backend-ecosystem","timestamp":"2026-07-08 14:31:45"}
{"level":"info","message":{"ip":"::1","method":"OPTIONS","url":"/api/v1/cart"},"service":"purely-ceylon-backend-ecosystem","timestamp":"2026-07-08 14:31:45"}
{"level":"info","message":{"ip":"::1","method":"GET","url":"/api/v1/cart"},"service":"purely-ceylon-backend-ecosystem","timestamp":"2026-07-08 14:31:45"}
{"level":"info","message":{"ip":"::1","method":"GET","url":"/api/v1/cart"},"service":"purely-ceylon-backend-ecosystem","timestamp":"2026-07-08 14:31:45"}
{"level":"info","message":{"ip":"::1","method":"GET","url":"/api/v1/cart"},"service":"purely-ceylon-backend-ecosystem","timestamp":"2026-07-08 14:31:45"}
{"level":"info","message":{"ip":"::1","method":"GET","url":"/api/v1/cart"},"service":"purely-ceylon-backend-ecosystem","timestamp":"2026-07-08 14:31:46"}
{"level":"info","message":{"ip":"::1","method":"OPTIONS","url":"/api/v1/wishlist"},"service":"purely-ceylon-backend-ecosystem","timestamp":"2026-07-08 14:31:46"}
{"level":"info","message":{"ip":"::1","method":"OPTIONS","url":"/api/v1/wishlist"},"service":"purely-ceylon-backend-ecosystem","timestamp":"2026-07-08 14:31:46"}
{"level":"info","message":{"ip":"::1","method":"GET","url":"/api/v1/wishlist"},"service":"purely-ceylon-backend-ecosystem","timestamp":"2026-07-08 14:31:46"}
{"level":"info","message":{"ip":"::1","method":"GET","url":"/api/v1/wishlist"},"service":"purely-ceylon-backend-ecosystem","timestamp":"2026-07-08 14:31:47"}
{"level":"info","message":{"ip":"::1","method":"GET","url":"/api/v1/wishlist"},"service":"purely-ceylon-backend-ecosystem","timestamp":"2026-07-08 14:31:47"}
{"level":"info","message":{"ip":"::1","method":"GET","url":"/api/v1/wishlist"},"service":"purely-ceylon-backend-ecosystem","timestamp":"2026-07-08 14:31:47"}
{"level":"info","message":{"ip":"::1","method":"OPTIONS","url":"/api/v1/cart"},"service":"purely-ceylon-backend-ecosystem","timestamp":"2026-07-08 14:31:52"}
{"level":"info","message":{"ip":"::1","method":"OPTIONS","url":"/api/v1/cart"},"service":"purely-ceylon-backend-ecosystem","timestamp":"2026-07-08 14:31:52"}
{"level":"info","message":{"ip":"::1","method":"GET","url":"/api/v1/cart"},"service":"purely-ceylon-backend-ecosystem","timestamp":"2026-07-08 14:31:52"}
{"level":"info","message":{"ip":"::1","method":"GET","url":"/api/v1/cart"},"service":"purely-ceylon-backend-ecosystem","timestamp":"2026-07-08 14:31:53"}
{"level":"info","message":{"ip":"::1","method":"OPTIONS","url":"/api/v1/address"},"service":"purely-ceylon-backend-ecosystem","timestamp":"2026-07-08 14:31:53"}
{"level":"info","message":{"ip":"::1","method":"GET","url":"/api/v1/address"},"service":"purely-ceylon-backend-ecosystem","timestamp":"2026-07-08 14:31:53"}
{"level":"info","message":{"ip":"::1","method":"GET","url":"/api/v1/address"},"service":"purely-ceylon-backend-ecosystem","timestamp":"2026-07-08 14:31:53"}
{"level":"info","message":{"ip":"::1","method":"OPTIONS","url":"/api/v1/orders/my-orders"},"service":"purely-ceylon-backend-ecosystem","timestamp":"2026-07-08 14:31:57"}
{"level":"info","message":{"ip":"::1","method":"OPTIONS","url":"/api/v1/orders/my-orders"},"service":"purely-ceylon-backend-ecosystem","timestamp":"2026-07-08 14:31:57"}
{"level":"info","message":{"ip":"::1","method":"GET","url":"/api/v1/orders/my-orders"},"service":"purely-ceylon-backend-ecosystem","timestamp":"2026-07-08 14:31:57"}
{"level":"info","message":{"ip":"::1","method":"GET","url":"/api/v1/orders/my-orders"},"service":"purely-ceylon-backend-ecosystem","timestamp":"2026-07-08 14:31:57"}
{"level":"info","message":{"ip":"::1","method":"OPTIONS","url":"/api/v1/address"},"service":"purely-ceylon-backend-ecosystem","timestamp":"2026-07-08 14:32:02"}
{"level":"info","message":{"ip":"::1","method":"OPTIONS","url":"/api/v1/address"},"service":"purely-ceylon-backend-ecosystem","timestamp":"2026-07-08 14:32:02"}
{"level":"info","message":{"ip":"::1","method":"GET","url":"/api/v1/orders/my-orders"},"service":"purely-ceylon-backend-ecosystem","timestamp":"2026-07-08 14:32:02"}
{"level":"info","message":{"ip":"::1","method":"GET","url":"/api/v1/address"},"service":"purely-ceylon-backend-ecosystem","timestamp":"2026-07-08 14:32:02"}
{"level":"info","message":{"ip":"::1","method":"GET","url":"/api/v1/orders/my-orders"},"service":"purely-ceylon-backend-ecosystem","timestamp":"2026-07-08 14:32:02"}
{"level":"info","message":{"ip":"::1","method":"GET","url":"/api/v1/address"},"service":"purely-ceylon-backend-ecosystem","timestamp":"2026-07-08 14:32:02"}
{"level":"info","message":{"ip":"::1","method":"GET","url":"/api/v1/address"},"service":"purely-ceylon-backend-ecosystem","timestamp":"2026-07-08 14:32:02"}
{"level":"info","message":{"ip":"::1","method":"GET","url":"/api/v1/address"},"service":"purely-ceylon-backend-ecosystem","timestamp":"2026-07-08 14:32:03"}
{"level":"info","message":{"ip":"::1","method":"OPTIONS","url":"/api/v1/address"},"service":"purely-ceylon-backend-ecosystem","timestamp":"2026-07-08 14:32:24"}
{"level":"info","message":{"ip":"::1","method":"GET","url":"/api/v1/address"},"service":"purely-ceylon-backend-ecosystem","timestamp":"2026-07-08 14:32:24"}
{"level":"info","message":"📧 Processing Email Queue","service":"purely-ceylon-backend-ecosystem","timestamp":"2026-07-08 14:35:00"}
{"level":"info","message":"📧 Processing Email Queue","service":"purely-ceylon-backend-ecosystem","timestamp":"2026-07-08 14:40:00"}
{"level":"info","message":"📧 Processing Email Queue","service":"purely-ceylon-backend-ecosystem","timestamp":"2026-07-08 14:45:00"}
{"level":"info","message":"📧 Processing Email Queue","service":"purely-ceylon-backend-ecosystem","timestamp":"2026-07-08 14:50:00"}
{"level":"info","message":"📧 Processing Email Queue","service":"purely-ceylon-backend-ecosystem","timestamp":"2026-07-08 14:55:00"}
{"level":"info","message":"📄 Checking Expired RFQs","service":"purely-ceylon-backend-ecosystem","timestamp":"2026-07-08 15:00:00"}
{"level":"info","message":"📧 Processing Email Queue","service":"purely-ceylon-backend-ecosystem","timestamp":"2026-07-08 15:00:00"}
{"level":"info","message":"📧 Processing Email Queue","service":"purely-ceylon-backend-ecosystem","timestamp":"2026-07-08 15:05:00"}
{"level":"info","message":"📧 Processing Email Queue","service":"purely-ceylon-backend-ecosystem","timestamp":"2026-07-08 15:10:00"}
{"level":"info","message":{"ip":"::1","method":"OPTIONS","url":"/api/v1/cart"},"service":"purely-ceylon-backend-ecosystem","timestamp":"2026-07-08 15:12:15"}
{"level":"info","message":{"ip":"::1","method":"OPTIONS","url":"/api/v1/wishlist"},"service":"purely-ceylon-backend-ecosystem","timestamp":"2026-07-08 15:12:15"}
{"level":"info","message":{"ip":"::1","method":"OPTIONS","url":"/api/v1/orders/my-orders"},"service":"purely-ceylon-backend-ecosystem","timestamp":"2026-07-08 15:12:15"}
{"level":"info","message":{"ip":"::1","method":"OPTIONS","url":"/api/v1/address"},"service":"purely-ceylon-backend-ecosystem","timestamp":"2026-07-08 15:12:15"}
{"level":"info","message":{"ip":"::1","method":"GET","url":"/api/v1/cart"},"service":"purely-ceylon-backend-ecosystem","timestamp":"2026-07-08 15:12:15"}
{"level":"info","message":{"ip":"::1","method":"GET","url":"/api/v1/wishlist"},"service":"purely-ceylon-backend-ecosystem","timestamp":"2026-07-08 15:12:15"}
{"level":"info","message":{"ip":"::1","method":"GET","url":"/api/v1/orders/my-orders"},"service":"purely-ceylon-backend-ecosystem","timestamp":"2026-07-08 15:12:15"}
{"level":"info","message":{"ip":"::1","method":"GET","url":"/api/v1/address"},"service":"purely-ceylon-backend-ecosystem","timestamp":"2026-07-08 15:12:15"}
{"level":"info","message":{"ip":"::1","method":"GET","url":"/api/v1/wishlist"},"service":"purely-ceylon-backend-ecosystem","timestamp":"2026-07-08 15:12:18"}
{"level":"info","message":{"ip":"::1","method":"GET","url":"/api/v1/address"},"service":"purely-ceylon-backend-ecosystem","timestamp":"2026-07-08 15:12:18"}
{"level":"info","message":{"ip":"::1","method":"GET","url":"/api/v1/cart"},"service":"purely-ceylon-backend-ecosystem","timestamp":"2026-07-08 15:12:19"}
{"level":"info","message":{"ip":"::1","method":"GET","url":"/api/v1/cart"},"service":"purely-ceylon-backend-ecosystem","timestamp":"2026-07-08 15:12:19"}
{"level":"info","message":{"ip":"::1","method":"GET","url":"/api/v1/wishlist"},"service":"purely-ceylon-backend-ecosystem","timestamp":"2026-07-08 15:12:19"}
{"level":"info","message":{"ip":"::1","method":"GET","url":"/api/v1/orders/my-orders"},"service":"purely-ceylon-backend-ecosystem","timestamp":"2026-07-08 15:12:19"}
{"level":"info","message":{"ip":"::1","method":"GET","url":"/api/v1/address"},"service":"purely-ceylon-backend-ecosystem","timestamp":"2026-07-08 15:12:19"}
{"level":"info","message":{"ip":"::1","method":"GET","url":"/api/v1/address"},"service":"purely-ceylon-backend-ecosystem","timestamp":"2026-07-08 15:12:19"}
{"level":"info","message":{"ip":"::1","method":"GET","url":"/api/v1/wishlist"},"service":"purely-ceylon-backend-ecosystem","timestamp":"2026-07-08 15:12:19"}
{"level":"info","message":{"ip":"::1","method":"GET","url":"/api/v1/cart"},"service":"purely-ceylon-backend-ecosystem","timestamp":"2026-07-08 15:12:19"}
{"level":"info","message":{"ip":"::1","method":"OPTIONS","url":"/api/v1/address"},"service":"purely-ceylon-backend-ecosystem","timestamp":"2026-07-08 15:12:23"}
{"level":"info","message":{"ip":"::1","method":"GET","url":"/api/v1/address"},"service":"purely-ceylon-backend-ecosystem","timestamp":"2026-07-08 15:12:23"}
{"level":"info","message":{"ip":"::1","method":"GET","url":"/api/v1/address"},"service":"purely-ceylon-backend-ecosystem","timestamp":"2026-07-08 15:12:23"}
{"level":"info","message":"📧 Processing Email Queue","service":"purely-ceylon-backend-ecosystem","timestamp":"2026-07-08 15:15:00"}
{"level":"info","message":"📧 Processing Email Queue","service":"purely-ceylon-backend-ecosystem","timestamp":"2026-07-08 15:20:00"}
{"level":"info","message":{"ip":"::1","method":"OPTIONS","url":"/api/v1/cart"},"service":"purely-ceylon-backend-ecosystem","timestamp":"2026-07-08 15:21:59"}
{"level":"info","message":{"ip":"::1","method":"GET","url":"/api/v1/cart"},"service":"purely-ceylon-backend-ecosystem","timestamp":"2026-07-08 15:21:59"}
{"level":"info","message":{"ip":"::1","method":"OPTIONS","url":"/api/v1/wishlist"},"service":"purely-ceylon-backend-ecosystem","timestamp":"2026-07-08 15:21:59"}
{"level":"info","message":{"ip":"::1","method":"GET","url":"/api/v1/wishlist"},"service":"purely-ceylon-backend-ecosystem","timestamp":"2026-07-08 15:21:59"}
{"level":"info","message":{"ip":"::1","method":"OPTIONS","url":"/api/v1/orders/my-orders"},"service":"purely-ceylon-backend-ecosystem","timestamp":"2026-07-08 15:22:01"}
{"level":"info","message":{"ip":"::1","method":"GET","url":"/api/v1/orders/my-orders"},"service":"purely-ceylon-backend-ecosystem","timestamp":"2026-07-08 15:22:01"}
{"level":"info","message":{"ip":"::1","method":"OPTIONS","url":"/api/v1/address"},"service":"purely-ceylon-backend-ecosystem","timestamp":"2026-07-08 15:22:01"}
{"level":"info","message":{"ip":"::1","method":"GET","url":"/api/v1/address"},"service":"purely-ceylon-backend-ecosystem","timestamp":"2026-07-08 15:22:01"}
{"level":"info","message":{"ip":"::1","method":"GET","url":"/api/v1/address"},"service":"purely-ceylon-backend-ecosystem","timestamp":"2026-07-08 15:22:02"}
{"level":"info","message":{"ip":"::1","method":"GET","url":"/api/v1/wishlist"},"service":"purely-ceylon-backend-ecosystem","timestamp":"2026-07-08 15:22:02"}
{"level":"info","message":{"ip":"::1","method":"GET","url":"/api/v1/cart"},"service":"purely-ceylon-backend-ecosystem","timestamp":"2026-07-08 15:22:02"}
{"level":"info","message":{"ip":"::1","method":"GET","url":"/api/v1/cart"},"service":"purely-ceylon-backend-ecosystem","timestamp":"2026-07-08 15:22:02"}
{"level":"info","message":{"ip":"::1","method":"GET","url":"/api/v1/wishlist"},"service":"purely-ceylon-backend-ecosystem","timestamp":"2026-07-08 15:22:02"}
{"level":"info","message":{"ip":"::1","method":"GET","url":"/api/v1/orders/my-orders"},"service":"purely-ceylon-backend-ecosystem","timestamp":"2026-07-08 15:22:02"}
{"level":"info","message":{"ip":"::1","method":"GET","url":"/api/v1/address"},"service":"purely-ceylon-backend-ecosystem","timestamp":"2026-07-08 15:22:02"}
{"level":"info","message":{"ip":"::1","method":"GET","url":"/api/v1/address"},"service":"purely-ceylon-backend-ecosystem","timestamp":"2026-07-08 15:22:02"}
{"level":"info","message":{"ip":"::1","method":"GET","url":"/api/v1/wishlist"},"service":"purely-ceylon-backend-ecosystem","timestamp":"2026-07-08 15:22:02"}
{"level":"info","message":{"ip":"::1","method":"GET","url":"/api/v1/cart"},"service":"purely-ceylon-backend-ecosystem","timestamp":"2026-07-08 15:22:02"}
{"level":"info","message":{"ip":"::1","method":"GET","url":"/api/v1/address"},"service":"purely-ceylon-backend-ecosystem","timestamp":"2026-07-08 15:22:03"}
{"level":"info","message":{"ip":"::1","method":"GET","url":"/api/v1/address"},"service":"purely-ceylon-backend-ecosystem","timestamp":"2026-07-08 15:22:03"}
{"level":"info","message":{"ip":"::1","method":"OPTIONS","url":"/api/v1/cart"},"service":"purely-ceylon-backend-ecosystem","timestamp":"2026-07-08 15:22:32"}
{"level":"info","message":{"ip":"::1","method":"GET","url":"/api/v1/cart"},"service":"purely-ceylon-backend-ecosystem","timestamp":"2026-07-08 15:22:32"}
{"level":"info","message":{"ip":"::1","method":"OPTIONS","url":"/api/v1/wishlist"},"service":"purely-ceylon-backend-ecosystem","timestamp":"2026-07-08 15:22:32"}
{"level":"info","message":{"ip":"::1","method":"GET","url":"/api/v1/wishlist"},"service":"purely-ceylon-backend-ecosystem","timestamp":"2026-07-08 15:22:32"}
{"level":"info","message":{"ip":"::1","method":"OPTIONS","url":"/api/v1/orders/my-orders"},"service":"purely-ceylon-backend-ecosystem","timestamp":"2026-07-08 15:22:32"}
{"level":"info","message":{"ip":"::1","method":"GET","url":"/api/v1/orders/my-orders"},"service":"purely-ceylon-backend-ecosystem","timestamp":"2026-07-08 15:22:32"}
{"level":"info","message":{"ip":"::1","method":"OPTIONS","url":"/api/v1/address"},"service":"purely-ceylon-backend-ecosystem","timestamp":"2026-07-08 15:22:32"}
{"level":"info","message":{"ip":"::1","method":"GET","url":"/api/v1/address"},"service":"purely-ceylon-backend-ecosystem","timestamp":"2026-07-08 15:22:32"}
{"level":"info","message":{"ip":"::1","method":"GET","url":"/api/v1/address"},"service":"purely-ceylon-backend-ecosystem","timestamp":"2026-07-08 15:22:32"}
{"level":"info","message":{"ip":"::1","method":"GET","url":"/api/v1/wishlist"},"service":"purely-ceylon-backend-ecosystem","timestamp":"2026-07-08 15:22:32"}
{"level":"info","message":{"ip":"::1","method":"GET","url":"/api/v1/cart"},"service":"purely-ceylon-backend-ecosystem","timestamp":"2026-07-08 15:22:33"}
{"level":"info","message":{"ip":"::1","method":"GET","url":"/api/v1/cart"},"service":"purely-ceylon-backend-ecosystem","timestamp":"2026-07-08 15:22:33"}
{"level":"info","message":{"ip":"::1","method":"GET","url":"/api/v1/wishlist"},"service":"purely-ceylon-backend-ecosystem","timestamp":"2026-07-08 15:22:33"}
{"level":"info","message":{"ip":"::1","method":"GET","url":"/api/v1/orders/my-orders"},"service":"purely-ceylon-backend-ecosystem","timestamp":"2026-07-08 15:22:33"}
{"level":"info","message":{"ip":"::1","method":"GET","url":"/api/v1/address"},"service":"purely-ceylon-backend-ecosystem","timestamp":"2026-07-08 15:22:33"}
{"level":"info","message":{"ip":"::1","method":"GET","url":"/api/v1/address"},"service":"purely-ceylon-backend-ecosystem","timestamp":"2026-07-08 15:22:33"}
{"level":"info","message":{"ip":"::1","method":"GET","url":"/api/v1/wishlist"},"service":"purely-ceylon-backend-ecosystem","timestamp":"2026-07-08 15:22:33"}
{"level":"info","message":{"ip":"::1","method":"GET","url":"/api/v1/cart"},"service":"purely-ceylon-backend-ecosystem","timestamp":"2026-07-08 15:22:33"}
{"level":"info","message":{"ip":"::1","method":"GET","url":"/api/v1/address"},"service":"purely-ceylon-backend-ecosystem","timestamp":"2026-07-08 15:22:33"}
{"level":"info","message":{"ip":"::1","method":"GET","url":"/api/v1/address"},"service":"purely-ceylon-backend-ecosystem","timestamp":"2026-07-08 15:22:34"}
{"level":"info","message":"📧 Processing Email Queue","service":"purely-ceylon-backend-ecosystem","timestamp":"2026-07-08 15:25:00"}
{"level":"info","message":{"ip":"::1","method":"OPTIONS","url":"/api/v1/cart"},"service":"purely-ceylon-backend-ecosystem","timestamp":"2026-07-08 15:29:21"}
{"level":"info","message":{"ip":"::1","method":"OPTIONS","url":"/api/v1/cart"},"service":"purely-ceylon-backend-ecosystem","timestamp":"2026-07-08 15:29:21"}
{"level":"info","message":{"ip":"::1","method":"GET","url":"/api/v1/cart"},"service":"purely-ceylon-backend-ecosystem","timestamp":"2026-07-08 15:29:21"}
{"level":"info","message":{"ip":"::1","method":"GET","url":"/api/v1/cart"},"service":"purely-ceylon-backend-ecosystem","timestamp":"2026-07-08 15:29:21"}
{"level":"info","message":{"ip":"::1","method":"GET","url":"/api/v1/cart"},"service":"purely-ceylon-backend-ecosystem","timestamp":"2026-07-08 15:29:21"}
{"level":"info","message":{"ip":"::1","method":"GET","url":"/api/v1/cart"},"service":"purely-ceylon-backend-ecosystem","timestamp":"2026-07-08 15:29:21"}
{"level":"info","message":{"ip":"::1","method":"OPTIONS","url":"/api/v1/cart"},"service":"purely-ceylon-backend-ecosystem","timestamp":"2026-07-08 15:29:26"}
{"level":"info","message":{"ip":"::1","method":"OPTIONS","url":"/api/v1/address"},"service":"purely-ceylon-backend-ecosystem","timestamp":"2026-07-08 15:29:26"}
{"level":"info","message":{"ip":"::1","method":"OPTIONS","url":"/api/v1/cart"},"service":"purely-ceylon-backend-ecosystem","timestamp":"2026-07-08 15:29:26"}
{"level":"info","message":{"ip":"::1","method":"GET","url":"/api/v1/cart"},"service":"purely-ceylon-backend-ecosystem","timestamp":"2026-07-08 15:29:26"}
{"level":"info","message":{"ip":"::1","method":"OPTIONS","url":"/api/v1/address"},"service":"purely-ceylon-backend-ecosystem","timestamp":"2026-07-08 15:29:26"}
{"level":"info","message":{"ip":"::1","method":"GET","url":"/api/v1/address"},"service":"purely-ceylon-backend-ecosystem","timestamp":"2026-07-08 15:29:26"}
{"level":"info","message":{"ip":"::1","method":"GET","url":"/api/v1/cart"},"service":"purely-ceylon-backend-ecosystem","timestamp":"2026-07-08 15:29:26"}
{"level":"info","message":{"ip":"::1","method":"GET","url":"/api/v1/address"},"service":"purely-ceylon-backend-ecosystem","timestamp":"2026-07-08 15:29:26"}
{"level":"info","message":{"ip":"::1","method":"OPTIONS","url":"/api/v1/products"},"service":"purely-ceylon-backend-ecosystem","timestamp":"2026-07-08 15:29:33"}
{"level":"info","message":{"ip":"::1","method":"OPTIONS","url":"/api/v1/categories"},"service":"purely-ceylon-backend-ecosystem","timestamp":"2026-07-08 15:29:33"}
{"level":"info","message":{"ip":"::1","method":"OPTIONS","url":"/api/v1/products"},"service":"purely-ceylon-backend-ecosystem","timestamp":"2026-07-08 15:29:33"}
{"level":"info","message":{"ip":"::1","method":"OPTIONS","url":"/api/v1/categories"},"service":"purely-ceylon-backend-ecosystem","timestamp":"2026-07-08 15:29:33"}
{"level":"info","message":{"ip":"::1","method":"GET","url":"/api/v1/products"},"service":"purely-ceylon-backend-ecosystem","timestamp":"2026-07-08 15:29:33"}
{"level":"info","message":{"ip":"::1","method":"GET","url":"/api/v1/categories"},"service":"purely-ceylon-backend-ecosystem","timestamp":"2026-07-08 15:29:33"}
{"level":"info","message":{"ip":"::1","method":"GET","url":"/api/v1/products"},"service":"purely-ceylon-backend-ecosystem","timestamp":"2026-07-08 15:29:33"}
{"level":"info","message":{"ip":"::1","method":"GET","url":"/api/v1/categories"},"service":"purely-ceylon-backend-ecosystem","timestamp":"2026-07-08 15:29:33"}
{"level":"info","message":"📧 Processing Email Queue","service":"purely-ceylon-backend-ecosystem","timestamp":"2026-07-08 15:30:00"}
{"level":"info","message":"📧 Processing Email Queue","service":"purely-ceylon-backend-ecosystem","timestamp":"2026-07-08 15:35:00"}
{"level":"info","message":"Gracefully shutting down...","service":"purely-ceylon-backend-ecosystem","timestamp":"2026-07-08 15:35:24"}
{"level":"info","message":"✅ All Background Jobs Started Successfully","service":"purely-ceylon-backend-ecosystem","timestamp":"2026-07-08 15:38:07"}
{"level":"info","message":"Server running on 5000","service":"purely-ceylon-backend-ecosystem","timestamp":"2026-07-08 15:38:07"}
{"level":"info","message":{"ip":"::1","method":"OPTIONS","url":"/api/v1/cart"},"service":"purely-ceylon-backend-ecosystem","timestamp":"2026-07-08 15:38:14"}
{"level":"info","message":{"ip":"::1","method":"OPTIONS","url":"/api/v1/wishlist"},"service":"purely-ceylon-backend-ecosystem","timestamp":"2026-07-08 15:38:14"}
{"level":"info","message":{"ip":"::1","method":"OPTIONS","url":"/api/v1/categories"},"service":"purely-ceylon-backend-ecosystem","timestamp":"2026-07-08 15:38:14"}
{"level":"info","message":{"ip":"::1","method":"OPTIONS","url":"/api/v1/products"},"service":"purely-ceylon-backend-ecosystem","timestamp":"2026-07-08 15:38:14"}
{"level":"info","message":{"ip":"::1","method":"OPTIONS","url":"/api/v1/address"},"service":"purely-ceylon-backend-ecosystem","timestamp":"2026-07-08 15:38:14"}
{"level":"info","message":{"ip":"::1","method":"OPTIONS","url":"/api/v1/wishlist"},"service":"purely-ceylon-backend-ecosystem","timestamp":"2026-07-08 15:38:14"}
{"level":"info","message":{"ip":"::1","method":"OPTIONS","url":"/api/v1/cart"},"service":"purely-ceylon-backend-ecosystem","timestamp":"2026-07-08 15:38:14"}
{"level":"info","message":{"ip":"::1","method":"OPTIONS","url":"/api/v1/cart"},"service":"purely-ceylon-backend-ecosystem","timestamp":"2026-07-08 15:38:14"}
{"level":"info","message":{"ip":"::1","method":"OPTIONS","url":"/api/v1/wishlist"},"service":"purely-ceylon-backend-ecosystem","timestamp":"2026-07-08 15:38:14"}
{"level":"info","message":{"ip":"::1","method":"OPTIONS","url":"/api/v1/categories"},"service":"purely-ceylon-backend-ecosystem","timestamp":"2026-07-08 15:38:14"}
{"level":"info","message":{"ip":"::1","method":"OPTIONS","url":"/api/v1/products"},"service":"purely-ceylon-backend-ecosystem","timestamp":"2026-07-08 15:38:14"}
{"level":"info","message":{"ip":"::1","method":"OPTIONS","url":"/api/v1/address"},"service":"purely-ceylon-backend-ecosystem","timestamp":"2026-07-08 15:38:14"}
{"level":"info","message":{"ip":"::1","method":"GET","url":"/api/v1/cart"},"service":"purely-ceylon-backend-ecosystem","timestamp":"2026-07-08 15:38:14"}
{"level":"info","message":{"ip":"::1","method":"GET","url":"/api/v1/wishlist"},"service":"purely-ceylon-backend-ecosystem","timestamp":"2026-07-08 15:38:14"}
{"level":"info","message":{"ip":"::1","method":"GET","url":"/api/v1/categories"},"service":"purely-ceylon-backend-ecosystem","timestamp":"2026-07-08 15:38:14"}
{"level":"info","message":{"ip":"::1","method":"GET","url":"/api/v1/products"},"service":"purely-ceylon-backend-ecosystem","timestamp":"2026-07-08 15:38:14"}
{"level":"info","message":{"ip":"::1","method":"GET","url":"/api/v1/address"},"service":"purely-ceylon-backend-ecosystem","timestamp":"2026-07-08 15:38:14"}
{"level":"info","message":{"ip":"::1","method":"OPTIONS","url":"/api/v1/wishlist"},"service":"purely-ceylon-backend-ecosystem","timestamp":"2026-07-08 15:38:15"}
{"level":"info","message":{"ip":"::1","method":"OPTIONS","url":"/api/v1/cart"},"service":"purely-ceylon-backend-ecosystem","timestamp":"2026-07-08 15:38:15"}
{"level":"info","message":{"ip":"::1","method":"GET","url":"/api/v1/categories"},"service":"purely-ceylon-backend-ecosystem","timestamp":"2026-07-08 15:38:15"}
{"level":"info","message":{"ip":"::1","method":"GET","url":"/api/v1/wishlist"},"service":"purely-ceylon-backend-ecosystem","timestamp":"2026-07-08 15:38:15"}
{"level":"info","message":{"ip":"::1","method":"GET","url":"/api/v1/products"},"service":"purely-ceylon-backend-ecosystem","timestamp":"2026-07-08 15:38:16"}
{"level":"info","message":{"ip":"::1","method":"GET","url":"/api/v1/cart"},"service":"purely-ceylon-backend-ecosystem","timestamp":"2026-07-08 15:38:16"}
{"level":"info","message":{"ip":"::1","method":"GET","url":"/api/v1/wishlist"},"service":"purely-ceylon-backend-ecosystem","timestamp":"2026-07-08 15:38:16"}
{"level":"info","message":{"ip":"::1","method":"GET","url":"/api/v1/address"},"service":"purely-ceylon-backend-ecosystem","timestamp":"2026-07-08 15:38:16"}
{"level":"info","message":{"ip":"::1","method":"GET","url":"/api/v1/cart"},"service":"purely-ceylon-backend-ecosystem","timestamp":"2026-07-08 15:38:16"}
{"level":"info","message":{"ip":"::1","method":"GET","url":"/api/v1/wishlist"},"service":"purely-ceylon-backend-ecosystem","timestamp":"2026-07-08 15:38:16"}
{"level":"info","message":{"ip":"::1","method":"GET","url":"/api/v1/cart"},"service":"purely-ceylon-backend-ecosystem","timestamp":"2026-07-08 15:38:16"}
{"level":"info","message":{"ip":"::1","method":"OPTIONS","url":"/api/v1/products/1ffafea7-5967-4ffb-afea-c8e88cc43117"},"service":"purely-ceylon-backend-ecosystem","timestamp":"2026-07-08 15:38:23"}
{"level":"info","message":{"ip":"::1","method":"OPTIONS","url":"/api/v1/products/1ffafea7-5967-4ffb-afea-c8e88cc43117"},"service":"purely-ceylon-backend-ecosystem","timestamp":"2026-07-08 15:38:23"}
{"level":"info","message":{"ip":"::1","method":"GET","url":"/api/v1/products/1ffafea7-5967-4ffb-afea-c8e88cc43117"},"service":"purely-ceylon-backend-ecosystem","timestamp":"2026-07-08 15:38:23"}
{"level":"info","message":{"ip":"::1","method":"GET","url":"/api/v1/products/1ffafea7-5967-4ffb-afea-c8e88cc43117"},"service":"purely-ceylon-backend-ecosystem","timestamp":"2026-07-08 15:38:23"}
{"level":"info","message":{"ip":"::1","method":"OPTIONS","url":"/api/v1/reviews/1ffafea7-5967-4ffb-afea-c8e88cc43117"},"service":"purely-ceylon-backend-ecosystem","timestamp":"2026-07-08 15:38:23"}
{"level":"info","message":{"ip":"::1","method":"GET","url":"/api/v1/reviews/1ffafea7-5967-4ffb-afea-c8e88cc43117"},"service":"purely-ceylon-backend-ecosystem","timestamp":"2026-07-08 15:38:23"}
{"level":"info","message":{"ip":"::1","method":"GET","url":"/api/v1/reviews/1ffafea7-5967-4ffb-afea-c8e88cc43117"},"service":"purely-ceylon-backend-ecosystem","timestamp":"2026-07-08 15:38:23"}
{"level":"info","message":{"ip":"::1","method":"OPTIONS","url":"/api/v1/questions/1ffafea7-5967-4ffb-afea-c8e88cc43117"},"service":"purely-ceylon-backend-ecosystem","timestamp":"2026-07-08 15:38:23"}
{"level":"info","message":{"ip":"::1","method":"GET","url":"/api/v1/questions/1ffafea7-5967-4ffb-afea-c8e88cc43117"},"service":"purely-ceylon-backend-ecosystem","timestamp":"2026-07-08 15:38:23"}
{"level":"info","message":{"ip":"::1","method":"GET","url":"/api/v1/questions/1ffafea7-5967-4ffb-afea-c8e88cc43117"},"service":"purely-ceylon-backend-ecosystem","timestamp":"2026-07-08 15:38:23"}
{"level":"info","message":"Gracefully shutting down...","service":"purely-ceylon-backend-ecosystem","timestamp":"2026-07-08 15:39:21"}
{"level":"info","message":"✅ All Background Jobs Started Successfully","service":"purely-ceylon-backend-ecosystem","timestamp":"2026-07-08 15:45:25"}
{"level":"info","message":"Server running on 5000","service":"purely-ceylon-backend-ecosystem","timestamp":"2026-07-08 15:45:25"}
{"level":"info","message":{"ip":"::1","method":"OPTIONS","url":"/api/v1/cart"},"service":"purely-ceylon-backend-ecosystem","timestamp":"2026-07-08 15:45:29"}
{"level":"info","message":{"ip":"::1","method":"OPTIONS","url":"/api/v1/wishlist"},"service":"purely-ceylon-backend-ecosystem","timestamp":"2026-07-08 15:45:29"}
{"level":"info","message":{"ip":"::1","method":"OPTIONS","url":"/api/v1/products/1ffafea7-5967-4ffb-afea-c8e88cc43117"},"service":"purely-ceylon-backend-ecosystem","timestamp":"2026-07-08 15:45:29"}
{"level":"info","message":{"ip":"::1","method":"OPTIONS","url":"/api/v1/address"},"service":"purely-ceylon-backend-ecosystem","timestamp":"2026-07-08 15:45:29"}
{"level":"info","message":{"ip":"::1","method":"OPTIONS","url":"/api/v1/wishlist"},"service":"purely-ceylon-backend-ecosystem","timestamp":"2026-07-08 15:45:29"}
{"level":"info","message":{"ip":"::1","method":"OPTIONS","url":"/api/v1/cart"},"service":"purely-ceylon-backend-ecosystem","timestamp":"2026-07-08 15:45:29"}
{"level":"info","message":{"ip":"::1","method":"OPTIONS","url":"/api/v1/cart"},"service":"purely-ceylon-backend-ecosystem","timestamp":"2026-07-08 15:45:29"}
{"level":"info","message":{"ip":"::1","method":"OPTIONS","url":"/api/v1/wishlist"},"service":"purely-ceylon-backend-ecosystem","timestamp":"2026-07-08 15:45:29"}
{"level":"info","message":{"ip":"::1","method":"OPTIONS","url":"/api/v1/products/1ffafea7-5967-4ffb-afea-c8e88cc43117"},"service":"purely-ceylon-backend-ecosystem","timestamp":"2026-07-08 15:45:29"}
{"level":"info","message":{"ip":"::1","method":"OPTIONS","url":"/api/v1/address"},"service":"purely-ceylon-backend-ecosystem","timestamp":"2026-07-08 15:45:29"}
{"level":"info","message":{"ip":"::1","method":"OPTIONS","url":"/api/v1/wishlist"},"service":"purely-ceylon-backend-ecosystem","timestamp":"2026-07-08 15:45:29"}
{"level":"info","message":{"ip":"::1","method":"OPTIONS","url":"/api/v1/cart"},"service":"purely-ceylon-backend-ecosystem","timestamp":"2026-07-08 15:45:29"}
{"level":"info","message":{"ip":"::1","method":"GET","url":"/api/v1/cart"},"service":"purely-ceylon-backend-ecosystem","timestamp":"2026-07-08 15:45:30"}
{"level":"info","message":{"ip":"::1","method":"GET","url":"/api/v1/wishlist"},"service":"purely-ceylon-backend-ecosystem","timestamp":"2026-07-08 15:45:30"}
{"level":"info","message":{"ip":"::1","method":"GET","url":"/api/v1/products/1ffafea7-5967-4ffb-afea-c8e88cc43117"},"service":"purely-ceylon-backend-ecosystem","timestamp":"2026-07-08 15:45:30"}
{"level":"info","message":{"ip":"::1","method":"GET","url":"/api/v1/address"},"service":"purely-ceylon-backend-ecosystem","timestamp":"2026-07-08 15:45:30"}
{"level":"info","message":{"ip":"::1","method":"GET","url":"/api/v1/cart"},"service":"purely-ceylon-backend-ecosystem","timestamp":"2026-07-08 15:45:31"}
{"level":"info","message":{"ip":"::1","method":"GET","url":"/api/v1/wishlist"},"service":"purely-ceylon-backend-ecosystem","timestamp":"2026-07-08 15:45:31"}
{"level":"info","message":{"ip":"::1","method":"GET","url":"/api/v1/products/1ffafea7-5967-4ffb-afea-c8e88cc43117"},"service":"purely-ceylon-backend-ecosystem","timestamp":"2026-07-08 15:45:31"}
{"level":"info","message":{"ip":"::1","method":"OPTIONS","url":"/api/v1/reviews/1ffafea7-5967-4ffb-afea-c8e88cc43117"},"service":"purely-ceylon-backend-ecosystem","timestamp":"2026-07-08 15:45:31"}
{"level":"info","message":{"ip":"::1","method":"GET","url":"/api/v1/reviews/1ffafea7-5967-4ffb-afea-c8e88cc43117"},"service":"purely-ceylon-backend-ecosystem","timestamp":"2026-07-08 15:45:31"}
{"level":"info","message":{"ip":"::1","method":"GET","url":"/api/v1/cart"},"service":"purely-ceylon-backend-ecosystem","timestamp":"2026-07-08 15:45:31"}
{"level":"info","message":{"ip":"::1","method":"GET","url":"/api/v1/wishlist"},"service":"purely-ceylon-backend-ecosystem","timestamp":"2026-07-08 15:45:31"}
{"level":"info","message":{"ip":"::1","method":"GET","url":"/api/v1/address"},"service":"purely-ceylon-backend-ecosystem","timestamp":"2026-07-08 15:45:31"}
{"level":"info","message":{"ip":"::1","method":"GET","url":"/api/v1/cart"},"service":"purely-ceylon-backend-ecosystem","timestamp":"2026-07-08 15:45:32"}
{"level":"info","message":{"ip":"::1","method":"GET","url":"/api/v1/wishlist"},"service":"purely-ceylon-backend-ecosystem","timestamp":"2026-07-08 15:45:32"}
{"level":"info","message":{"ip":"::1","method":"GET","url":"/api/v1/reviews/1ffafea7-5967-4ffb-afea-c8e88cc43117"},"service":"purely-ceylon-backend-ecosystem","timestamp":"2026-07-08 15:45:32"}
{"level":"info","message":{"ip":"::1","method":"OPTIONS","url":"/api/v1/questions/1ffafea7-5967-4ffb-afea-c8e88cc43117"},"service":"purely-ceylon-backend-ecosystem","timestamp":"2026-07-08 15:45:32"}
{"level":"info","message":{"ip":"::1","method":"GET","url":"/api/v1/questions/1ffafea7-5967-4ffb-afea-c8e88cc43117"},"service":"purely-ceylon-backend-ecosystem","timestamp":"2026-07-08 15:45:32"}
{"level":"info","message":{"ip":"::1","method":"GET","url":"/api/v1/questions/1ffafea7-5967-4ffb-afea-c8e88cc43117"},"service":"purely-ceylon-backend-ecosystem","timestamp":"2026-07-08 15:45:32"}
{"level":"info","message":{"ip":"::1","method":"OPTIONS","url":"/api/v1/cart/add"},"service":"purely-ceylon-backend-ecosystem","timestamp":"2026-07-08 15:45:36"}
{"level":"info","message":{"ip":"::1","method":"POST","url":"/api/v1/cart/add"},"service":"purely-ceylon-backend-ecosystem","timestamp":"2026-07-08 15:45:36"}
{"level":"info","message":{"ip":"::1","method":"OPTIONS","url":"/api/v1/cart"},"service":"purely-ceylon-backend-ecosystem","timestamp":"2026-07-08 15:45:38"}
{"level":"info","message":{"ip":"::1","method":"GET","url":"/api/v1/cart"},"service":"purely-ceylon-backend-ecosystem","timestamp":"2026-07-08 15:45:38"}
{"level":"info","message":{"ip":"::1","method":"OPTIONS","url":"/api/v1/cart"},"service":"purely-ceylon-backend-ecosystem","timestamp":"2026-07-08 15:45:45"}
{"level":"info","message":{"ip":"::1","method":"OPTIONS","url":"/api/v1/cart"},"service":"purely-ceylon-backend-ecosystem","timestamp":"2026-07-08 15:45:45"}
{"level":"info","message":{"ip":"::1","method":"GET","url":"/api/v1/cart"},"service":"purely-ceylon-backend-ecosystem","timestamp":"2026-07-08 15:45:45"}
{"level":"info","message":{"ip":"::1","method":"GET","url":"/api/v1/cart"},"service":"purely-ceylon-backend-ecosystem","timestamp":"2026-07-08 15:45:45"}
{"level":"info","message":{"ip":"::1","method":"OPTIONS","url":"/api/v1/categories"},"service":"purely-ceylon-backend-ecosystem","timestamp":"2026-07-08 15:45:51"}
{"level":"info","message":{"ip":"::1","method":"OPTIONS","url":"/api/v1/products"},"service":"purely-ceylon-backend-ecosystem","timestamp":"2026-07-08 15:45:51"}
{"level":"info","message":{"ip":"::1","method":"OPTIONS","url":"/api/v1/products"},"service":"purely-ceylon-backend-ecosystem","timestamp":"2026-07-08 15:45:51"}
{"level":"info","message":{"ip":"::1","method":"OPTIONS","url":"/api/v1/categories"},"service":"purely-ceylon-backend-ecosystem","timestamp":"2026-07-08 15:45:51"}
{"level":"info","message":{"ip":"::1","method":"GET","url":"/api/v1/categories"},"service":"purely-ceylon-backend-ecosystem","timestamp":"2026-07-08 15:45:51"}
{"level":"info","message":{"ip":"::1","method":"GET","url":"/api/v1/products"},"service":"purely-ceylon-backend-ecosystem","timestamp":"2026-07-08 15:45:51"}
{"level":"info","message":{"ip":"::1","method":"GET","url":"/api/v1/products"},"service":"purely-ceylon-backend-ecosystem","timestamp":"2026-07-08 15:45:51"}
{"level":"info","message":{"ip":"::1","method":"GET","url":"/api/v1/categories"},"service":"purely-ceylon-backend-ecosystem","timestamp":"2026-07-08 15:45:51"}
{"level":"info","message":{"ip":"::1","method":"OPTIONS","url":"/api/v1/cart/add"},"service":"purely-ceylon-backend-ecosystem","timestamp":"2026-07-08 15:45:53"}
{"level":"info","message":{"ip":"::1","method":"POST","url":"/api/v1/cart/add"},"service":"purely-ceylon-backend-ecosystem","timestamp":"2026-07-08 15:45:53"}
{"level":"info","message":{"ip":"::1","method":"OPTIONS","url":"/api/v1/cart"},"service":"purely-ceylon-backend-ecosystem","timestamp":"2026-07-08 15:45:55"}
{"level":"info","message":{"ip":"::1","method":"OPTIONS","url":"/api/v1/cart"},"service":"purely-ceylon-backend-ecosystem","timestamp":"2026-07-08 15:45:55"}
{"level":"info","message":{"ip":"::1","method":"GET","url":"/api/v1/cart"},"service":"purely-ceylon-backend-ecosystem","timestamp":"2026-07-08 15:45:55"}
{"level":"info","message":{"ip":"::1","method":"GET","url":"/api/v1/cart"},"service":"purely-ceylon-backend-ecosystem","timestamp":"2026-07-08 15:45:55"}
{"level":"info","message":{"ip":"::1","method":"OPTIONS","url":"/api/v1/cart"},"service":"purely-ceylon-backend-ecosystem","timestamp":"2026-07-08 15:46:11"}
{"level":"info","message":{"ip":"::1","method":"OPTIONS","url":"/api/v1/cart"},"service":"purely-ceylon-backend-ecosystem","timestamp":"2026-07-08 15:46:11"}
{"level":"info","message":{"ip":"::1","method":"OPTIONS","url":"/api/v1/wishlist"},"service":"purely-ceylon-backend-ecosystem","timestamp":"2026-07-08 15:46:11"}
{"level":"info","message":{"ip":"::1","method":"OPTIONS","url":"/api/v1/wishlist"},"service":"purely-ceylon-backend-ecosystem","timestamp":"2026-07-08 15:46:11"}
{"level":"info","message":{"ip":"::1","method":"OPTIONS","url":"/api/v1/cart"},"service":"purely-ceylon-backend-ecosystem","timestamp":"2026-07-08 15:46:11"}
{"level":"info","message":{"ip":"::1","method":"OPTIONS","url":"/api/v1/address"},"service":"purely-ceylon-backend-ecosystem","timestamp":"2026-07-08 15:46:11"}
{"level":"info","message":{"ip":"::1","method":"OPTIONS","url":"/api/v1/wishlist"},"service":"purely-ceylon-backend-ecosystem","timestamp":"2026-07-08 15:46:12"}
{"level":"info","message":{"ip":"::1","method":"OPTIONS","url":"/api/v1/cart"},"service":"purely-ceylon-backend-ecosystem","timestamp":"2026-07-08 15:46:12"}
{"level":"info","message":{"ip":"::1","method":"OPTIONS","url":"/api/v1/cart"},"service":"purely-ceylon-backend-ecosystem","timestamp":"2026-07-08 15:46:12"}
{"level":"info","message":{"ip":"::1","method":"OPTIONS","url":"/api/v1/address"},"service":"purely-ceylon-backend-ecosystem","timestamp":"2026-07-08 15:46:12"}
{"level":"info","message":{"ip":"::1","method":"OPTIONS","url":"/api/v1/wishlist"},"service":"purely-ceylon-backend-ecosystem","timestamp":"2026-07-08 15:46:12"}
{"level":"info","message":{"ip":"::1","method":"OPTIONS","url":"/api/v1/cart"},"service":"purely-ceylon-backend-ecosystem","timestamp":"2026-07-08 15:46:12"}
{"level":"info","message":{"ip":"::1","method":"GET","url":"/api/v1/cart"},"service":"purely-ceylon-backend-ecosystem","timestamp":"2026-07-08 15:46:12"}
{"level":"info","message":{"ip":"::1","method":"GET","url":"/api/v1/wishlist"},"service":"purely-ceylon-backend-ecosystem","timestamp":"2026-07-08 15:46:12"}
{"level":"info","message":{"ip":"::1","method":"GET","url":"/api/v1/address"},"service":"purely-ceylon-backend-ecosystem","timestamp":"2026-07-08 15:46:13"}
{"level":"info","message":{"ip":"::1","method":"GET","url":"/api/v1/wishlist"},"service":"purely-ceylon-backend-ecosystem","timestamp":"2026-07-08 15:46:13"}
{"level":"info","message":{"ip":"::1","method":"GET","url":"/api/v1/address"},"service":"purely-ceylon-backend-ecosystem","timestamp":"2026-07-08 15:46:13"}
{"level":"info","message":{"ip":"::1","method":"GET","url":"/api/v1/cart"},"service":"purely-ceylon-backend-ecosystem","timestamp":"2026-07-08 15:46:13"}
{"level":"info","message":{"ip":"::1","method":"GET","url":"/api/v1/wishlist"},"service":"purely-ceylon-backend-ecosystem","timestamp":"2026-07-08 15:46:13"}
{"level":"info","message":{"ip":"::1","method":"GET","url":"/api/v1/wishlist"},"service":"purely-ceylon-backend-ecosystem","timestamp":"2026-07-08 15:46:13"}
{"level":"info","message":{"ip":"::1","method":"GET","url":"/api/v1/cart"},"service":"purely-ceylon-backend-ecosystem","timestamp":"2026-07-08 15:46:14"}
{"level":"info","message":{"ip":"::1","method":"GET","url":"/api/v1/cart"},"service":"purely-ceylon-backend-ecosystem","timestamp":"2026-07-08 15:46:14"}
{"level":"info","message":{"ip":"::1","method":"GET","url":"/api/v1/cart"},"service":"purely-ceylon-backend-ecosystem","timestamp":"2026-07-08 15:46:14"}
{"level":"info","message":{"ip":"::1","method":"GET","url":"/api/v1/cart"},"service":"purely-ceylon-backend-ecosystem","timestamp":"2026-07-08 15:46:14"}
{"level":"info","message":{"ip":"::1","method":"OPTIONS","url":"/api/v1/auth/login"},"service":"purely-ceylon-backend-ecosystem","timestamp":"2026-07-08 15:48:09"}
{"level":"info","message":{"ip":"::1","method":"POST","url":"/api/v1/auth/login"},"service":"purely-ceylon-backend-ecosystem","timestamp":"2026-07-08 15:48:09"}
{"level":"info","message":{"email":"musabhafiz995@gmail.com","event":"LOGIN_SUCCESS"},"service":"purely-ceylon-backend-ecosystem","timestamp":"2026-07-08 15:48:09"}
{"level":"info","message":{"ip":"::1","method":"OPTIONS","url":"/api/v1/cart"},"service":"purely-ceylon-backend-ecosystem","timestamp":"2026-07-08 15:48:11"}
{"level":"info","message":{"ip":"::1","method":"OPTIONS","url":"/api/v1/wishlist"},"service":"purely-ceylon-backend-ecosystem","timestamp":"2026-07-08 15:48:11"}
{"level":"info","message":{"ip":"::1","method":"OPTIONS","url":"/api/v1/categories"},"service":"purely-ceylon-backend-ecosystem","timestamp":"2026-07-08 15:48:11"}
{"level":"info","message":{"ip":"::1","method":"OPTIONS","url":"/api/v1/products"},"service":"purely-ceylon-backend-ecosystem","timestamp":"2026-07-08 15:48:11"}
{"level":"info","message":{"ip":"::1","method":"OPTIONS","url":"/api/v1/categories"},"service":"purely-ceylon-backend-ecosystem","timestamp":"2026-07-08 15:48:11"}
{"level":"info","message":{"ip":"::1","method":"OPTIONS","url":"/api/v1/products"},"service":"purely-ceylon-backend-ecosystem","timestamp":"2026-07-08 15:48:11"}
{"level":"info","message":{"ip":"::1","method":"GET","url":"/api/v1/cart"},"service":"purely-ceylon-backend-ecosystem","timestamp":"2026-07-08 15:48:11"}
{"level":"info","message":{"ip":"::1","method":"GET","url":"/api/v1/wishlist"},"service":"purely-ceylon-backend-ecosystem","timestamp":"2026-07-08 15:48:11"}
{"level":"info","message":{"ip":"::1","method":"GET","url":"/api/v1/categories"},"service":"purely-ceylon-backend-ecosystem","timestamp":"2026-07-08 15:48:11"}
{"level":"info","message":{"ip":"::1","method":"GET","url":"/api/v1/products"},"service":"purely-ceylon-backend-ecosystem","timestamp":"2026-07-08 15:48:11"}
{"level":"info","message":{"ip":"::1","method":"GET","url":"/api/v1/categories"},"service":"purely-ceylon-backend-ecosystem","timestamp":"2026-07-08 15:48:11"}
{"level":"info","message":{"ip":"::1","method":"GET","url":"/api/v1/products"},"service":"purely-ceylon-backend-ecosystem","timestamp":"2026-07-08 15:48:11"}
{"level":"info","message":{"ip":"::1","method":"OPTIONS","url":"/api/v1/cart/add"},"service":"purely-ceylon-backend-ecosystem","timestamp":"2026-07-08 15:48:14"}
{"level":"info","message":{"ip":"::1","method":"POST","url":"/api/v1/cart/add"},"service":"purely-ceylon-backend-ecosystem","timestamp":"2026-07-08 15:48:14"}
{"level":"info","message":{"ip":"::1","method":"GET","url":"/api/v1/cart"},"service":"purely-ceylon-backend-ecosystem","timestamp":"2026-07-08 15:48:16"}
{"level":"info","message":{"ip":"::1","method":"GET","url":"/api/v1/cart"},"service":"purely-ceylon-backend-ecosystem","timestamp":"2026-07-08 15:48:16"}
{"level":"info","message":{"ip":"::1","method":"OPTIONS","url":"/api/v1/products"},"service":"purely-ceylon-backend-ecosystem","timestamp":"2026-07-08 15:48:20"}
{"level":"info","message":{"ip":"::1","method":"OPTIONS","url":"/api/v1/categories"},"service":"purely-ceylon-backend-ecosystem","timestamp":"2026-07-08 15:48:20"}
{"level":"info","message":{"ip":"::1","method":"OPTIONS","url":"/api/v1/products"},"service":"purely-ceylon-backend-ecosystem","timestamp":"2026-07-08 15:48:20"}
{"level":"info","message":{"ip":"::1","method":"GET","url":"/api/v1/products"},"service":"purely-ceylon-backend-ecosystem","timestamp":"2026-07-08 15:48:20"}
{"level":"info","message":{"ip":"::1","method":"OPTIONS","url":"/api/v1/categories"},"service":"purely-ceylon-backend-ecosystem","timestamp":"2026-07-08 15:48:20"}
{"level":"info","message":{"ip":"::1","method":"GET","url":"/api/v1/categories"},"service":"purely-ceylon-backend-ecosystem","timestamp":"2026-07-08 15:48:20"}
{"level":"info","message":{"ip":"::1","method":"GET","url":"/api/v1/products"},"service":"purely-ceylon-backend-ecosystem","timestamp":"2026-07-08 15:48:20"}
{"level":"info","message":{"ip":"::1","method":"GET","url":"/api/v1/categories"},"service":"purely-ceylon-backend-ecosystem","timestamp":"2026-07-08 15:48:20"}
{"level":"info","message":{"ip":"::1","method":"OPTIONS","url":"/api/v1/wishlist/add"},"service":"purely-ceylon-backend-ecosystem","timestamp":"2026-07-08 15:48:21"}
{"level":"info","message":{"ip":"::1","method":"POST","url":"/api/v1/wishlist/add"},"service":"purely-ceylon-backend-ecosystem","timestamp":"2026-07-08 15:48:21"}
{"level":"info","message":{"ip":"::1","method":"OPTIONS","url":"/api/v1/cart"},"service":"purely-ceylon-backend-ecosystem","timestamp":"2026-07-08 15:48:24"}
{"level":"info","message":{"ip":"::1","method":"OPTIONS","url":"/api/v1/wishlist"},"service":"purely-ceylon-backend-ecosystem","timestamp":"2026-07-08 15:48:25"}
{"level":"info","message":{"ip":"::1","method":"OPTIONS","url":"/api/v1/address"},"service":"purely-ceylon-backend-ecosystem","timestamp":"2026-07-08 15:48:25"}
{"level":"info","message":{"ip":"::1","method":"OPTIONS","url":"/api/v1/wishlist"},"service":"purely-ceylon-backend-ecosystem","timestamp":"2026-07-08 15:48:25"}
{"level":"info","message":{"ip":"::1","method":"OPTIONS","url":"/api/v1/wishlist"},"service":"purely-ceylon-backend-ecosystem","timestamp":"2026-07-08 15:48:25"}
{"level":"info","message":{"ip":"::1","method":"OPTIONS","url":"/api/v1/wishlist"},"service":"purely-ceylon-backend-ecosystem","timestamp":"2026-07-08 15:48:25"}
{"level":"info","message":{"ip":"::1","method":"OPTIONS","url":"/api/v1/cart"},"service":"purely-ceylon-backend-ecosystem","timestamp":"2026-07-08 15:48:25"}
{"level":"info","message":{"ip":"::1","method":"OPTIONS","url":"/api/v1/cart"},"service":"purely-ceylon-backend-ecosystem","timestamp":"2026-07-08 15:48:25"}
{"level":"info","message":{"ip":"::1","method":"GET","url":"/api/v1/categories"},"service":"purely-ceylon-backend-ecosystem","timestamp":"2026-07-08 15:48:25"}
{"level":"info","message":{"ip":"::1","method":"GET","url":"/api/v1/products"},"service":"purely-ceylon-backend-ecosystem","timestamp":"2026-07-08 15:48:25"}
{"level":"info","message":{"ip":"::1","method":"OPTIONS","url":"/api/v1/address"},"service":"purely-ceylon-backend-ecosystem","timestamp":"2026-07-08 15:48:25"}
{"level":"info","message":{"ip":"::1","method":"OPTIONS","url":"/api/v1/cart"},"service":"purely-ceylon-backend-ecosystem","timestamp":"2026-07-08 15:48:25"}
{"level":"info","message":{"ip":"::1","method":"GET","url":"/api/v1/cart"},"service":"purely-ceylon-backend-ecosystem","timestamp":"2026-07-08 15:48:25"}
{"level":"info","message":{"ip":"::1","method":"GET","url":"/api/v1/wishlist"},"service":"purely-ceylon-backend-ecosystem","timestamp":"2026-07-08 15:48:25"}
{"level":"info","message":{"ip":"::1","method":"GET","url":"/api/v1/address"},"service":"purely-ceylon-backend-ecosystem","timestamp":"2026-07-08 15:48:25"}
{"level":"info","message":{"ip":"::1","method":"GET","url":"/api/v1/categories"},"service":"purely-ceylon-backend-ecosystem","timestamp":"2026-07-08 15:48:25"}
{"level":"info","message":{"ip":"::1","method":"GET","url":"/api/v1/products"},"service":"purely-ceylon-backend-ecosystem","timestamp":"2026-07-08 15:48:25"}
{"level":"info","message":{"ip":"::1","method":"GET","url":"/api/v1/wishlist"},"service":"purely-ceylon-backend-ecosystem","timestamp":"2026-07-08 15:48:25"}
{"level":"info","message":{"ip":"::1","method":"GET","url":"/api/v1/address"},"service":"purely-ceylon-backend-ecosystem","timestamp":"2026-07-08 15:48:25"}
{"level":"info","message":{"ip":"::1","method":"GET","url":"/api/v1/cart"},"service":"purely-ceylon-backend-ecosystem","timestamp":"2026-07-08 15:48:25"}
{"level":"info","message":{"ip":"::1","method":"GET","url":"/api/v1/wishlist"},"service":"purely-ceylon-backend-ecosystem","timestamp":"2026-07-08 15:48:25"}
{"level":"info","message":{"ip":"::1","method":"GET","url":"/api/v1/cart"},"service":"purely-ceylon-backend-ecosystem","timestamp":"2026-07-08 15:48:25"}
{"level":"info","message":{"ip":"::1","method":"GET","url":"/api/v1/wishlist"},"service":"purely-ceylon-backend-ecosystem","timestamp":"2026-07-08 15:48:25"}
{"level":"info","message":{"ip":"::1","method":"GET","url":"/api/v1/cart"},"service":"purely-ceylon-backend-ecosystem","timestamp":"2026-07-08 15:48:25"}
{"level":"info","message":{"ip":"::1","method":"GET","url":"/api/v1/wishlist"},"service":"purely-ceylon-backend-ecosystem","timestamp":"2026-07-08 15:48:27"}
{"level":"info","message":{"ip":"::1","method":"GET","url":"/api/v1/wishlist"},"service":"purely-ceylon-backend-ecosystem","timestamp":"2026-07-08 15:48:27"}
{"level":"info","message":{"ip":"::1","method":"GET","url":"/api/v1/wishlist"},"service":"purely-ceylon-backend-ecosystem","timestamp":"2026-07-08 15:48:27"}
{"level":"info","message":{"ip":"::1","method":"GET","url":"/api/v1/wishlist"},"service":"purely-ceylon-backend-ecosystem","timestamp":"2026-07-08 15:48:27"}
{"level":"info","message":{"ip":"::1","method":"GET","url":"/api/v1/cart"},"service":"purely-ceylon-backend-ecosystem","timestamp":"2026-07-08 15:48:28"}
{"level":"info","message":{"ip":"::1","method":"GET","url":"/api/v1/cart"},"service":"purely-ceylon-backend-ecosystem","timestamp":"2026-07-08 15:48:28"}
{"level":"info","message":"📧 Processing Email Queue","service":"purely-ceylon-backend-ecosystem","timestamp":"2026-07-08 15:50:00"}
{"level":"info","message":{"ip":"::1","method":"OPTIONS","url":"/api/v1/wishlist"},"service":"purely-ceylon-backend-ecosystem","timestamp":"2026-07-08 15:52:04"}
{"level":"info","message":{"ip":"::1","method":"OPTIONS","url":"/api/v1/cart"},"service":"purely-ceylon-backend-ecosystem","timestamp":"2026-07-08 15:52:05"}
{"level":"info","message":{"ip":"::1","method":"OPTIONS","url":"/api/v1/cart"},"service":"purely-ceylon-backend-ecosystem","timestamp":"2026-07-08 15:52:05"}
{"level":"info","message":{"ip":"::1","method":"OPTIONS","url":"/api/v1/address"},"service":"purely-ceylon-backend-ecosystem","timestamp":"2026-07-08 15:52:05"}
{"level":"info","message":{"ip":"::1","method":"OPTIONS","url":"/api/v1/cart"},"service":"purely-ceylon-backend-ecosystem","timestamp":"2026-07-08 15:52:05"}
{"level":"info","message":{"ip":"::1","method":"OPTIONS","url":"/api/v1/wishlist"},"service":"purely-ceylon-backend-ecosystem","timestamp":"2026-07-08 15:52:05"}
{"level":"info","message":{"ip":"::1","method":"OPTIONS","url":"/api/v1/cart"},"service":"purely-ceylon-backend-ecosystem","timestamp":"2026-07-08 15:52:05"}
{"level":"info","message":{"ip":"::1","method":"OPTIONS","url":"/api/v1/wishlist"},"service":"purely-ceylon-backend-ecosystem","timestamp":"2026-07-08 15:52:05"}
{"level":"info","message":{"ip":"::1","method":"OPTIONS","url":"/api/v1/cart"},"service":"purely-ceylon-backend-ecosystem","timestamp":"2026-07-08 15:52:05"}
{"level":"info","message":{"ip":"::1","method":"OPTIONS","url":"/api/v1/address"},"service":"purely-ceylon-backend-ecosystem","timestamp":"2026-07-08 15:52:05"}
{"level":"info","message":{"ip":"::1","method":"OPTIONS","url":"/api/v1/wishlist"},"service":"purely-ceylon-backend-ecosystem","timestamp":"2026-07-08 15:52:05"}
{"level":"info","message":{"ip":"::1","method":"OPTIONS","url":"/api/v1/cart"},"service":"purely-ceylon-backend-ecosystem","timestamp":"2026-07-08 15:52:05"}
{"level":"info","message":{"ip":"::1","method":"GET","url":"/api/v1/wishlist"},"service":"purely-ceylon-backend-ecosystem","timestamp":"2026-07-08 15:52:05"}
{"level":"info","message":{"ip":"::1","method":"GET","url":"/api/v1/cart"},"service":"purely-ceylon-backend-ecosystem","timestamp":"2026-07-08 15:52:06"}
{"level":"info","message":{"ip":"::1","method":"GET","url":"/api/v1/address"},"service":"purely-ceylon-backend-ecosystem","timestamp":"2026-07-08 15:52:06"}
{"level":"info","message":{"ip":"::1","method":"GET","url":"/api/v1/wishlist"},"service":"purely-ceylon-backend-ecosystem","timestamp":"2026-07-08 15:52:07"}
{"level":"info","message":{"ip":"::1","method":"GET","url":"/api/v1/address"},"service":"purely-ceylon-backend-ecosystem","timestamp":"2026-07-08 15:52:08"}
{"level":"info","message":{"ip":"::1","method":"GET","url":"/api/v1/cart"},"service":"purely-ceylon-backend-ecosystem","timestamp":"2026-07-08 15:52:08"}
{"level":"info","message":{"ip":"::1","method":"GET","url":"/api/v1/wishlist"},"service":"purely-ceylon-backend-ecosystem","timestamp":"2026-07-08 15:52:08"}
{"level":"info","message":{"ip":"::1","method":"GET","url":"/api/v1/wishlist"},"service":"purely-ceylon-backend-ecosystem","timestamp":"2026-07-08 15:52:08"}
{"level":"info","message":{"ip":"::1","method":"GET","url":"/api/v1/cart"},"service":"purely-ceylon-backend-ecosystem","timestamp":"2026-07-08 15:52:09"}
{"level":"info","message":{"ip":"::1","method":"GET","url":"/api/v1/cart"},"service":"purely-ceylon-backend-ecosystem","timestamp":"2026-07-08 15:52:09"}
{"level":"info","message":{"ip":"::1","method":"GET","url":"/api/v1/cart"},"service":"purely-ceylon-backend-ecosystem","timestamp":"2026-07-08 15:52:09"}
{"level":"info","message":{"ip":"::1","method":"GET","url":"/api/v1/cart"},"service":"purely-ceylon-backend-ecosystem","timestamp":"2026-07-08 15:52:09"}
{"level":"info","message":"📧 Processing Email Queue","service":"purely-ceylon-backend-ecosystem","timestamp":"2026-07-08 15:55:00"}
{"level":"info","message":"📄 Checking Expired RFQs","service":"purely-ceylon-backend-ecosystem","timestamp":"2026-07-08 16:00:00"}
{"level":"info","message":"📧 Processing Email Queue","service":"purely-ceylon-backend-ecosystem","timestamp":"2026-07-08 16:00:00"}
{"level":"info","message":"📧 Processing Email Queue","service":"purely-ceylon-backend-ecosystem","timestamp":"2026-07-08 16:05:00"}
{"level":"info","message":"📧 Processing Email Queue","service":"purely-ceylon-backend-ecosystem","timestamp":"2026-07-08 16:10:00"}
{"level":"info","message":"📧 Processing Email Queue","service":"purely-ceylon-backend-ecosystem","timestamp":"2026-07-08 16:15:00"}
{"level":"info","message":"📧 Processing Email Queue","service":"purely-ceylon-backend-ecosystem","timestamp":"2026-07-08 16:20:00"}
{"level":"info","message":"Gracefully shutting down...","service":"purely-ceylon-backend-ecosystem","timestamp":"2026-07-08 16:20:14"}
{"level":"info","message":"✅ All Background Jobs Started Successfully","service":"purely-ceylon-backend-ecosystem","timestamp":"2026-07-08 16:21:47"}
{"level":"info","message":"Server running on 5000","service":"purely-ceylon-backend-ecosystem","timestamp":"2026-07-08 16:21:47"}
{"level":"info","message":{"ip":"::1","method":"OPTIONS","url":"/api/v1/cart"},"service":"purely-ceylon-backend-ecosystem","timestamp":"2026-07-08 16:21:51"}
{"level":"info","message":{"ip":"::1","method":"OPTIONS","url":"/api/v1/categories"},"service":"purely-ceylon-backend-ecosystem","timestamp":"2026-07-08 16:21:51"}
{"level":"info","message":{"ip":"::1","method":"OPTIONS","url":"/api/v1/wishlist"},"service":"purely-ceylon-backend-ecosystem","timestamp":"2026-07-08 16:21:51"}
{"level":"info","message":{"ip":"::1","method":"OPTIONS","url":"/api/v1/products"},"service":"purely-ceylon-backend-ecosystem","timestamp":"2026-07-08 16:21:51"}
{"level":"info","message":{"ip":"::1","method":"OPTIONS","url":"/api/v1/wishlist"},"service":"purely-ceylon-backend-ecosystem","timestamp":"2026-07-08 16:21:51"}
{"level":"info","message":{"ip":"::1","method":"OPTIONS","url":"/api/v1/address"},"service":"purely-ceylon-backend-ecosystem","timestamp":"2026-07-08 16:21:51"}
{"level":"info","message":{"ip":"::1","method":"OPTIONS","url":"/api/v1/cart"},"service":"purely-ceylon-backend-ecosystem","timestamp":"2026-07-08 16:21:51"}
{"level":"info","message":{"ip":"::1","method":"OPTIONS","url":"/api/v1/cart"},"service":"purely-ceylon-backend-ecosystem","timestamp":"2026-07-08 16:21:51"}
{"level":"info","message":{"ip":"::1","method":"OPTIONS","url":"/api/v1/wishlist"},"service":"purely-ceylon-backend-ecosystem","timestamp":"2026-07-08 16:21:51"}
{"level":"info","message":{"ip":"::1","method":"OPTIONS","url":"/api/v1/categories"},"service":"purely-ceylon-backend-ecosystem","timestamp":"2026-07-08 16:21:51"}
{"level":"info","message":{"ip":"::1","method":"OPTIONS","url":"/api/v1/products"},"service":"purely-ceylon-backend-ecosystem","timestamp":"2026-07-08 16:21:51"}
{"level":"info","message":{"ip":"::1","method":"OPTIONS","url":"/api/v1/address"},"service":"purely-ceylon-backend-ecosystem","timestamp":"2026-07-08 16:21:51"}
{"level":"info","message":{"ip":"::1","method":"OPTIONS","url":"/api/v1/wishlist"},"service":"purely-ceylon-backend-ecosystem","timestamp":"2026-07-08 16:21:52"}
{"level":"info","message":{"ip":"::1","method":"OPTIONS","url":"/api/v1/cart"},"service":"purely-ceylon-backend-ecosystem","timestamp":"2026-07-08 16:21:52"}
{"level":"info","message":{"ip":"::1","method":"GET","url":"/api/v1/cart"},"service":"purely-ceylon-backend-ecosystem","timestamp":"2026-07-08 16:21:52"}
{"level":"info","message":{"ip":"::1","method":"GET","url":"/api/v1/categories"},"service":"purely-ceylon-backend-ecosystem","timestamp":"2026-07-08 16:21:52"}
{"level":"info","message":{"ip":"::1","method":"GET","url":"/api/v1/wishlist"},"service":"purely-ceylon-backend-ecosystem","timestamp":"2026-07-08 16:21:52"}
{"level":"info","message":{"ip":"::1","method":"GET","url":"/api/v1/products"},"service":"purely-ceylon-backend-ecosystem","timestamp":"2026-07-08 16:21:52"}
{"level":"info","message":{"ip":"::1","method":"GET","url":"/api/v1/address"},"service":"purely-ceylon-backend-ecosystem","timestamp":"2026-07-08 16:21:52"}
{"level":"info","message":{"ip":"::1","method":"GET","url":"/api/v1/categories"},"service":"purely-ceylon-backend-ecosystem","timestamp":"2026-07-08 16:21:53"}
{"level":"info","message":{"ip":"::1","method":"GET","url":"/api/v1/products"},"service":"purely-ceylon-backend-ecosystem","timestamp":"2026-07-08 16:21:53"}
{"level":"info","message":{"ip":"::1","method":"GET","url":"/api/v1/wishlist"},"service":"purely-ceylon-backend-ecosystem","timestamp":"2026-07-08 16:21:53"}
{"level":"info","message":{"ip":"::1","method":"GET","url":"/api/v1/cart"},"service":"purely-ceylon-backend-ecosystem","timestamp":"2026-07-08 16:21:53"}
{"level":"info","message":{"ip":"::1","method":"GET","url":"/api/v1/wishlist"},"service":"purely-ceylon-backend-ecosystem","timestamp":"2026-07-08 16:21:54"}
{"level":"info","message":{"ip":"::1","method":"GET","url":"/api/v1/address"},"service":"purely-ceylon-backend-ecosystem","timestamp":"2026-07-08 16:21:54"}
{"level":"info","message":{"ip":"::1","method":"GET","url":"/api/v1/cart"},"service":"purely-ceylon-backend-ecosystem","timestamp":"2026-07-08 16:21:54"}
{"level":"info","message":{"ip":"::1","method":"GET","url":"/api/v1/wishlist"},"service":"purely-ceylon-backend-ecosystem","timestamp":"2026-07-08 16:21:54"}
{"level":"info","message":{"ip":"::1","method":"GET","url":"/api/v1/cart"},"service":"purely-ceylon-backend-ecosystem","timestamp":"2026-07-08 16:21:54"}
{"level":"info","message":{"ip":"::1","method":"OPTIONS","url":"/api/v1/cart/add"},"service":"purely-ceylon-backend-ecosystem","timestamp":"2026-07-08 16:21:56"}
{"level":"info","message":{"ip":"::1","method":"POST","url":"/api/v1/cart/add"},"service":"purely-ceylon-backend-ecosystem","timestamp":"2026-07-08 16:21:56"}
{"level":"info","message":{"ip":"::1","method":"OPTIONS","url":"/api/v1/cart"},"service":"purely-ceylon-backend-ecosystem","timestamp":"2026-07-08 16:21:58"}
{"level":"info","message":{"ip":"::1","method":"OPTIONS","url":"/api/v1/cart"},"service":"purely-ceylon-backend-ecosystem","timestamp":"2026-07-08 16:21:58"}
{"level":"info","message":{"ip":"::1","method":"GET","url":"/api/v1/cart"},"service":"purely-ceylon-backend-ecosystem","timestamp":"2026-07-08 16:21:58"}
{"level":"info","message":{"ip":"::1","method":"GET","url":"/api/v1/cart"},"service":"purely-ceylon-backend-ecosystem","timestamp":"2026-07-08 16:21:58"}
{"level":"info","message":{"ip":"::1","method":"GET","url":"/api/v1/cart"},"service":"purely-ceylon-backend-ecosystem","timestamp":"2026-07-08 16:21:58"}
{"level":"info","message":{"ip":"::1","method":"GET","url":"/api/v1/cart"},"service":"purely-ceylon-backend-ecosystem","timestamp":"2026-07-08 16:21:58"}
{"level":"info","message":{"ip":"::1","method":"OPTIONS","url":"/api/v1/cart"},"service":"purely-ceylon-backend-ecosystem","timestamp":"2026-07-08 16:22:04"}
{"level":"info","message":{"ip":"::1","method":"OPTIONS","url":"/api/v1/address"},"service":"purely-ceylon-backend-ecosystem","timestamp":"2026-07-08 16:22:04"}
{"level":"info","message":{"ip":"::1","method":"OPTIONS","url":"/api/v1/cart"},"service":"purely-ceylon-backend-ecosystem","timestamp":"2026-07-08 16:22:04"}
{"level":"info","message":{"ip":"::1","method":"OPTIONS","url":"/api/v1/address"},"service":"purely-ceylon-backend-ecosystem","timestamp":"2026-07-08 16:22:04"}
{"level":"info","message":{"ip":"::1","method":"GET","url":"/api/v1/cart"},"service":"purely-ceylon-backend-ecosystem","timestamp":"2026-07-08 16:22:04"}
{"level":"info","message":{"ip":"::1","method":"GET","url":"/api/v1/address"},"service":"purely-ceylon-backend-ecosystem","timestamp":"2026-07-08 16:22:04"}
{"level":"info","message":{"ip":"::1","method":"GET","url":"/api/v1/address"},"service":"purely-ceylon-backend-ecosystem","timestamp":"2026-07-08 16:22:04"}
{"level":"info","message":{"ip":"::1","method":"GET","url":"/api/v1/cart"},"service":"purely-ceylon-backend-ecosystem","timestamp":"2026-07-08 16:22:05"}
{"level":"info","message":{"ip":"::1","method":"OPTIONS","url":"/api/v1/orders/my-orders"},"service":"purely-ceylon-backend-ecosystem","timestamp":"2026-07-08 16:22:13"}
{"level":"info","message":{"ip":"::1","method":"OPTIONS","url":"/api/v1/address"},"service":"purely-ceylon-backend-ecosystem","timestamp":"2026-07-08 16:22:13"}
{"level":"info","message":{"ip":"::1","method":"OPTIONS","url":"/api/v1/orders/my-orders"},"service":"purely-ceylon-backend-ecosystem","timestamp":"2026-07-08 16:22:13"}
{"level":"info","message":{"ip":"::1","method":"OPTIONS","url":"/api/v1/address"},"service":"purely-ceylon-backend-ecosystem","timestamp":"2026-07-08 16:22:13"}
{"level":"info","message":{"ip":"::1","method":"GET","url":"/api/v1/orders/my-orders"},"service":"purely-ceylon-backend-ecosystem","timestamp":"2026-07-08 16:22:13"}
{"level":"info","message":{"ip":"::1","method":"GET","url":"/api/v1/address"},"service":"purely-ceylon-backend-ecosystem","timestamp":"2026-07-08 16:22:13"}
{"level":"info","message":{"ip":"::1","method":"GET","url":"/api/v1/address"},"service":"purely-ceylon-backend-ecosystem","timestamp":"2026-07-08 16:22:14"}
{"level":"info","message":{"ip":"::1","method":"GET","url":"/api/v1/orders/my-orders"},"service":"purely-ceylon-backend-ecosystem","timestamp":"2026-07-08 16:22:14"}
{"level":"info","message":{"ip":"::1","method":"GET","url":"/api/v1/address"},"service":"purely-ceylon-backend-ecosystem","timestamp":"2026-07-08 16:22:14"}
{"level":"info","message":{"ip":"::1","method":"GET","url":"/api/v1/address"},"service":"purely-ceylon-backend-ecosystem","timestamp":"2026-07-08 16:22:14"}
{"level":"info","message":{"ip":"::1","method":"OPTIONS","url":"/api/v1/address"},"service":"purely-ceylon-backend-ecosystem","timestamp":"2026-07-08 16:22:25"}
{"level":"info","message":{"ip":"::1","method":"POST","url":"/api/v1/address"},"service":"purely-ceylon-backend-ecosystem","timestamp":"2026-07-08 16:22:25"}
{"level":"info","message":{"ip":"::1","method":"OPTIONS","url":"/api/v1/address"},"service":"purely-ceylon-backend-ecosystem","timestamp":"2026-07-08 16:22:31"}
{"level":"info","message":{"ip":"::1","method":"POST","url":"/api/v1/address"},"service":"purely-ceylon-backend-ecosystem","timestamp":"2026-07-08 16:22:31"}
{"level":"info","message":{"ip":"::1","method":"OPTIONS","url":"/api/v1/address"},"service":"purely-ceylon-backend-ecosystem","timestamp":"2026-07-08 16:22:43"}
{"level":"info","message":{"ip":"::1","method":"GET","url":"/api/v1/address"},"service":"purely-ceylon-backend-ecosystem","timestamp":"2026-07-08 16:22:43"}
{"level":"info","message":{"ip":"::1","method":"GET","url":"/api/v1/address"},"service":"purely-ceylon-backend-ecosystem","timestamp":"2026-07-08 16:22:46"}
{"level":"info","message":{"ip":"::1","method":"GET","url":"/api/v1/address"},"service":"purely-ceylon-backend-ecosystem","timestamp":"2026-07-08 16:22:46"}
{"level":"info","message":{"ip":"::1","method":"OPTIONS","url":"/api/v1/address"},"service":"purely-ceylon-backend-ecosystem","timestamp":"2026-07-08 16:23:31"}
{"level":"info","message":{"ip":"::1","method":"POST","url":"/api/v1/address"},"service":"purely-ceylon-backend-ecosystem","timestamp":"2026-07-08 16:23:31"}
{"level":"info","message":{"ip":"::1","method":"GET","url":"/api/v1/address"},"service":"purely-ceylon-backend-ecosystem","timestamp":"2026-07-08 16:23:31"}
{"level":"info","message":{"ip":"::1","method":"OPTIONS","url":"/api/v1/address"},"service":"purely-ceylon-backend-ecosystem","timestamp":"2026-07-08 16:23:38"}
{"level":"info","message":{"ip":"::1","method":"OPTIONS","url":"/api/v1/cart"},"service":"purely-ceylon-backend-ecosystem","timestamp":"2026-07-08 16:23:38"}
{"level":"info","message":{"ip":"::1","method":"OPTIONS","url":"/api/v1/cart"},"service":"purely-ceylon-backend-ecosystem","timestamp":"2026-07-08 16:23:38"}
{"level":"info","message":{"ip":"::1","method":"OPTIONS","url":"/api/v1/address"},"service":"purely-ceylon-backend-ecosystem","timestamp":"2026-07-08 16:23:38"}
{"level":"info","message":{"ip":"::1","method":"GET","url":"/api/v1/address"},"service":"purely-ceylon-backend-ecosystem","timestamp":"2026-07-08 16:23:38"}
{"level":"info","message":{"ip":"::1","method":"GET","url":"/api/v1/cart"},"service":"purely-ceylon-backend-ecosystem","timestamp":"2026-07-08 16:23:38"}
{"level":"info","message":{"ip":"::1","method":"GET","url":"/api/v1/address"},"service":"purely-ceylon-backend-ecosystem","timestamp":"2026-07-08 16:23:39"}
{"level":"info","message":{"ip":"::1","method":"GET","url":"/api/v1/cart"},"service":"purely-ceylon-backend-ecosystem","timestamp":"2026-07-08 16:23:39"}
{"level":"info","message":{"ip":"::1","method":"OPTIONS","url":"/api/v1/orders/checkout"},"service":"purely-ceylon-backend-ecosystem","timestamp":"2026-07-08 16:24:19"}
{"level":"info","message":{"ip":"::1","method":"POST","url":"/api/v1/orders/checkout"},"service":"purely-ceylon-backend-ecosystem","timestamp":"2026-07-08 16:24:19"}
{"level":"info","message":{"ip":"::1","method":"OPTIONS","url":"/api/v1/orders/my-orders"},"service":"purely-ceylon-backend-ecosystem","timestamp":"2026-07-08 16:24:19"}
{"level":"info","message":{"ip":"::1","method":"OPTIONS","url":"/api/v1/orders/my-orders"},"service":"purely-ceylon-backend-ecosystem","timestamp":"2026-07-08 16:24:19"}
{"level":"info","message":{"ip":"::1","method":"GET","url":"/api/v1/orders/my-orders"},"service":"purely-ceylon-backend-ecosystem","timestamp":"2026-07-08 16:24:19"}
{"level":"info","message":{"ip":"::1","method":"GET","url":"/api/v1/orders/my-orders"},"service":"purely-ceylon-backend-ecosystem","timestamp":"2026-07-08 16:24:19"}
{"level":"info","message":{"ip":"::1","method":"OPTIONS","url":"/api/v1/cart"},"service":"purely-ceylon-backend-ecosystem","timestamp":"2026-07-08 16:24:21"}
{"level":"info","message":{"ip":"::1","method":"OPTIONS","url":"/api/v1/cart"},"service":"purely-ceylon-backend-ecosystem","timestamp":"2026-07-08 16:24:21"}
{"level":"info","message":{"ip":"::1","method":"GET","url":"/api/v1/cart"},"service":"purely-ceylon-backend-ecosystem","timestamp":"2026-07-08 16:24:21"}
{"level":"info","message":{"ip":"::1","method":"GET","url":"/api/v1/cart"},"service":"purely-ceylon-backend-ecosystem","timestamp":"2026-07-08 16:24:21"}
{"level":"info","message":{"ip":"::1","method":"GET","url":"/api/v1/cart"},"service":"purely-ceylon-backend-ecosystem","timestamp":"2026-07-08 16:24:21"}
{"level":"info","message":{"ip":"::1","method":"GET","url":"/api/v1/cart"},"service":"purely-ceylon-backend-ecosystem","timestamp":"2026-07-08 16:24:21"}
{"level":"info","message":"📧 Processing Email Queue","service":"purely-ceylon-backend-ecosystem","timestamp":"2026-07-08 16:25:00"}
{"level":"info","message":"📧 Processing Email Queue","service":"purely-ceylon-backend-ecosystem","timestamp":"2026-07-08 16:30:00"}
{"level":"info","message":{"ip":"::1","method":"OPTIONS","url":"/api/v1/categories"},"service":"purely-ceylon-backend-ecosystem","timestamp":"2026-07-08 16:30:42"}
{"level":"info","message":{"ip":"::1","method":"OPTIONS","url":"/api/v1/products"},"service":"purely-ceylon-backend-ecosystem","timestamp":"2026-07-08 16:30:43"}
{"level":"info","message":{"ip":"::1","method":"OPTIONS","url":"/api/v1/categories"},"service":"purely-ceylon-backend-ecosystem","timestamp":"2026-07-08 16:30:43"}
{"level":"info","message":{"ip":"::1","method":"OPTIONS","url":"/api/v1/products"},"service":"purely-ceylon-backend-ecosystem","timestamp":"2026-07-08 16:30:43"}
{"level":"info","message":{"ip":"::1","method":"GET","url":"/api/v1/categories"},"service":"purely-ceylon-backend-ecosystem","timestamp":"2026-07-08 16:30:43"}
{"level":"info","message":{"ip":"::1","method":"GET","url":"/api/v1/products"},"service":"purely-ceylon-backend-ecosystem","timestamp":"2026-07-08 16:30:43"}
{"level":"info","message":{"ip":"::1","method":"GET","url":"/api/v1/categories"},"service":"purely-ceylon-backend-ecosystem","timestamp":"2026-07-08 16:30:43"}
{"level":"info","message":{"ip":"::1","method":"GET","url":"/api/v1/products"},"service":"purely-ceylon-backend-ecosystem","timestamp":"2026-07-08 16:30:43"}
{"level":"info","message":{"ip":"::1","method":"OPTIONS","url":"/api/v1/cart/add"},"service":"purely-ceylon-backend-ecosystem","timestamp":"2026-07-08 16:30:44"}
{"level":"info","message":{"ip":"::1","method":"POST","url":"/api/v1/cart/add"},"service":"purely-ceylon-backend-ecosystem","timestamp":"2026-07-08 16:30:44"}
{"level":"info","message":{"ip":"::1","method":"OPTIONS","url":"/api/v1/cart"},"service":"purely-ceylon-backend-ecosystem","timestamp":"2026-07-08 16:30:46"}
{"level":"info","message":{"ip":"::1","method":"OPTIONS","url":"/api/v1/cart"},"service":"purely-ceylon-backend-ecosystem","timestamp":"2026-07-08 16:30:46"}
{"level":"info","message":{"ip":"::1","method":"GET","url":"/api/v1/cart"},"service":"purely-ceylon-backend-ecosystem","timestamp":"2026-07-08 16:30:46"}
{"level":"info","message":{"ip":"::1","method":"GET","url":"/api/v1/cart"},"service":"purely-ceylon-backend-ecosystem","timestamp":"2026-07-08 16:30:46"}
{"level":"info","message":{"ip":"::1","method":"GET","url":"/api/v1/cart"},"service":"purely-ceylon-backend-ecosystem","timestamp":"2026-07-08 16:30:46"}
{"level":"info","message":{"ip":"::1","method":"GET","url":"/api/v1/cart"},"service":"purely-ceylon-backend-ecosystem","timestamp":"2026-07-08 16:30:46"}
{"level":"info","message":{"ip":"::1","method":"OPTIONS","url":"/api/v1/cart"},"service":"purely-ceylon-backend-ecosystem","timestamp":"2026-07-08 16:30:56"}
{"level":"info","message":{"ip":"::1","method":"OPTIONS","url":"/api/v1/wishlist"},"service":"purely-ceylon-backend-ecosystem","timestamp":"2026-07-08 16:30:57"}
{"level":"info","message":{"ip":"::1","method":"OPTIONS","url":"/api/v1/cart"},"service":"purely-ceylon-backend-ecosystem","timestamp":"2026-07-08 16:30:57"}
{"level":"info","message":{"ip":"::1","method":"OPTIONS","url":"/api/v1/cart"},"service":"purely-ceylon-backend-ecosystem","timestamp":"2026-07-08 16:30:57"}
{"level":"info","message":{"ip":"::1","method":"OPTIONS","url":"/api/v1/address"},"service":"purely-ceylon-backend-ecosystem","timestamp":"2026-07-08 16:30:57"}
{"level":"info","message":{"ip":"::1","method":"OPTIONS","url":"/api/v1/wishlist"},"service":"purely-ceylon-backend-ecosystem","timestamp":"2026-07-08 16:30:57"}
{"level":"info","message":{"ip":"::1","method":"OPTIONS","url":"/api/v1/cart"},"service":"purely-ceylon-backend-ecosystem","timestamp":"2026-07-08 16:30:57"}
{"level":"info","message":{"ip":"::1","method":"OPTIONS","url":"/api/v1/cart"},"service":"purely-ceylon-backend-ecosystem","timestamp":"2026-07-08 16:30:57"}
{"level":"info","message":{"ip":"::1","method":"GET","url":"/api/v1/cart"},"service":"purely-ceylon-backend-ecosystem","timestamp":"2026-07-08 16:30:59"}
{"level":"info","message":{"ip":"::1","method":"OPTIONS","url":"/api/v1/address"},"service":"purely-ceylon-backend-ecosystem","timestamp":"2026-07-08 16:30:59"}
{"level":"info","message":{"ip":"::1","method":"OPTIONS","url":"/api/v1/wishlist"},"service":"purely-ceylon-backend-ecosystem","timestamp":"2026-07-08 16:30:59"}
{"level":"info","message":{"ip":"::1","method":"OPTIONS","url":"/api/v1/cart"},"service":"purely-ceylon-backend-ecosystem","timestamp":"2026-07-08 16:30:59"}
{"level":"info","message":{"ip":"::1","method":"OPTIONS","url":"/api/v1/wishlist"},"service":"purely-ceylon-backend-ecosystem","timestamp":"2026-07-08 16:30:59"}
{"level":"info","message":{"ip":"::1","method":"GET","url":"/api/v1/wishlist"},"service":"purely-ceylon-backend-ecosystem","timestamp":"2026-07-08 16:30:59"}
{"level":"info","message":{"ip":"::1","method":"GET","url":"/api/v1/address"},"service":"purely-ceylon-backend-ecosystem","timestamp":"2026-07-08 16:30:59"}
{"level":"info","message":{"ip":"::1","method":"GET","url":"/api/v1/cart"},"service":"purely-ceylon-backend-ecosystem","timestamp":"2026-07-08 16:30:59"}
{"level":"info","message":{"ip":"::1","method":"GET","url":"/api/v1/wishlist"},"service":"purely-ceylon-backend-ecosystem","timestamp":"2026-07-08 16:31:00"}
{"level":"info","message":{"ip":"::1","method":"GET","url":"/api/v1/address"},"service":"purely-ceylon-backend-ecosystem","timestamp":"2026-07-08 16:31:00"}
{"level":"info","message":{"ip":"::1","method":"GET","url":"/api/v1/wishlist"},"service":"purely-ceylon-backend-ecosystem","timestamp":"2026-07-08 16:31:00"}
{"level":"info","message":{"ip":"::1","method":"GET","url":"/api/v1/cart"},"service":"purely-ceylon-backend-ecosystem","timestamp":"2026-07-08 16:31:00"}
{"level":"info","message":{"ip":"::1","method":"GET","url":"/api/v1/wishlist"},"service":"purely-ceylon-backend-ecosystem","timestamp":"2026-07-08 16:31:00"}
{"level":"info","message":{"ip":"::1","method":"GET","url":"/api/v1/cart"},"service":"purely-ceylon-backend-ecosystem","timestamp":"2026-07-08 16:31:00"}
{"level":"info","message":{"ip":"::1","method":"GET","url":"/api/v1/cart"},"service":"purely-ceylon-backend-ecosystem","timestamp":"2026-07-08 16:31:00"}
{"level":"info","message":{"ip":"::1","method":"GET","url":"/api/v1/cart"},"service":"purely-ceylon-backend-ecosystem","timestamp":"2026-07-08 16:31:00"}
{"level":"info","message":{"ip":"::1","method":"GET","url":"/api/v1/cart"},"service":"purely-ceylon-backend-ecosystem","timestamp":"2026-07-08 16:31:00"}
{"level":"info","message":{"ip":"::1","method":"GET","url":"/api/v1/cart"},"service":"purely-ceylon-backend-ecosystem","timestamp":"2026-07-08 16:31:00"}
{"level":"info","message":{"ip":"::1","method":"OPTIONS","url":"/api/v1/cart"},"service":"purely-ceylon-backend-ecosystem","timestamp":"2026-07-08 16:31:05"}
{"level":"info","message":{"ip":"::1","method":"OPTIONS","url":"/api/v1/address"},"service":"purely-ceylon-backend-ecosystem","timestamp":"2026-07-08 16:31:05"}
{"level":"info","message":{"ip":"::1","method":"OPTIONS","url":"/api/v1/cart"},"service":"purely-ceylon-backend-ecosystem","timestamp":"2026-07-08 16:31:06"}
{"level":"info","message":{"ip":"::1","method":"OPTIONS","url":"/api/v1/address"},"service":"purely-ceylon-backend-ecosystem","timestamp":"2026-07-08 16:31:06"}
{"level":"info","message":{"ip":"::1","method":"GET","url":"/api/v1/cart"},"service":"purely-ceylon-backend-ecosystem","timestamp":"2026-07-08 16:31:06"}
{"level":"info","message":{"ip":"::1","method":"GET","url":"/api/v1/address"},"service":"purely-ceylon-backend-ecosystem","timestamp":"2026-07-08 16:31:06"}
{"level":"info","message":{"ip":"::1","method":"GET","url":"/api/v1/address"},"service":"purely-ceylon-backend-ecosystem","timestamp":"2026-07-08 16:31:06"}
{"level":"info","message":{"ip":"::1","method":"GET","url":"/api/v1/cart"},"service":"purely-ceylon-backend-ecosystem","timestamp":"2026-07-08 16:31:06"}
{"level":"info","message":{"ip":"::1","method":"OPTIONS","url":"/api/v1/orders/checkout"},"service":"purely-ceylon-backend-ecosystem","timestamp":"2026-07-08 16:31:09"}
{"level":"info","message":{"ip":"::1","method":"POST","url":"/api/v1/orders/checkout"},"service":"purely-ceylon-backend-ecosystem","timestamp":"2026-07-08 16:31:09"}
{"level":"info","message":{"ip":"::1","method":"OPTIONS","url":"/api/v1/orders/my-orders"},"service":"purely-ceylon-backend-ecosystem","timestamp":"2026-07-08 16:31:09"}
{"level":"info","message":{"ip":"::1","method":"OPTIONS","url":"/api/v1/orders/my-orders"},"service":"purely-ceylon-backend-ecosystem","timestamp":"2026-07-08 16:31:09"}
{"level":"info","message":{"ip":"::1","method":"GET","url":"/api/v1/orders/my-orders"},"service":"purely-ceylon-backend-ecosystem","timestamp":"2026-07-08 16:31:10"}
{"level":"info","message":{"ip":"::1","method":"GET","url":"/api/v1/orders/my-orders"},"service":"purely-ceylon-backend-ecosystem","timestamp":"2026-07-08 16:31:10"}
{"level":"info","message":{"ip":"::1","method":"OPTIONS","url":"/api/v1/cart"},"service":"purely-ceylon-backend-ecosystem","timestamp":"2026-07-08 16:31:17"}
{"level":"info","message":{"ip":"::1","method":"OPTIONS","url":"/api/v1/address"},"service":"purely-ceylon-backend-ecosystem","timestamp":"2026-07-08 16:31:17"}
{"level":"info","message":{"ip":"::1","method":"OPTIONS","url":"/api/v1/cart"},"service":"purely-ceylon-backend-ecosystem","timestamp":"2026-07-08 16:31:17"}
{"level":"info","message":{"ip":"::1","method":"OPTIONS","url":"/api/v1/address"},"service":"purely-ceylon-backend-ecosystem","timestamp":"2026-07-08 16:31:18"}
{"level":"info","message":{"ip":"::1","method":"GET","url":"/api/v1/cart"},"service":"purely-ceylon-backend-ecosystem","timestamp":"2026-07-08 16:31:18"}
{"level":"info","message":{"ip":"::1","method":"GET","url":"/api/v1/address"},"service":"purely-ceylon-backend-ecosystem","timestamp":"2026-07-08 16:31:18"}
{"level":"info","message":{"ip":"::1","method":"GET","url":"/api/v1/address"},"service":"purely-ceylon-backend-ecosystem","timestamp":"2026-07-08 16:31:18"}
{"level":"info","message":{"ip":"::1","method":"GET","url":"/api/v1/cart"},"service":"purely-ceylon-backend-ecosystem","timestamp":"2026-07-08 16:31:18"}
{"level":"info","message":{"ip":"::1","method":"GET","url":"/api/v1/cart"},"service":"purely-ceylon-backend-ecosystem","timestamp":"2026-07-08 16:31:18"}
{"level":"info","message":{"ip":"::1","method":"GET","url":"/api/v1/cart"},"service":"purely-ceylon-backend-ecosystem","timestamp":"2026-07-08 16:31:18"}
{"level":"info","message":{"ip":"::1","method":"GET","url":"/api/v1/cart"},"service":"purely-ceylon-backend-ecosystem","timestamp":"2026-07-08 16:31:18"}
{"level":"info","message":{"ip":"::1","method":"GET","url":"/api/v1/cart"},"service":"purely-ceylon-backend-ecosystem","timestamp":"2026-07-08 16:31:18"}
{"level":"info","message":{"ip":"::1","method":"OPTIONS","url":"/api/v1/cart"},"service":"purely-ceylon-backend-ecosystem","timestamp":"2026-07-08 16:31:25"}
{"level":"info","message":{"ip":"::1","method":"OPTIONS","url":"/api/v1/wishlist"},"service":"purely-ceylon-backend-ecosystem","timestamp":"2026-07-08 16:31:25"}
{"level":"info","message":{"ip":"::1","method":"OPTIONS","url":"/api/v1/wishlist"},"service":"purely-ceylon-backend-ecosystem","timestamp":"2026-07-08 16:31:26"}
{"level":"info","message":{"ip":"::1","method":"OPTIONS","url":"/api/v1/address"},"service":"purely-ceylon-backend-ecosystem","timestamp":"2026-07-08 16:31:26"}
{"level":"info","message":{"ip":"::1","method":"OPTIONS","url":"/api/v1/cart"},"service":"purely-ceylon-backend-ecosystem","timestamp":"2026-07-08 16:31:26"}
{"level":"info","message":{"ip":"::1","method":"OPTIONS","url":"/api/v1/cart"},"service":"purely-ceylon-backend-ecosystem","timestamp":"2026-07-08 16:31:26"}
{"level":"info","message":{"ip":"::1","method":"OPTIONS","url":"/api/v1/cart"},"service":"purely-ceylon-backend-ecosystem","timestamp":"2026-07-08 16:31:26"}
{"level":"info","message":{"ip":"::1","method":"OPTIONS","url":"/api/v1/cart"},"service":"purely-ceylon-backend-ecosystem","timestamp":"2026-07-08 16:31:26"}
{"level":"info","message":{"ip":"::1","method":"OPTIONS","url":"/api/v1/wishlist"},"service":"purely-ceylon-backend-ecosystem","timestamp":"2026-07-08 16:31:26"}
{"level":"info","message":{"ip":"::1","method":"OPTIONS","url":"/api/v1/address"},"service":"purely-ceylon-backend-ecosystem","timestamp":"2026-07-08 16:31:26"}
{"level":"info","message":{"ip":"::1","method":"OPTIONS","url":"/api/v1/wishlist"},"service":"purely-ceylon-backend-ecosystem","timestamp":"2026-07-08 16:31:26"}
{"level":"info","message":{"ip":"::1","method":"OPTIONS","url":"/api/v1/cart"},"service":"purely-ceylon-backend-ecosystem","timestamp":"2026-07-08 16:31:26"}
{"level":"info","message":{"ip":"::1","method":"GET","url":"/api/v1/cart"},"service":"purely-ceylon-backend-ecosystem","timestamp":"2026-07-08 16:31:26"}
{"level":"info","message":{"ip":"::1","method":"GET","url":"/api/v1/wishlist"},"service":"purely-ceylon-backend-ecosystem","timestamp":"2026-07-08 16:31:27"}
{"level":"info","message":{"ip":"::1","method":"GET","url":"/api/v1/address"},"service":"purely-ceylon-backend-ecosystem","timestamp":"2026-07-08 16:31:28"}
{"level":"info","message":{"ip":"::1","method":"GET","url":"/api/v1/wishlist"},"service":"purely-ceylon-backend-ecosystem","timestamp":"2026-07-08 16:31:28"}
{"level":"info","message":{"ip":"::1","method":"GET","url":"/api/v1/cart"},"service":"purely-ceylon-backend-ecosystem","timestamp":"2026-07-08 16:31:28"}
{"level":"info","message":{"ip":"::1","method":"GET","url":"/api/v1/address"},"service":"purely-ceylon-backend-ecosystem","timestamp":"2026-07-08 16:31:28"}
{"level":"info","message":{"ip":"::1","method":"GET","url":"/api/v1/wishlist"},"service":"purely-ceylon-backend-ecosystem","timestamp":"2026-07-08 16:31:28"}
{"level":"info","message":{"ip":"::1","method":"GET","url":"/api/v1/cart"},"service":"purely-ceylon-backend-ecosystem","timestamp":"2026-07-08 16:31:28"}
{"level":"info","message":{"ip":"::1","method":"GET","url":"/api/v1/wishlist"},"service":"purely-ceylon-backend-ecosystem","timestamp":"2026-07-08 16:31:28"}
{"level":"info","message":{"ip":"::1","method":"GET","url":"/api/v1/cart"},"service":"purely-ceylon-backend-ecosystem","timestamp":"2026-07-08 16:31:29"}
{"level":"info","message":{"ip":"::1","method":"GET","url":"/api/v1/cart"},"service":"purely-ceylon-backend-ecosystem","timestamp":"2026-07-08 16:31:29"}
{"level":"info","message":{"ip":"::1","method":"GET","url":"/api/v1/cart"},"service":"purely-ceylon-backend-ecosystem","timestamp":"2026-07-08 16:31:29"}
{"level":"info","message":{"ip":"::1","method":"GET","url":"/api/v1/cart"},"service":"purely-ceylon-backend-ecosystem","timestamp":"2026-07-08 16:31:29"}
{"level":"info","message":{"ip":"::1","method":"GET","url":"/api/v1/cart"},"service":"purely-ceylon-backend-ecosystem","timestamp":"2026-07-08 16:31:29"}
{"level":"info","message":{"ip":"::1","method":"OPTIONS","url":"/api/v1/categories"},"service":"purely-ceylon-backend-ecosystem","timestamp":"2026-07-08 16:33:31"}
{"level":"info","message":{"ip":"::1","method":"OPTIONS","url":"/api/v1/products"},"service":"purely-ceylon-backend-ecosystem","timestamp":"2026-07-08 16:33:31"}
{"level":"info","message":{"ip":"::1","method":"OPTIONS","url":"/api/v1/categories"},"service":"purely-ceylon-backend-ecosystem","timestamp":"2026-07-08 16:33:31"}
{"level":"info","message":{"ip":"::1","method":"OPTIONS","url":"/api/v1/products"},"service":"purely-ceylon-backend-ecosystem","timestamp":"2026-07-08 16:33:31"}
{"level":"info","message":{"ip":"::1","method":"GET","url":"/api/v1/categories"},"service":"purely-ceylon-backend-ecosystem","timestamp":"2026-07-08 16:33:31"}
{"level":"info","message":{"ip":"::1","method":"GET","url":"/api/v1/products"},"service":"purely-ceylon-backend-ecosystem","timestamp":"2026-07-08 16:33:31"}
{"level":"info","message":{"ip":"::1","method":"GET","url":"/api/v1/products"},"service":"purely-ceylon-backend-ecosystem","timestamp":"2026-07-08 16:33:32"}
{"level":"info","message":{"ip":"::1","method":"GET","url":"/api/v1/categories"},"service":"purely-ceylon-backend-ecosystem","timestamp":"2026-07-08 16:33:32"}
{"level":"info","message":{"ip":"::1","method":"OPTIONS","url":"/api/v1/cart"},"service":"purely-ceylon-backend-ecosystem","timestamp":"2026-07-08 16:33:32"}
{"level":"info","message":{"ip":"::1","method":"OPTIONS","url":"/api/v1/cart"},"service":"purely-ceylon-backend-ecosystem","timestamp":"2026-07-08 16:33:32"}
{"level":"info","message":{"ip":"::1","method":"GET","url":"/api/v1/cart"},"service":"purely-ceylon-backend-ecosystem","timestamp":"2026-07-08 16:33:32"}
{"level":"info","message":{"ip":"::1","method":"GET","url":"/api/v1/cart"},"service":"purely-ceylon-backend-ecosystem","timestamp":"2026-07-08 16:33:32"}
{"level":"info","message":{"ip":"::1","method":"GET","url":"/api/v1/categories"},"service":"purely-ceylon-backend-ecosystem","timestamp":"2026-07-08 16:33:33"}
{"level":"info","message":{"ip":"::1","method":"GET","url":"/api/v1/products"},"service":"purely-ceylon-backend-ecosystem","timestamp":"2026-07-08 16:33:33"}
{"level":"info","message":{"ip":"::1","method":"GET","url":"/api/v1/categories"},"service":"purely-ceylon-backend-ecosystem","timestamp":"2026-07-08 16:33:33"}
{"level":"info","message":{"ip":"::1","method":"GET","url":"/api/v1/products"},"service":"purely-ceylon-backend-ecosystem","timestamp":"2026-07-08 16:33:33"}
{"level":"info","message":"Gracefully shutting down...","service":"purely-ceylon-backend-ecosystem","timestamp":"2026-07-08 16:33:37"}
{"level":"info","message":"✅ All Background Jobs Started Successfully","service":"purely-ceylon-backend-ecosystem","timestamp":"2026-07-08 16:33:55"}
{"level":"info","message":"Server running on 5000","service":"purely-ceylon-backend-ecosystem","timestamp":"2026-07-08 16:33:55"}
{"level":"info","message":{"ip":"::1","method":"OPTIONS","url":"/api/v1/cart"},"service":"purely-ceylon-backend-ecosystem","timestamp":"2026-07-08 16:34:04"}
{"level":"info","message":{"ip":"::1","method":"OPTIONS","url":"/api/v1/cart"},"service":"purely-ceylon-backend-ecosystem","timestamp":"2026-07-08 16:34:04"}
{"level":"info","message":{"ip":"::1","method":"OPTIONS","url":"/api/v1/wishlist"},"service":"purely-ceylon-backend-ecosystem","timestamp":"2026-07-08 16:34:04"}
{"level":"info","message":{"ip":"::1","method":"OPTIONS","url":"/api/v1/categories"},"service":"purely-ceylon-backend-ecosystem","timestamp":"2026-07-08 16:34:04"}
{"level":"info","message":{"ip":"::1","method":"OPTIONS","url":"/api/v1/products"},"service":"purely-ceylon-backend-ecosystem","timestamp":"2026-07-08 16:34:04"}
{"level":"info","message":{"ip":"::1","method":"OPTIONS","url":"/api/v1/address"},"service":"purely-ceylon-backend-ecosystem","timestamp":"2026-07-08 16:34:04"}
{"level":"info","message":{"ip":"::1","method":"OPTIONS","url":"/api/v1/wishlist"},"service":"purely-ceylon-backend-ecosystem","timestamp":"2026-07-08 16:34:05"}
{"level":"info","message":{"ip":"::1","method":"GET","url":"/api/v1/cart"},"service":"purely-ceylon-backend-ecosystem","timestamp":"2026-07-08 16:34:05"}
{"level":"info","message":{"ip":"::1","method":"GET","url":"/api/v1/wishlist"},"service":"purely-ceylon-backend-ecosystem","timestamp":"2026-07-08 16:34:05"}
{"level":"info","message":{"ip":"::1","method":"GET","url":"/api/v1/categories"},"service":"purely-ceylon-backend-ecosystem","timestamp":"2026-07-08 16:34:05"}
{"level":"info","message":{"ip":"::1","method":"GET","url":"/api/v1/products"},"service":"purely-ceylon-backend-ecosystem","timestamp":"2026-07-08 16:34:05"}
{"level":"info","message":{"ip":"::1","method":"GET","url":"/api/v1/address"},"service":"purely-ceylon-backend-ecosystem","timestamp":"2026-07-08 16:34:05"}
{"level":"info","message":{"ip":"::1","method":"GET","url":"/api/v1/wishlist"},"service":"purely-ceylon-backend-ecosystem","timestamp":"2026-07-08 16:34:06"}
{"level":"info","message":{"ip":"::1","method":"GET","url":"/api/v1/products"},"service":"purely-ceylon-backend-ecosystem","timestamp":"2026-07-08 16:34:06"}
{"level":"info","message":{"ip":"::1","method":"GET","url":"/api/v1/categories"},"service":"purely-ceylon-backend-ecosystem","timestamp":"2026-07-08 16:34:06"}
{"level":"info","message":{"ip":"::1","method":"GET","url":"/api/v1/cart"},"service":"purely-ceylon-backend-ecosystem","timestamp":"2026-07-08 16:34:06"}
{"level":"info","message":{"ip":"::1","method":"GET","url":"/api/v1/wishlist"},"service":"purely-ceylon-backend-ecosystem","timestamp":"2026-07-08 16:34:06"}
{"level":"info","message":{"ip":"::1","method":"GET","url":"/api/v1/address"},"service":"purely-ceylon-backend-ecosystem","timestamp":"2026-07-08 16:34:06"}
{"level":"info","message":{"ip":"::1","method":"GET","url":"/api/v1/cart"},"service":"purely-ceylon-backend-ecosystem","timestamp":"2026-07-08 16:34:06"}
{"level":"info","message":{"ip":"::1","method":"GET","url":"/api/v1/wishlist"},"service":"purely-ceylon-backend-ecosystem","timestamp":"2026-07-08 16:34:06"}
{"level":"info","message":{"ip":"::1","method":"GET","url":"/api/v1/cart"},"service":"purely-ceylon-backend-ecosystem","timestamp":"2026-07-08 16:34:06"}
{"level":"info","message":{"ip":"::1","method":"OPTIONS","url":"/api/v1/cart/add"},"service":"purely-ceylon-backend-ecosystem","timestamp":"2026-07-08 16:34:08"}
{"level":"info","message":{"ip":"::1","method":"POST","url":"/api/v1/cart/add"},"service":"purely-ceylon-backend-ecosystem","timestamp":"2026-07-08 16:34:08"}
{"level":"info","message":{"ip":"::1","method":"OPTIONS","url":"/api/v1/cart"},"service":"purely-ceylon-backend-ecosystem","timestamp":"2026-07-08 16:34:10"}
{"level":"info","message":{"ip":"::1","method":"OPTIONS","url":"/api/v1/cart"},"service":"purely-ceylon-backend-ecosystem","timestamp":"2026-07-08 16:34:10"}
{"level":"info","message":{"ip":"::1","method":"GET","url":"/api/v1/cart"},"service":"purely-ceylon-backend-ecosystem","timestamp":"2026-07-08 16:34:10"}
{"level":"info","message":{"ip":"::1","method":"GET","url":"/api/v1/cart"},"service":"purely-ceylon-backend-ecosystem","timestamp":"2026-07-08 16:34:10"}
{"level":"info","message":{"ip":"::1","method":"GET","url":"/api/v1/cart"},"service":"purely-ceylon-backend-ecosystem","timestamp":"2026-07-08 16:34:10"}
{"level":"info","message":{"ip":"::1","method":"GET","url":"/api/v1/cart"},"service":"purely-ceylon-backend-ecosystem","timestamp":"2026-07-08 16:34:10"}
{"level":"info","message":{"ip":"::1","method":"OPTIONS","url":"/api/v1/cart"},"service":"purely-ceylon-backend-ecosystem","timestamp":"2026-07-08 16:34:24"}
{"level":"info","message":{"ip":"::1","method":"OPTIONS","url":"/api/v1/cart"},"service":"purely-ceylon-backend-ecosystem","timestamp":"2026-07-08 16:34:25"}
{"level":"info","message":{"ip":"::1","method":"OPTIONS","url":"/api/v1/wishlist"},"service":"purely-ceylon-backend-ecosystem","timestamp":"2026-07-08 16:34:25"}
{"level":"info","message":{"ip":"::1","method":"OPTIONS","url":"/api/v1/wishlist"},"service":"purely-ceylon-backend-ecosystem","timestamp":"2026-07-08 16:34:25"}
{"level":"info","message":{"ip":"::1","method":"OPTIONS","url":"/api/v1/cart"},"service":"purely-ceylon-backend-ecosystem","timestamp":"2026-07-08 16:34:25"}
{"level":"info","message":{"ip":"::1","method":"OPTIONS","url":"/api/v1/address"},"service":"purely-ceylon-backend-ecosystem","timestamp":"2026-07-08 16:34:25"}
{"level":"info","message":{"ip":"::1","method":"OPTIONS","url":"/api/v1/wishlist"},"service":"purely-ceylon-backend-ecosystem","timestamp":"2026-07-08 16:34:25"}
{"level":"info","message":{"ip":"::1","method":"OPTIONS","url":"/api/v1/cart"},"service":"purely-ceylon-backend-ecosystem","timestamp":"2026-07-08 16:34:25"}
{"level":"info","message":{"ip":"::1","method":"OPTIONS","url":"/api/v1/cart"},"service":"purely-ceylon-backend-ecosystem","timestamp":"2026-07-08 16:34:25"}
{"level":"info","message":{"ip":"::1","method":"OPTIONS","url":"/api/v1/address"},"service":"purely-ceylon-backend-ecosystem","timestamp":"2026-07-08 16:34:25"}
{"level":"info","message":{"ip":"::1","method":"OPTIONS","url":"/api/v1/wishlist"},"service":"purely-ceylon-backend-ecosystem","timestamp":"2026-07-08 16:34:25"}
{"level":"info","message":{"ip":"::1","method":"OPTIONS","url":"/api/v1/cart"},"service":"purely-ceylon-backend-ecosystem","timestamp":"2026-07-08 16:34:25"}
{"level":"info","message":{"ip":"::1","method":"GET","url":"/api/v1/cart"},"service":"purely-ceylon-backend-ecosystem","timestamp":"2026-07-08 16:34:25"}
{"level":"info","message":{"ip":"::1","method":"GET","url":"/api/v1/wishlist"},"service":"purely-ceylon-backend-ecosystem","timestamp":"2026-07-08 16:34:26"}
{"level":"info","message":{"ip":"::1","method":"GET","url":"/api/v1/address"},"service":"purely-ceylon-backend-ecosystem","timestamp":"2026-07-08 16:34:27"}
{"level":"info","message":{"ip":"::1","method":"GET","url":"/api/v1/wishlist"},"service":"purely-ceylon-backend-ecosystem","timestamp":"2026-07-08 16:34:27"}
{"level":"info","message":{"ip":"::1","method":"GET","url":"/api/v1/address"},"service":"purely-ceylon-backend-ecosystem","timestamp":"2026-07-08 16:34:27"}
{"level":"info","message":{"ip":"::1","method":"GET","url":"/api/v1/cart"},"service":"purely-ceylon-backend-ecosystem","timestamp":"2026-07-08 16:34:27"}
{"level":"info","message":{"ip":"::1","method":"GET","url":"/api/v1/wishlist"},"service":"purely-ceylon-backend-ecosystem","timestamp":"2026-07-08 16:34:27"}
{"level":"info","message":{"ip":"::1","method":"GET","url":"/api/v1/cart"},"service":"purely-ceylon-backend-ecosystem","timestamp":"2026-07-08 16:34:28"}
{"level":"info","message":{"ip":"::1","method":"GET","url":"/api/v1/wishlist"},"service":"purely-ceylon-backend-ecosystem","timestamp":"2026-07-08 16:34:28"}
{"level":"info","message":{"ip":"::1","method":"GET","url":"/api/v1/cart"},"service":"purely-ceylon-backend-ecosystem","timestamp":"2026-07-08 16:34:28"}
{"level":"info","message":{"ip":"::1","method":"GET","url":"/api/v1/cart"},"service":"purely-ceylon-backend-ecosystem","timestamp":"2026-07-08 16:34:28"}
{"level":"info","message":{"ip":"::1","method":"GET","url":"/api/v1/cart"},"service":"purely-ceylon-backend-ecosystem","timestamp":"2026-07-08 16:34:28"}
{"level":"info","message":{"ip":"::1","method":"GET","url":"/api/v1/cart"},"service":"purely-ceylon-backend-ecosystem","timestamp":"2026-07-08 16:34:28"}
{"level":"info","message":{"ip":"::1","method":"GET","url":"/api/v1/cart"},"service":"purely-ceylon-backend-ecosystem","timestamp":"2026-07-08 16:34:28"}
{"level":"info","message":"📧 Processing Email Queue","service":"purely-ceylon-backend-ecosystem","timestamp":"2026-07-08 16:35:00"}
{"level":"info","message":{"ip":"::1","method":"OPTIONS","url":"/api/v1/cart"},"service":"purely-ceylon-backend-ecosystem","timestamp":"2026-07-08 16:36:48"}
{"level":"info","message":{"ip":"::1","method":"OPTIONS","url":"/api/v1/address"},"service":"purely-ceylon-backend-ecosystem","timestamp":"2026-07-08 16:36:48"}
{"level":"info","message":{"ip":"::1","method":"OPTIONS","url":"/api/v1/cart"},"service":"purely-ceylon-backend-ecosystem","timestamp":"2026-07-08 16:36:48"}
{"level":"info","message":{"ip":"::1","method":"OPTIONS","url":"/api/v1/address"},"service":"purely-ceylon-backend-ecosystem","timestamp":"2026-07-08 16:36:48"}
{"level":"info","message":{"ip":"::1","method":"GET","url":"/api/v1/cart"},"service":"purely-ceylon-backend-ecosystem","timestamp":"2026-07-08 16:36:48"}
{"level":"info","message":{"ip":"::1","method":"GET","url":"/api/v1/address"},"service":"purely-ceylon-backend-ecosystem","timestamp":"2026-07-08 16:36:48"}
{"level":"info","message":{"ip":"::1","method":"GET","url":"/api/v1/address"},"service":"purely-ceylon-backend-ecosystem","timestamp":"2026-07-08 16:36:48"}
{"level":"info","message":{"ip":"::1","method":"GET","url":"/api/v1/cart"},"service":"purely-ceylon-backend-ecosystem","timestamp":"2026-07-08 16:36:48"}
{"level":"info","message":{"ip":"::1","method":"OPTIONS","url":"/api/v1/orders/checkout"},"service":"purely-ceylon-backend-ecosystem","timestamp":"2026-07-08 16:36:52"}
{"level":"info","message":{"ip":"::1","method":"POST","url":"/api/v1/orders/checkout"},"service":"purely-ceylon-backend-ecosystem","timestamp":"2026-07-08 16:36:52"}
{"level":"info","message":{"ip":"::1","method":"OPTIONS","url":"/api/v1/orders/my-orders"},"service":"purely-ceylon-backend-ecosystem","timestamp":"2026-07-08 16:36:53"}
{"level":"info","message":{"ip":"::1","method":"OPTIONS","url":"/api/v1/orders/my-orders"},"service":"purely-ceylon-backend-ecosystem","timestamp":"2026-07-08 16:36:53"}
{"level":"info","message":{"ip":"::1","method":"GET","url":"/api/v1/orders/my-orders"},"service":"purely-ceylon-backend-ecosystem","timestamp":"2026-07-08 16:36:53"}
{"level":"info","message":{"ip":"::1","method":"GET","url":"/api/v1/orders/my-orders"},"service":"purely-ceylon-backend-ecosystem","timestamp":"2026-07-08 16:36:53"}
{"level":"info","message":"📧 Processing Email Queue","service":"purely-ceylon-backend-ecosystem","timestamp":"2026-07-08 16:40:00"}
