{"level":"info","message":"✅ All Background Jobs Started Successfully","service":"purely-ceylon-backend-ecosystem","timestamp":"2026-07-12 18:08:37"}
{"level":"info","message":"Server running on 5000","service":"purely-ceylon-backend-ecosystem","timestamp":"2026-07-12 18:08:38"}
{"level":"info","message":{"ip":"::1","method":"GET","url":"/api/v1/admin/revenue-pdf"},"service":"purely-ceylon-backend-ecosystem","timestamp":"2026-07-12 18:09:13"}
{"level":"info","message":{"ip":"::1","method":"GET","url":"/favicon.ico"},"service":"purely-ceylon-backend-ecosystem","timestamp":"2026-07-12 18:09:13"}
{"level":"info","message":{"ip":"::1","method":"GET","url":"/api/v1/admin/revenue-pdf"},"service":"purely-ceylon-backend-ecosystem","timestamp":"2026-07-12 18:09:16"}
{"level":"info","message":"📧 Processing Email Queue","service":"purely-ceylon-backend-ecosystem","timestamp":"2026-07-12 18:10:00"}
{"level":"info","message":"📧 Processing Email Queue","service":"purely-ceylon-backend-ecosystem","timestamp":"2026-07-12 18:15:00"}
{"level":"info","message":{"ip":"::1","method":"GET","url":"/api/v1/admin/revenue-pdf"},"service":"purely-ceylon-backend-ecosystem","timestamp":"2026-07-12 18:15:03"}
{"level":"info","message":"✅ All Background Jobs Started Successfully","service":"purely-ceylon-backend-ecosystem","timestamp":"2026-07-12 18:19:01"}
{"level":"info","message":"Server running on 5000","service":"purely-ceylon-backend-ecosystem","timestamp":"2026-07-12 18:19:03"}
{"level":"info","message":"📧 Processing Email Queue","service":"purely-ceylon-backend-ecosystem","timestamp":"2026-07-12 18:20:00"}
{"level":"info","message":"✅ All Background Jobs Started Successfully","service":"purely-ceylon-backend-ecosystem","timestamp":"2026-07-12 18:25:03"}
{"level":"info","message":"Server running on 5000","service":"purely-ceylon-backend-ecosystem","timestamp":"2026-07-12 18:25:03"}
{"level":"info","message":"📧 Processing Email Queue","service":"purely-ceylon-backend-ecosystem","timestamp":"2026-07-12 18:30:00"}
{"level":"info","message":{"ip":"::1","method":"OPTIONS","url":"/api/v1/orders/admin/dashboard"},"service":"purely-ceylon-backend-ecosystem","timestamp":"2026-07-12 18:32:55"}
{"level":"info","message":{"ip":"::1","method":"OPTIONS","url":"/api/v1/address"},"service":"purely-ceylon-backend-ecosystem","timestamp":"2026-07-12 18:32:55"}
{"level":"info","message":{"ip":"::1","method":"OPTIONS","url":"/api/v1/wishlist"},"service":"purely-ceylon-backend-ecosystem","timestamp":"2026-07-12 18:32:55"}
{"level":"info","message":{"ip":"::1","method":"OPTIONS","url":"/api/v1/cart"},"service":"purely-ceylon-backend-ecosystem","timestamp":"2026-07-12 18:32:55"}
{"level":"info","message":{"ip":"::1","method":"OPTIONS","url":"/api/v1/orders/admin/dashboard"},"service":"purely-ceylon-backend-ecosystem","timestamp":"2026-07-12 18:32:55"}
{"level":"info","message":{"ip":"::1","method":"OPTIONS","url":"/api/v1/address"},"service":"purely-ceylon-backend-ecosystem","timestamp":"2026-07-12 18:32:55"}
{"level":"info","message":{"ip":"::1","method":"OPTIONS","url":"/api/v1/wishlist"},"service":"purely-ceylon-backend-ecosystem","timestamp":"2026-07-12 18:32:55"}
{"level":"info","message":{"ip":"::1","method":"OPTIONS","url":"/api/v1/cart"},"service":"purely-ceylon-backend-ecosystem","timestamp":"2026-07-12 18:32:55"}
{"level":"info","message":{"ip":"::1","method":"OPTIONS","url":"/api/v1/admin/monthly-sales"},"service":"purely-ceylon-backend-ecosystem","timestamp":"2026-07-12 18:32:55"}
{"level":"info","message":{"ip":"::1","method":"OPTIONS","url":"/api/v1/admin/monthly-sales"},"service":"purely-ceylon-backend-ecosystem","timestamp":"2026-07-12 18:32:55"}
{"level":"info","message":{"ip":"::1","method":"GET","url":"/api/v1/admin/monthly-sales"},"service":"purely-ceylon-backend-ecosystem","timestamp":"2026-07-12 18:32:55"}
{"level":"info","message":{"ip":"::1","method":"GET","url":"/api/v1/admin/monthly-sales"},"service":"purely-ceylon-backend-ecosystem","timestamp":"2026-07-12 18:32:56"}
{"level":"info","message":{"ip":"::1","method":"GET","url":"/api/v1/admin/top-analytics"},"service":"purely-ceylon-backend-ecosystem","timestamp":"2026-07-12 18:32:56"}
{"level":"info","message":{"ip":"::1","method":"GET","url":"/api/v1/admin/top-analytics"},"service":"purely-ceylon-backend-ecosystem","timestamp":"2026-07-12 18:32:57"}
{"level":"info","message":{"ip":"::1","method":"OPTIONS","url":"/api/v1/admin/revenue-dashboard"},"service":"purely-ceylon-backend-ecosystem","timestamp":"2026-07-12 18:33:10"}
{"level":"info","message":{"ip":"::1","method":"OPTIONS","url":"/api/v1/admin/monthly-sales"},"service":"purely-ceylon-backend-ecosystem","timestamp":"2026-07-12 18:33:10"}
{"level":"info","message":{"ip":"::1","method":"OPTIONS","url":"/api/v1/admin/top-products"},"service":"purely-ceylon-backend-ecosystem","timestamp":"2026-07-12 18:33:10"}
{"level":"info","message":{"ip":"::1","method":"OPTIONS","url":"/api/v1/admin/top-customers"},"service":"purely-ceylon-backend-ecosystem","timestamp":"2026-07-12 18:33:10"}
{"level":"info","message":{"ip":"::1","method":"OPTIONS","url":"/api/v1/admin/revenue-dashboard"},"service":"purely-ceylon-backend-ecosystem","timestamp":"2026-07-12 18:33:10"}
{"level":"info","message":{"ip":"::1","method":"OPTIONS","url":"/api/v1/admin/monthly-sales"},"service":"purely-ceylon-backend-ecosystem","timestamp":"2026-07-12 18:33:10"}
{"level":"info","message":{"ip":"::1","method":"OPTIONS","url":"/api/v1/admin/top-products"},"service":"purely-ceylon-backend-ecosystem","timestamp":"2026-07-12 18:33:10"}
{"level":"info","message":{"ip":"::1","method":"OPTIONS","url":"/api/v1/admin/top-customers"},"service":"purely-ceylon-backend-ecosystem","timestamp":"2026-07-12 18:33:10"}
{"level":"info","message":{"ip":"::1","method":"OPTIONS","url":"/api/v1/address"},"service":"purely-ceylon-backend-ecosystem","timestamp":"2026-07-12 18:33:10"}
{"level":"info","message":{"ip":"::1","method":"OPTIONS","url":"/api/v1/wishlist"},"service":"purely-ceylon-backend-ecosystem","timestamp":"2026-07-12 18:33:10"}
{"level":"info","message":{"ip":"::1","method":"OPTIONS","url":"/api/v1/cart"},"service":"purely-ceylon-backend-ecosystem","timestamp":"2026-07-12 18:33:10"}
{"level":"info","message":{"ip":"::1","method":"OPTIONS","url":"/api/v1/address"},"service":"purely-ceylon-backend-ecosystem","timestamp":"2026-07-12 18:33:10"}
{"level":"info","message":{"ip":"::1","method":"OPTIONS","url":"/api/v1/wishlist"},"service":"purely-ceylon-backend-ecosystem","timestamp":"2026-07-12 18:33:10"}
{"level":"info","message":{"ip":"::1","method":"OPTIONS","url":"/api/v1/cart"},"service":"purely-ceylon-backend-ecosystem","timestamp":"2026-07-12 18:33:11"}
{"level":"info","message":"Gracefully shutting down...","service":"purely-ceylon-backend-ecosystem","timestamp":"2026-07-12 18:34:12"}
{"level":"info","message":"✅ All Background Jobs Started Successfully","service":"purely-ceylon-backend-ecosystem","timestamp":"2026-07-12 18:36:09"}
{"level":"info","message":"Server running on 5000","service":"purely-ceylon-backend-ecosystem","timestamp":"2026-07-12 18:36:09"}
{"level":"info","message":"📧 Processing Email Queue","service":"purely-ceylon-backend-ecosystem","timestamp":"2026-07-12 18:40:00"}
{"level":"info","message":"📧 Processing Email Queue","service":"purely-ceylon-backend-ecosystem","timestamp":"2026-07-12 18:45:00"}
{"level":"info","message":{"ip":"::1","method":"OPTIONS","url":"/api/v1/orders/admin/dashboard"},"service":"purely-ceylon-backend-ecosystem","timestamp":"2026-07-12 18:46:26"}
{"level":"info","message":{"ip":"::1","method":"OPTIONS","url":"/api/v1/address"},"service":"purely-ceylon-backend-ecosystem","timestamp":"2026-07-12 18:46:26"}
{"level":"info","message":{"ip":"::1","method":"OPTIONS","url":"/api/v1/wishlist"},"service":"purely-ceylon-backend-ecosystem","timestamp":"2026-07-12 18:46:26"}
{"level":"info","message":{"ip":"::1","method":"OPTIONS","url":"/api/v1/cart"},"service":"purely-ceylon-backend-ecosystem","timestamp":"2026-07-12 18:46:26"}
{"level":"info","message":{"ip":"::1","method":"OPTIONS","url":"/api/v1/orders/admin/dashboard"},"service":"purely-ceylon-backend-ecosystem","timestamp":"2026-07-12 18:46:26"}
{"level":"info","message":{"ip":"::1","method":"OPTIONS","url":"/api/v1/address"},"service":"purely-ceylon-backend-ecosystem","timestamp":"2026-07-12 18:46:26"}
{"level":"info","message":{"ip":"::1","method":"OPTIONS","url":"/api/v1/wishlist"},"service":"purely-ceylon-backend-ecosystem","timestamp":"2026-07-12 18:46:26"}
{"level":"info","message":{"ip":"::1","method":"OPTIONS","url":"/api/v1/cart"},"service":"purely-ceylon-backend-ecosystem","timestamp":"2026-07-12 18:46:26"}
{"level":"info","message":{"ip":"::1","method":"GET","url":"/api/v1/orders/admin/dashboard"},"service":"purely-ceylon-backend-ecosystem","timestamp":"2026-07-12 18:46:26"}
{"level":"info","message":{"ip":"::1","method":"GET","url":"/api/v1/address"},"service":"purely-ceylon-backend-ecosystem","timestamp":"2026-07-12 18:46:27"}
{"level":"info","message":{"ip":"::1","method":"GET","url":"/api/v1/wishlist"},"service":"purely-ceylon-backend-ecosystem","timestamp":"2026-07-12 18:46:27"}
{"level":"info","message":{"ip":"::1","method":"GET","url":"/api/v1/cart"},"service":"purely-ceylon-backend-ecosystem","timestamp":"2026-07-12 18:46:27"}
{"level":"info","message":{"ip":"::1","method":"GET","url":"/api/v1/orders/admin/dashboard"},"service":"purely-ceylon-backend-ecosystem","timestamp":"2026-07-12 18:46:27"}
{"level":"info","message":{"ip":"::1","method":"GET","url":"/api/v1/admin/revenue-dashboard"},"service":"purely-ceylon-backend-ecosystem","timestamp":"2026-07-12 18:46:27"}
{"level":"info","message":{"ip":"::1","method":"GET","url":"/api/v1/address"},"service":"purely-ceylon-backend-ecosystem","timestamp":"2026-07-12 18:46:27"}
{"level":"info","message":{"ip":"::1","method":"GET","url":"/api/v1/wishlist"},"service":"purely-ceylon-backend-ecosystem","timestamp":"2026-07-12 18:46:27"}
{"level":"info","message":{"ip":"::1","method":"GET","url":"/api/v1/cart"},"service":"purely-ceylon-backend-ecosystem","timestamp":"2026-07-12 18:46:27"}
{"level":"info","message":{"ip":"::1","method":"GET","url":"/api/v1/admin/revenue-dashboard"},"service":"purely-ceylon-backend-ecosystem","timestamp":"2026-07-12 18:46:28"}
{"level":"info","message":{"ip":"::1","method":"OPTIONS","url":"/api/v1/admin/monthly-sales"},"service":"purely-ceylon-backend-ecosystem","timestamp":"2026-07-12 18:46:28"}
{"level":"info","message":{"ip":"::1","method":"OPTIONS","url":"/api/v1/admin/top-products"},"service":"purely-ceylon-backend-ecosystem","timestamp":"2026-07-12 18:46:28"}
{"level":"info","message":{"ip":"::1","method":"GET","url":"/api/v1/admin/monthly-sales"},"service":"purely-ceylon-backend-ecosystem","timestamp":"2026-07-12 18:46:28"}
{"level":"info","message":{"ip":"::1","method":"GET","url":"/api/v1/admin/top-products"},"service":"purely-ceylon-backend-ecosystem","timestamp":"2026-07-12 18:46:28"}
{"level":"info","message":{"ip":"::1","method":"GET","url":"/api/v1/admin/monthly-sales"},"service":"purely-ceylon-backend-ecosystem","timestamp":"2026-07-12 18:46:28"}
{"level":"info","message":{"ip":"::1","method":"GET","url":"/api/v1/admin/top-products"},"service":"purely-ceylon-backend-ecosystem","timestamp":"2026-07-12 18:46:28"}
{"level":"info","message":{"ip":"::1","method":"GET","url":"/api/v1/admin/top-analytics"},"service":"purely-ceylon-backend-ecosystem","timestamp":"2026-07-12 18:46:28"}
{"level":"info","message":{"ip":"::1","method":"GET","url":"/api/v1/admin/top-analytics"},"service":"purely-ceylon-backend-ecosystem","timestamp":"2026-07-12 18:46:28"}
{"level":"info","message":{"ip":"::1","method":"GET","url":"/api/v1/admin/revenue-report/pdf"},"service":"purely-ceylon-backend-ecosystem","timestamp":"2026-07-12 18:46:36"}
{"level":"info","message":"📧 Processing Email Queue","service":"purely-ceylon-backend-ecosystem","timestamp":"2026-07-12 18:50:00"}
{"level":"info","message":"📧 Processing Email Queue","service":"purely-ceylon-backend-ecosystem","timestamp":"2026-07-12 18:55:00"}
{"level":"info","message":"📧 Processing Email Queue","service":"purely-ceylon-backend-ecosystem","timestamp":"2026-07-12 19:00:00"}
{"level":"info","message":"📄 Checking Expired RFQs","service":"purely-ceylon-backend-ecosystem","timestamp":"2026-07-12 19:00:00"}
{"level":"info","message":"📧 Processing Email Queue","service":"purely-ceylon-backend-ecosystem","timestamp":"2026-07-12 19:05:00"}
{"level":"info","message":"📧 Processing Email Queue","service":"purely-ceylon-backend-ecosystem","timestamp":"2026-07-12 19:10:00"}
{"level":"info","message":"📧 Processing Email Queue","service":"purely-ceylon-backend-ecosystem","timestamp":"2026-07-12 19:15:00"}
{"level":"info","message":"✅ All Background Jobs Started Successfully","service":"purely-ceylon-backend-ecosystem","timestamp":"2026-07-12 19:17:41"}
{"level":"info","message":"Server running on 5000","service":"purely-ceylon-backend-ecosystem","timestamp":"2026-07-12 19:17:42"}
{"level":"info","message":"📧 Processing Email Queue","service":"purely-ceylon-backend-ecosystem","timestamp":"2026-07-12 19:20:00"}
{"level":"info","message":"✅ All Background Jobs Started Successfully","service":"purely-ceylon-backend-ecosystem","timestamp":"2026-07-12 19:20:20"}
{"level":"info","message":"Server running on 5000","service":"purely-ceylon-backend-ecosystem","timestamp":"2026-07-12 19:20:21"}
{"level":"info","message":"📧 Processing Email Queue","service":"purely-ceylon-backend-ecosystem","timestamp":"2026-07-12 19:25:00"}
{"level":"info","message":"📧 Processing Email Queue","service":"purely-ceylon-backend-ecosystem","timestamp":"2026-07-12 19:30:00"}
{"level":"info","message":"📧 Processing Email Queue","service":"purely-ceylon-backend-ecosystem","timestamp":"2026-07-12 19:35:00"}
{"level":"info","message":"📧 Processing Email Queue","service":"purely-ceylon-backend-ecosystem","timestamp":"2026-07-12 19:40:00"}
{"level":"info","message":"📧 Processing Email Queue","service":"purely-ceylon-backend-ecosystem","timestamp":"2026-07-12 19:45:00"}
{"level":"info","message":"📧 Processing Email Queue","service":"purely-ceylon-backend-ecosystem","timestamp":"2026-07-12 19:50:00"}
{"level":"info","message":{"ip":"::1","method":"POST","url":"/api/v1/shipping/calculate"},"service":"purely-ceylon-backend-ecosystem","timestamp":"2026-07-12 19:53:15"}
{"level":"info","message":"✅ All Background Jobs Started Successfully","service":"purely-ceylon-backend-ecosystem","timestamp":"2026-07-12 19:55:19"}
{"level":"info","message":"Server running on 5000","service":"purely-ceylon-backend-ecosystem","timestamp":"2026-07-12 19:55:19"}
{"level":"info","message":"✅ All Background Jobs Started Successfully","service":"purely-ceylon-backend-ecosystem","timestamp":"2026-07-12 20:15:31"}
{"level":"info","message":"Server running on 5000","service":"purely-ceylon-backend-ecosystem","timestamp":"2026-07-12 20:15:31"}
{"level":"info","message":{"ip":"::1","method":"POST","url":"/api/v1/shipping/calculate"},"service":"purely-ceylon-backend-ecosystem","timestamp":"2026-07-12 20:15:39"}
{"level":"info","message":"📧 Processing Email Queue","service":"purely-ceylon-backend-ecosystem","timestamp":"2026-07-12 20:20:00"}
{"level":"info","message":"📧 Processing Email Queue","service":"purely-ceylon-backend-ecosystem","timestamp":"2026-07-12 20:25:00"}
{"level":"info","message":"📧 Processing Email Queue","service":"purely-ceylon-backend-ecosystem","timestamp":"2026-07-12 20:30:00"}
{"level":"info","message":"📧 Processing Email Queue","service":"purely-ceylon-backend-ecosystem","timestamp":"2026-07-12 20:35:00"}
{"level":"info","message":{"ip":"::1","method":"OPTIONS","url":"/api/v1/orders/admin/dashboard"},"service":"purely-ceylon-backend-ecosystem","timestamp":"2026-07-12 20:35:00"}
{"level":"info","message":{"ip":"::1","method":"OPTIONS","url":"/api/v1/address"},"service":"purely-ceylon-backend-ecosystem","timestamp":"2026-07-12 20:35:00"}
{"level":"info","message":{"ip":"::1","method":"OPTIONS","url":"/api/v1/wishlist"},"service":"purely-ceylon-backend-ecosystem","timestamp":"2026-07-12 20:35:01"}
{"level":"info","message":{"ip":"::1","method":"OPTIONS","url":"/api/v1/cart"},"service":"purely-ceylon-backend-ecosystem","timestamp":"2026-07-12 20:35:01"}
{"level":"info","message":{"ip":"::1","method":"OPTIONS","url":"/api/v1/address"},"service":"purely-ceylon-backend-ecosystem","timestamp":"2026-07-12 20:35:01"}
{"level":"info","message":{"ip":"::1","method":"OPTIONS","url":"/api/v1/orders/admin/dashboard"},"service":"purely-ceylon-backend-ecosystem","timestamp":"2026-07-12 20:35:01"}
{"level":"info","message":{"ip":"::1","method":"OPTIONS","url":"/api/v1/wishlist"},"service":"purely-ceylon-backend-ecosystem","timestamp":"2026-07-12 20:35:01"}
{"level":"info","message":{"ip":"::1","method":"OPTIONS","url":"/api/v1/cart"},"service":"purely-ceylon-backend-ecosystem","timestamp":"2026-07-12 20:35:01"}
{"level":"info","message":{"ip":"::1","method":"OPTIONS","url":"/api/v1/admin/monthly-sales"},"service":"purely-ceylon-backend-ecosystem","timestamp":"2026-07-12 20:35:02"}
{"level":"info","message":{"ip":"::1","method":"OPTIONS","url":"/api/v1/admin/top-products"},"service":"purely-ceylon-backend-ecosystem","timestamp":"2026-07-12 20:35:02"}
{"level":"info","message":{"ip":"::1","method":"GET","url":"/api/v1/admin/monthly-sales"},"service":"purely-ceylon-backend-ecosystem","timestamp":"2026-07-12 20:35:04"}
{"level":"info","message":{"ip":"::1","method":"OPTIONS","url":"/api/v1/admin/monthly-sales"},"service":"purely-ceylon-backend-ecosystem","timestamp":"2026-07-12 20:35:04"}
{"level":"info","message":{"ip":"::1","method":"OPTIONS","url":"/api/v1/admin/top-products"},"service":"purely-ceylon-backend-ecosystem","timestamp":"2026-07-12 20:35:04"}
{"level":"info","message":{"ip":"::1","method":"GET","url":"/api/v1/admin/top-products"},"service":"purely-ceylon-backend-ecosystem","timestamp":"2026-07-12 20:35:04"}
{"level":"info","message":{"ip":"::1","method":"GET","url":"/api/v1/admin/monthly-sales"},"service":"purely-ceylon-backend-ecosystem","timestamp":"2026-07-12 20:35:05"}
{"level":"info","message":{"ip":"::1","method":"GET","url":"/api/v1/admin/top-products"},"service":"purely-ceylon-backend-ecosystem","timestamp":"2026-07-12 20:35:05"}
{"level":"info","message":{"ip":"::1","method":"GET","url":"/api/v1/admin/top-analytics"},"service":"purely-ceylon-backend-ecosystem","timestamp":"2026-07-12 20:35:05"}
{"level":"info","message":{"ip":"::1","method":"GET","url":"/api/v1/admin/top-analytics"},"service":"purely-ceylon-backend-ecosystem","timestamp":"2026-07-12 20:35:05"}
{"level":"info","message":{"ip":"::1","method":"OPTIONS","url":"/api/v1/admin/revenue-dashboard"},"service":"purely-ceylon-backend-ecosystem","timestamp":"2026-07-12 20:35:17"}
{"level":"info","message":{"ip":"::1","method":"OPTIONS","url":"/api/v1/admin/monthly-sales"},"service":"purely-ceylon-backend-ecosystem","timestamp":"2026-07-12 20:35:18"}
{"level":"info","message":{"ip":"::1","method":"OPTIONS","url":"/api/v1/admin/top-products"},"service":"purely-ceylon-backend-ecosystem","timestamp":"2026-07-12 20:35:18"}
{"level":"info","message":{"ip":"::1","method":"OPTIONS","url":"/api/v1/admin/revenue-country"},"service":"purely-ceylon-backend-ecosystem","timestamp":"2026-07-12 20:35:18"}
{"level":"info","message":{"ip":"::1","method":"OPTIONS","url":"/api/v1/admin/top-customers"},"service":"purely-ceylon-backend-ecosystem","timestamp":"2026-07-12 20:35:18"}
{"level":"info","message":{"ip":"::1","method":"OPTIONS","url":"/api/v1/admin/notifications"},"service":"purely-ceylon-backend-ecosystem","timestamp":"2026-07-12 20:35:18"}
{"level":"info","message":{"ip":"::1","method":"OPTIONS","url":"/api/v1/admin/revenue-dashboard"},"service":"purely-ceylon-backend-ecosystem","timestamp":"2026-07-12 20:35:19"}
{"level":"info","message":{"ip":"::1","method":"OPTIONS","url":"/api/v1/admin/monthly-sales"},"service":"purely-ceylon-backend-ecosystem","timestamp":"2026-07-12 20:35:19"}
{"level":"info","message":{"ip":"::1","method":"OPTIONS","url":"/api/v1/admin/top-products"},"service":"purely-ceylon-backend-ecosystem","timestamp":"2026-07-12 20:35:20"}
{"level":"info","message":{"ip":"::1","method":"OPTIONS","url":"/api/v1/admin/top-customers"},"service":"purely-ceylon-backend-ecosystem","timestamp":"2026-07-12 20:35:20"}
{"level":"info","message":{"ip":"::1","method":"OPTIONS","url":"/api/v1/admin/revenue-country"},"service":"purely-ceylon-backend-ecosystem","timestamp":"2026-07-12 20:35:20"}
{"level":"info","message":{"ip":"::1","method":"OPTIONS","url":"/api/v1/admin/notifications"},"service":"purely-ceylon-backend-ecosystem","timestamp":"2026-07-12 20:35:20"}
{"level":"info","message":{"ip":"::1","method":"OPTIONS","url":"/api/v1/admin/kpi-growth"},"service":"purely-ceylon-backend-ecosystem","timestamp":"2026-07-12 20:35:20"}
{"level":"info","message":{"ip":"::1","method":"OPTIONS","url":"/api/v1/address"},"service":"purely-ceylon-backend-ecosystem","timestamp":"2026-07-12 20:35:20"}
{"level":"info","message":{"ip":"::1","method":"OPTIONS","url":"/api/v1/wishlist"},"service":"purely-ceylon-backend-ecosystem","timestamp":"2026-07-12 20:35:20"}
{"level":"info","message":{"ip":"::1","method":"OPTIONS","url":"/api/v1/cart"},"service":"purely-ceylon-backend-ecosystem","timestamp":"2026-07-12 20:35:20"}
{"level":"info","message":{"ip":"::1","method":"OPTIONS","url":"/api/v1/wishlist"},"service":"purely-ceylon-backend-ecosystem","timestamp":"2026-07-12 20:35:20"}
{"level":"info","message":{"ip":"::1","method":"GET","url":"/api/v1/admin/revenue-country"},"service":"purely-ceylon-backend-ecosystem","timestamp":"2026-07-12 20:35:20"}
{"level":"info","message":{"ip":"::1","method":"OPTIONS","url":"/api/v1/admin/kpi-growth"},"service":"purely-ceylon-backend-ecosystem","timestamp":"2026-07-12 20:35:20"}
{"level":"info","message":{"ip":"::1","method":"OPTIONS","url":"/api/v1/address"},"service":"purely-ceylon-backend-ecosystem","timestamp":"2026-07-12 20:35:20"}
{"level":"info","message":{"ip":"::1","method":"OPTIONS","url":"/api/v1/cart"},"service":"purely-ceylon-backend-ecosystem","timestamp":"2026-07-12 20:35:20"}
{"level":"info","message":{"ip":"::1","method":"GET","url":"/api/v1/admin/notifications"},"service":"purely-ceylon-backend-ecosystem","timestamp":"2026-07-12 20:35:20"}
{"level":"info","message":{"ip":"::1","method":"GET","url":"/api/v1/admin/kpi-growth"},"service":"purely-ceylon-backend-ecosystem","timestamp":"2026-07-12 20:35:20"}
{"level":"info","message":"Gracefully shutting down...","service":"purely-ceylon-backend-ecosystem","timestamp":"2026-07-12 20:35:34"}
{"level":"info","message":"✅ All Background Jobs Started Successfully","service":"purely-ceylon-backend-ecosystem","timestamp":"2026-07-12 20:35:51"}
{"level":"info","message":"Server running on 5000","service":"purely-ceylon-backend-ecosystem","timestamp":"2026-07-12 20:35:51"}
{"level":"info","message":{"ip":"::1","method":"OPTIONS","url":"/api/v1/wishlist"},"service":"purely-ceylon-backend-ecosystem","timestamp":"2026-07-12 20:36:01"}
{"level":"info","message":{"ip":"::1","method":"OPTIONS","url":"/api/v1/cart"},"service":"purely-ceylon-backend-ecosystem","timestamp":"2026-07-12 20:36:01"}
{"level":"info","message":{"ip":"::1","method":"OPTIONS","url":"/api/v1/categories"},"service":"purely-ceylon-backend-ecosystem","timestamp":"2026-07-12 20:36:01"}
{"level":"info","message":{"ip":"::1","method":"OPTIONS","url":"/api/v1/products"},"service":"purely-ceylon-backend-ecosystem","timestamp":"2026-07-12 20:36:01"}
{"level":"info","message":{"ip":"::1","method":"OPTIONS","url":"/api/v1/address"},"service":"purely-ceylon-backend-ecosystem","timestamp":"2026-07-12 20:36:01"}
{"level":"info","message":{"ip":"::1","method":"OPTIONS","url":"/api/v1/wishlist"},"service":"purely-ceylon-backend-ecosystem","timestamp":"2026-07-12 20:36:01"}
{"level":"info","message":{"ip":"::1","method":"OPTIONS","url":"/api/v1/cart"},"service":"purely-ceylon-backend-ecosystem","timestamp":"2026-07-12 20:36:01"}
{"level":"info","message":{"ip":"::1","method":"OPTIONS","url":"/api/v1/address"},"service":"purely-ceylon-backend-ecosystem","timestamp":"2026-07-12 20:36:01"}
{"level":"info","message":{"ip":"::1","method":"OPTIONS","url":"/api/v1/cart"},"service":"purely-ceylon-backend-ecosystem","timestamp":"2026-07-12 20:36:01"}
{"level":"info","message":{"ip":"::1","method":"OPTIONS","url":"/api/v1/wishlist"},"service":"purely-ceylon-backend-ecosystem","timestamp":"2026-07-12 20:36:01"}
{"level":"info","message":{"ip":"::1","method":"OPTIONS","url":"/api/v1/categories"},"service":"purely-ceylon-backend-ecosystem","timestamp":"2026-07-12 20:36:01"}
{"level":"info","message":{"ip":"::1","method":"OPTIONS","url":"/api/v1/products"},"service":"purely-ceylon-backend-ecosystem","timestamp":"2026-07-12 20:36:01"}
{"level":"info","message":{"ip":"::1","method":"OPTIONS","url":"/api/v1/wishlist"},"service":"purely-ceylon-backend-ecosystem","timestamp":"2026-07-12 20:36:01"}
{"level":"info","message":{"ip":"::1","method":"GET","url":"/api/v1/wishlist"},"service":"purely-ceylon-backend-ecosystem","timestamp":"2026-07-12 20:36:01"}
{"level":"info","message":{"ip":"::1","method":"GET","url":"/api/v1/cart"},"service":"purely-ceylon-backend-ecosystem","timestamp":"2026-07-12 20:36:01"}
{"level":"info","message":{"ip":"::1","method":"GET","url":"/api/v1/categories"},"service":"purely-ceylon-backend-ecosystem","timestamp":"2026-07-12 20:36:02"}
{"level":"info","message":{"ip":"::1","method":"GET","url":"/api/v1/address"},"service":"purely-ceylon-backend-ecosystem","timestamp":"2026-07-12 20:36:02"}
{"level":"info","message":{"ip":"::1","method":"GET","url":"/api/v1/products"},"service":"purely-ceylon-backend-ecosystem","timestamp":"2026-07-12 20:36:02"}
{"level":"info","message":{"ip":"::1","method":"GET","url":"/api/v1/wishlist"},"service":"purely-ceylon-backend-ecosystem","timestamp":"2026-07-12 20:36:02"}
{"level":"info","message":{"ip":"::1","method":"GET","url":"/api/v1/cart"},"service":"purely-ceylon-backend-ecosystem","timestamp":"2026-07-12 20:36:02"}
{"level":"info","message":{"ip":"::1","method":"GET","url":"/api/v1/address"},"service":"purely-ceylon-backend-ecosystem","timestamp":"2026-07-12 20:36:02"}
{"level":"info","message":{"ip":"::1","method":"GET","url":"/api/v1/wishlist"},"service":"purely-ceylon-backend-ecosystem","timestamp":"2026-07-12 20:36:02"}
{"level":"info","message":{"ip":"::1","method":"GET","url":"/api/v1/cart"},"service":"purely-ceylon-backend-ecosystem","timestamp":"2026-07-12 20:36:02"}
{"level":"info","message":{"ip":"::1","method":"GET","url":"/api/v1/wishlist"},"service":"purely-ceylon-backend-ecosystem","timestamp":"2026-07-12 20:36:02"}
{"level":"info","message":{"ip":"::1","method":"OPTIONS","url":"/api/v1/cart"},"service":"purely-ceylon-backend-ecosystem","timestamp":"2026-07-12 20:36:02"}
{"level":"info","message":{"ip":"::1","method":"GET","url":"/api/v1/cart"},"service":"purely-ceylon-backend-ecosystem","timestamp":"2026-07-12 20:36:02"}
{"level":"info","message":{"ip":"::1","method":"GET","url":"/api/v1/categories"},"service":"purely-ceylon-backend-ecosystem","timestamp":"2026-07-12 20:36:03"}
{"level":"info","message":{"ip":"::1","method":"GET","url":"/api/v1/products"},"service":"purely-ceylon-backend-ecosystem","timestamp":"2026-07-12 20:36:03"}
{"level":"info","message":{"ip":"::1","method":"OPTIONS","url":"/api/v1/wishlist"},"service":"purely-ceylon-backend-ecosystem","timestamp":"2026-07-12 20:36:12"}
{"level":"info","message":{"ip":"::1","method":"OPTIONS","url":"/api/v1/wishlist"},"service":"purely-ceylon-backend-ecosystem","timestamp":"2026-07-12 20:36:12"}
{"level":"info","message":{"ip":"::1","method":"GET","url":"/api/v1/wishlist"},"service":"purely-ceylon-backend-ecosystem","timestamp":"2026-07-12 20:36:12"}
{"level":"info","message":{"ip":"::1","method":"GET","url":"/api/v1/wishlist"},"service":"purely-ceylon-backend-ecosystem","timestamp":"2026-07-12 20:36:12"}
{"level":"info","message":{"ip":"::1","method":"OPTIONS","url":"/api/v1/cart"},"service":"purely-ceylon-backend-ecosystem","timestamp":"2026-07-12 20:36:13"}
{"level":"info","message":{"ip":"::1","method":"OPTIONS","url":"/api/v1/cart"},"service":"purely-ceylon-backend-ecosystem","timestamp":"2026-07-12 20:36:13"}
{"level":"info","message":{"ip":"::1","method":"GET","url":"/api/v1/cart"},"service":"purely-ceylon-backend-ecosystem","timestamp":"2026-07-12 20:36:13"}
{"level":"info","message":{"ip":"::1","method":"GET","url":"/api/v1/cart"},"service":"purely-ceylon-backend-ecosystem","timestamp":"2026-07-12 20:36:13"}
{"level":"info","message":{"ip":"::1","method":"OPTIONS","url":"/api/v1/address"},"service":"purely-ceylon-backend-ecosystem","timestamp":"2026-07-12 20:36:13"}
{"level":"info","message":{"ip":"::1","method":"OPTIONS","url":"/api/v1/address"},"service":"purely-ceylon-backend-ecosystem","timestamp":"2026-07-12 20:36:13"}
{"level":"info","message":{"ip":"::1","method":"GET","url":"/api/v1/cart"},"service":"purely-ceylon-backend-ecosystem","timestamp":"2026-07-12 20:36:13"}
{"level":"info","message":{"ip":"::1","method":"GET","url":"/api/v1/address"},"service":"purely-ceylon-backend-ecosystem","timestamp":"2026-07-12 20:36:14"}
{"level":"info","message":{"ip":"::1","method":"GET","url":"/api/v1/address"},"service":"purely-ceylon-backend-ecosystem","timestamp":"2026-07-12 20:36:14"}
{"level":"info","message":{"ip":"::1","method":"GET","url":"/api/v1/cart"},"service":"purely-ceylon-backend-ecosystem","timestamp":"2026-07-12 20:36:14"}
{"level":"info","message":{"ip":"::1","method":"OPTIONS","url":"/api/v1/orders/my-orders"},"service":"purely-ceylon-backend-ecosystem","timestamp":"2026-07-12 20:36:15"}
{"level":"info","message":{"ip":"::1","method":"OPTIONS","url":"/api/v1/orders/my-orders"},"service":"purely-ceylon-backend-ecosystem","timestamp":"2026-07-12 20:36:15"}
{"level":"info","message":{"ip":"::1","method":"GET","url":"/api/v1/orders/my-orders"},"service":"purely-ceylon-backend-ecosystem","timestamp":"2026-07-12 20:36:15"}
{"level":"info","message":{"ip":"::1","method":"GET","url":"/api/v1/orders/my-orders"},"service":"purely-ceylon-backend-ecosystem","timestamp":"2026-07-12 20:36:15"}
{"level":"info","message":{"ip":"::1","method":"OPTIONS","url":"/api/v1/categories"},"service":"purely-ceylon-backend-ecosystem","timestamp":"2026-07-12 20:36:20"}
{"level":"info","message":{"ip":"::1","method":"OPTIONS","url":"/api/v1/products"},"service":"purely-ceylon-backend-ecosystem","timestamp":"2026-07-12 20:36:20"}
{"level":"info","message":{"ip":"::1","method":"OPTIONS","url":"/api/v1/products"},"service":"purely-ceylon-backend-ecosystem","timestamp":"2026-07-12 20:36:20"}
{"level":"info","message":{"ip":"::1","method":"OPTIONS","url":"/api/v1/categories"},"service":"purely-ceylon-backend-ecosystem","timestamp":"2026-07-12 20:36:20"}
{"level":"info","message":{"ip":"::1","method":"GET","url":"/api/v1/categories"},"service":"purely-ceylon-backend-ecosystem","timestamp":"2026-07-12 20:36:20"}
{"level":"info","message":{"ip":"::1","method":"GET","url":"/api/v1/products"},"service":"purely-ceylon-backend-ecosystem","timestamp":"2026-07-12 20:36:20"}
{"level":"info","message":{"ip":"::1","method":"GET","url":"/api/v1/categories"},"service":"purely-ceylon-backend-ecosystem","timestamp":"2026-07-12 20:36:20"}
{"level":"info","message":{"ip":"::1","method":"GET","url":"/api/v1/products"},"service":"purely-ceylon-backend-ecosystem","timestamp":"2026-07-12 20:36:20"}
{"level":"info","message":{"ip":"::1","method":"OPTIONS","url":"/api/v1/cart/add"},"service":"purely-ceylon-backend-ecosystem","timestamp":"2026-07-12 20:36:23"}
{"level":"info","message":{"ip":"::1","method":"POST","url":"/api/v1/cart/add"},"service":"purely-ceylon-backend-ecosystem","timestamp":"2026-07-12 20:36:23"}
{"level":"info","message":{"ip":"::1","method":"OPTIONS","url":"/api/v1/auth/login"},"service":"purely-ceylon-backend-ecosystem","timestamp":"2026-07-12 20:36:33"}
{"level":"info","message":{"ip":"::1","method":"POST","url":"/api/v1/auth/login"},"service":"purely-ceylon-backend-ecosystem","timestamp":"2026-07-12 20:36:33"}
{"level":"warn","message":{"email":"musabhafiz995@gmail.com","event":"LOGIN_FAILED"},"service":"purely-ceylon-backend-ecosystem","timestamp":"2026-07-12 20:36:33"}
{"level":"info","message":{"ip":"::1","method":"OPTIONS","url":"/api/v1/auth/login"},"service":"purely-ceylon-backend-ecosystem","timestamp":"2026-07-12 20:36:46"}
{"level":"info","message":{"ip":"::1","method":"POST","url":"/api/v1/auth/login"},"service":"purely-ceylon-backend-ecosystem","timestamp":"2026-07-12 20:36:46"}
{"level":"warn","message":{"email":"musabhafiz995@gmail.com","event":"LOGIN_FAILED"},"service":"purely-ceylon-backend-ecosystem","timestamp":"2026-07-12 20:36:46"}
{"level":"info","message":{"ip":"::1","method":"OPTIONS","url":"/api/v1/auth/login"},"service":"purely-ceylon-backend-ecosystem","timestamp":"2026-07-12 20:36:55"}
{"level":"info","message":{"ip":"::1","method":"POST","url":"/api/v1/auth/login"},"service":"purely-ceylon-backend-ecosystem","timestamp":"2026-07-12 20:36:55"}
{"level":"warn","message":{"email":"musabmohammed678@gmail.com","event":"LOGIN_FAILED"},"service":"purely-ceylon-backend-ecosystem","timestamp":"2026-07-12 20:36:55"}
{"level":"info","message":{"ip":"::1","method":"OPTIONS","url":"/api/v1/auth/login"},"service":"purely-ceylon-backend-ecosystem","timestamp":"2026-07-12 20:37:07"}
{"level":"info","message":{"ip":"::1","method":"POST","url":"/api/v1/auth/login"},"service":"purely-ceylon-backend-ecosystem","timestamp":"2026-07-12 20:37:07"}
{"level":"warn","message":{"email":"musabmohammed678@gmail.com","event":"LOGIN_FAILED"},"service":"purely-ceylon-backend-ecosystem","timestamp":"2026-07-12 20:37:07"}
{"level":"info","message":{"ip":"::1","method":"OPTIONS","url":"/api/v1/auth/login"},"service":"purely-ceylon-backend-ecosystem","timestamp":"2026-07-12 20:37:22"}
{"level":"info","message":{"ip":"::1","method":"POST","url":"/api/v1/auth/login"},"service":"purely-ceylon-backend-ecosystem","timestamp":"2026-07-12 20:37:22"}
{"level":"warn","message":{"email":"musab.nawfer@gmail.com","event":"LOGIN_FAILED"},"service":"purely-ceylon-backend-ecosystem","timestamp":"2026-07-12 20:37:22"}
{"level":"info","message":{"ip":"::1","method":"OPTIONS","url":"/api/v1/auth/register"},"service":"purely-ceylon-backend-ecosystem","timestamp":"2026-07-12 20:37:54"}
{"level":"info","message":{"ip":"::1","method":"POST","url":"/api/v1/auth/register"},"service":"purely-ceylon-backend-ecosystem","timestamp":"2026-07-12 20:37:54"}
{"level":"info","message":{"ip":"::1","method":"OPTIONS","url":"/api/v1/auth/register"},"service":"purely-ceylon-backend-ecosystem","timestamp":"2026-07-12 20:38:08"}
{"level":"info","message":{"ip":"::1","method":"POST","url":"/api/v1/auth/register"},"service":"purely-ceylon-backend-ecosystem","timestamp":"2026-07-12 20:38:08"}
{"level":"info","message":{"ip":"::1","method":"OPTIONS","url":"/api/v1/auth/verify-otp"},"service":"purely-ceylon-backend-ecosystem","timestamp":"2026-07-12 20:38:44"}
{"level":"info","message":{"ip":"::1","method":"POST","url":"/api/v1/auth/verify-otp"},"service":"purely-ceylon-backend-ecosystem","timestamp":"2026-07-12 20:38:44"}
{"level":"info","message":{"ip":"::1","method":"OPTIONS","url":"/api/v1/auth/login"},"service":"purely-ceylon-backend-ecosystem","timestamp":"2026-07-12 20:38:54"}
{"level":"info","message":{"ip":"::1","method":"POST","url":"/api/v1/auth/login"},"service":"purely-ceylon-backend-ecosystem","timestamp":"2026-07-12 20:38:54"}
{"level":"warn","message":{"email":"musabmohammed678@gmail.com","event":"LOGIN_FAILED"},"service":"purely-ceylon-backend-ecosystem","timestamp":"2026-07-12 20:38:54"}
{"level":"info","message":{"ip":"::1","method":"OPTIONS","url":"/api/v1/auth/login"},"service":"purely-ceylon-backend-ecosystem","timestamp":"2026-07-12 20:39:14"}
{"level":"info","message":{"ip":"::1","method":"POST","url":"/api/v1/auth/login"},"service":"purely-ceylon-backend-ecosystem","timestamp":"2026-07-12 20:39:14"}
{"level":"info","message":{"email":"musabmohammed678@gmail.com","event":"LOGIN_SUCCESS"},"service":"purely-ceylon-backend-ecosystem","timestamp":"2026-07-12 20:39:14"}
{"level":"info","message":{"ip":"::1","method":"OPTIONS","url":"/api/v1/cart"},"service":"purely-ceylon-backend-ecosystem","timestamp":"2026-07-12 20:39:16"}
{"level":"info","message":{"ip":"::1","method":"OPTIONS","url":"/api/v1/wishlist"},"service":"purely-ceylon-backend-ecosystem","timestamp":"2026-07-12 20:39:16"}
{"level":"info","message":{"ip":"::1","method":"OPTIONS","url":"/api/v1/categories"},"service":"purely-ceylon-backend-ecosystem","timestamp":"2026-07-12 20:39:16"}
{"level":"info","message":{"ip":"::1","method":"OPTIONS","url":"/api/v1/products"},"service":"purely-ceylon-backend-ecosystem","timestamp":"2026-07-12 20:39:16"}
{"level":"info","message":{"ip":"::1","method":"GET","url":"/api/v1/cart"},"service":"purely-ceylon-backend-ecosystem","timestamp":"2026-07-12 20:39:16"}
{"level":"info","message":{"ip":"::1","method":"OPTIONS","url":"/api/v1/categories"},"service":"purely-ceylon-backend-ecosystem","timestamp":"2026-07-12 20:39:16"}
{"level":"info","message":{"ip":"::1","method":"OPTIONS","url":"/api/v1/products"},"service":"purely-ceylon-backend-ecosystem","timestamp":"2026-07-12 20:39:17"}
{"level":"info","message":{"ip":"::1","method":"GET","url":"/api/v1/wishlist"},"service":"purely-ceylon-backend-ecosystem","timestamp":"2026-07-12 20:39:17"}
{"level":"info","message":{"ip":"::1","method":"GET","url":"/api/v1/categories"},"service":"purely-ceylon-backend-ecosystem","timestamp":"2026-07-12 20:39:17"}
{"level":"info","message":{"ip":"::1","method":"GET","url":"/api/v1/products"},"service":"purely-ceylon-backend-ecosystem","timestamp":"2026-07-12 20:39:17"}
{"level":"info","message":{"ip":"::1","method":"GET","url":"/api/v1/categories"},"service":"purely-ceylon-backend-ecosystem","timestamp":"2026-07-12 20:39:17"}
{"level":"info","message":{"ip":"::1","method":"GET","url":"/api/v1/products"},"service":"purely-ceylon-backend-ecosystem","timestamp":"2026-07-12 20:39:17"}
{"level":"info","message":{"ip":"::1","method":"OPTIONS","url":"/api/v1/orders/my-orders"},"service":"purely-ceylon-backend-ecosystem","timestamp":"2026-07-12 20:39:21"}
{"level":"info","message":{"ip":"::1","method":"OPTIONS","url":"/api/v1/orders/my-orders"},"service":"purely-ceylon-backend-ecosystem","timestamp":"2026-07-12 20:39:21"}
{"level":"info","message":{"ip":"::1","method":"GET","url":"/api/v1/orders/my-orders"},"service":"purely-ceylon-backend-ecosystem","timestamp":"2026-07-12 20:39:21"}
{"level":"info","message":{"ip":"::1","method":"GET","url":"/api/v1/orders/my-orders"},"service":"purely-ceylon-backend-ecosystem","timestamp":"2026-07-12 20:39:21"}
{"level":"info","message":{"ip":"::1","method":"OPTIONS","url":"/api/v1/cart"},"service":"purely-ceylon-backend-ecosystem","timestamp":"2026-07-12 20:39:23"}
{"level":"info","message":{"ip":"::1","method":"OPTIONS","url":"/api/v1/address"},"service":"purely-ceylon-backend-ecosystem","timestamp":"2026-07-12 20:39:23"}
{"level":"info","message":{"ip":"::1","method":"OPTIONS","url":"/api/v1/cart"},"service":"purely-ceylon-backend-ecosystem","timestamp":"2026-07-12 20:39:23"}
{"level":"info","message":{"ip":"::1","method":"OPTIONS","url":"/api/v1/address"},"service":"purely-ceylon-backend-ecosystem","timestamp":"2026-07-12 20:39:23"}
{"level":"info","message":{"ip":"::1","method":"GET","url":"/api/v1/cart"},"service":"purely-ceylon-backend-ecosystem","timestamp":"2026-07-12 20:39:23"}
{"level":"info","message":{"ip":"::1","method":"GET","url":"/api/v1/address"},"service":"purely-ceylon-backend-ecosystem","timestamp":"2026-07-12 20:39:23"}
{"level":"info","message":{"ip":"::1","method":"GET","url":"/api/v1/cart"},"service":"purely-ceylon-backend-ecosystem","timestamp":"2026-07-12 20:39:23"}
{"level":"info","message":{"ip":"::1","method":"GET","url":"/api/v1/address"},"service":"purely-ceylon-backend-ecosystem","timestamp":"2026-07-12 20:39:23"}
{"level":"info","message":{"ip":"::1","method":"GET","url":"/api/v1/orders/my-orders"},"service":"purely-ceylon-backend-ecosystem","timestamp":"2026-07-12 20:39:24"}
{"level":"info","message":{"ip":"::1","method":"GET","url":"/api/v1/address"},"service":"purely-ceylon-backend-ecosystem","timestamp":"2026-07-12 20:39:24"}
{"level":"info","message":{"ip":"::1","method":"GET","url":"/api/v1/orders/my-orders"},"service":"purely-ceylon-backend-ecosystem","timestamp":"2026-07-12 20:39:24"}
{"level":"info","message":{"ip":"::1","method":"GET","url":"/api/v1/address"},"service":"purely-ceylon-backend-ecosystem","timestamp":"2026-07-12 20:39:25"}
{"level":"info","message":{"ip":"::1","method":"GET","url":"/api/v1/address"},"service":"purely-ceylon-backend-ecosystem","timestamp":"2026-07-12 20:39:25"}
{"level":"info","message":{"ip":"::1","method":"GET","url":"/api/v1/address"},"service":"purely-ceylon-backend-ecosystem","timestamp":"2026-07-12 20:39:25"}
{"level":"info","message":{"ip":"::1","method":"OPTIONS","url":"/api/v1/products"},"service":"purely-ceylon-backend-ecosystem","timestamp":"2026-07-12 20:39:57"}
{"level":"info","message":{"ip":"::1","method":"OPTIONS","url":"/api/v1/categories"},"service":"purely-ceylon-backend-ecosystem","timestamp":"2026-07-12 20:39:57"}
{"level":"info","message":{"ip":"::1","method":"OPTIONS","url":"/api/v1/products"},"service":"purely-ceylon-backend-ecosystem","timestamp":"2026-07-12 20:39:57"}
{"level":"info","message":{"ip":"::1","method":"OPTIONS","url":"/api/v1/categories"},"service":"purely-ceylon-backend-ecosystem","timestamp":"2026-07-12 20:39:57"}
{"level":"info","message":{"ip":"::1","method":"GET","url":"/api/v1/products"},"service":"purely-ceylon-backend-ecosystem","timestamp":"2026-07-12 20:39:57"}
{"level":"info","message":{"ip":"::1","method":"GET","url":"/api/v1/categories"},"service":"purely-ceylon-backend-ecosystem","timestamp":"2026-07-12 20:39:57"}
{"level":"info","message":{"ip":"::1","method":"GET","url":"/api/v1/products"},"service":"purely-ceylon-backend-ecosystem","timestamp":"2026-07-12 20:39:57"}
{"level":"info","message":{"ip":"::1","method":"GET","url":"/api/v1/categories"},"service":"purely-ceylon-backend-ecosystem","timestamp":"2026-07-12 20:39:57"}
{"level":"info","message":"📧 Processing Email Queue","service":"purely-ceylon-backend-ecosystem","timestamp":"2026-07-12 20:40:00"}
{"level":"info","message":{"ip":"::1","method":"OPTIONS","url":"/api/v1/cart/add"},"service":"purely-ceylon-backend-ecosystem","timestamp":"2026-07-12 20:40:00"}
{"level":"info","message":{"ip":"::1","method":"POST","url":"/api/v1/cart/add"},"service":"purely-ceylon-backend-ecosystem","timestamp":"2026-07-12 20:40:00"}
{"level":"info","message":{"ip":"::1","method":"OPTIONS","url":"/api/v1/cart"},"service":"purely-ceylon-backend-ecosystem","timestamp":"2026-07-12 20:40:21"}
{"level":"info","message":{"ip":"::1","method":"OPTIONS","url":"/api/v1/cart"},"service":"purely-ceylon-backend-ecosystem","timestamp":"2026-07-12 20:40:21"}
{"level":"info","message":{"ip":"::1","method":"GET","url":"/api/v1/cart"},"service":"purely-ceylon-backend-ecosystem","timestamp":"2026-07-12 20:40:21"}
{"level":"info","message":{"ip":"::1","method":"GET","url":"/api/v1/cart"},"service":"purely-ceylon-backend-ecosystem","timestamp":"2026-07-12 20:40:21"}
{"level":"info","message":{"ip":"::1","method":"GET","url":"/api/v1/cart"},"service":"purely-ceylon-backend-ecosystem","timestamp":"2026-07-12 20:40:21"}
{"level":"info","message":{"ip":"::1","method":"GET","url":"/api/v1/cart"},"service":"purely-ceylon-backend-ecosystem","timestamp":"2026-07-12 20:40:21"}
{"level":"info","message":{"ip":"::1","method":"OPTIONS","url":"/api/v1/address"},"service":"purely-ceylon-backend-ecosystem","timestamp":"2026-07-12 20:40:26"}
{"level":"info","message":{"ip":"::1","method":"OPTIONS","url":"/api/v1/address"},"service":"purely-ceylon-backend-ecosystem","timestamp":"2026-07-12 20:40:26"}
{"level":"info","message":{"ip":"::1","method":"GET","url":"/api/v1/cart"},"service":"purely-ceylon-backend-ecosystem","timestamp":"2026-07-12 20:40:26"}
{"level":"info","message":{"ip":"::1","method":"GET","url":"/api/v1/address"},"service":"purely-ceylon-backend-ecosystem","timestamp":"2026-07-12 20:40:26"}
{"level":"info","message":{"ip":"::1","method":"GET","url":"/api/v1/address"},"service":"purely-ceylon-backend-ecosystem","timestamp":"2026-07-12 20:40:26"}
{"level":"info","message":{"ip":"::1","method":"GET","url":"/api/v1/cart"},"service":"purely-ceylon-backend-ecosystem","timestamp":"2026-07-12 20:40:26"}
{"level":"info","message":{"ip":"::1","method":"OPTIONS","url":"/api/v1/address"},"service":"purely-ceylon-backend-ecosystem","timestamp":"2026-07-12 20:40:33"}
{"level":"info","message":{"ip":"::1","method":"OPTIONS","url":"/api/v1/address"},"service":"purely-ceylon-backend-ecosystem","timestamp":"2026-07-12 20:40:33"}
{"level":"info","message":{"ip":"::1","method":"GET","url":"/api/v1/address"},"service":"purely-ceylon-backend-ecosystem","timestamp":"2026-07-12 20:40:33"}
{"level":"info","message":{"ip":"::1","method":"GET","url":"/api/v1/address"},"service":"purely-ceylon-backend-ecosystem","timestamp":"2026-07-12 20:40:33"}
{"level":"info","message":{"ip":"::1","method":"OPTIONS","url":"/api/v1/address"},"service":"purely-ceylon-backend-ecosystem","timestamp":"2026-07-12 20:40:51"}
{"level":"info","message":{"ip":"::1","method":"POST","url":"/api/v1/address"},"service":"purely-ceylon-backend-ecosystem","timestamp":"2026-07-12 20:40:51"}
{"level":"info","message":{"ip":"::1","method":"GET","url":"/api/v1/address"},"service":"purely-ceylon-backend-ecosystem","timestamp":"2026-07-12 20:40:51"}
{"level":"info","message":{"ip":"::1","method":"OPTIONS","url":"/api/v1/orders/my-orders"},"service":"purely-ceylon-backend-ecosystem","timestamp":"2026-07-12 20:40:58"}
{"level":"info","message":{"ip":"::1","method":"OPTIONS","url":"/api/v1/orders/my-orders"},"service":"purely-ceylon-backend-ecosystem","timestamp":"2026-07-12 20:40:58"}
{"level":"info","message":{"ip":"::1","method":"GET","url":"/api/v1/orders/my-orders"},"service":"purely-ceylon-backend-ecosystem","timestamp":"2026-07-12 20:40:58"}
{"level":"info","message":{"ip":"::1","method":"GET","url":"/api/v1/orders/my-orders"},"service":"purely-ceylon-backend-ecosystem","timestamp":"2026-07-12 20:40:58"}
{"level":"info","message":{"ip":"::1","method":"OPTIONS","url":"/api/v1/address"},"service":"purely-ceylon-backend-ecosystem","timestamp":"2026-07-12 20:40:59"}
{"level":"info","message":{"ip":"::1","method":"OPTIONS","url":"/api/v1/address"},"service":"purely-ceylon-backend-ecosystem","timestamp":"2026-07-12 20:40:59"}
{"level":"info","message":{"ip":"::1","method":"GET","url":"/api/v1/orders/my-orders"},"service":"purely-ceylon-backend-ecosystem","timestamp":"2026-07-12 20:40:59"}
{"level":"info","message":{"ip":"::1","method":"GET","url":"/api/v1/address"},"service":"purely-ceylon-backend-ecosystem","timestamp":"2026-07-12 20:40:59"}
{"level":"info","message":{"ip":"::1","method":"GET","url":"/api/v1/orders/my-orders"},"service":"purely-ceylon-backend-ecosystem","timestamp":"2026-07-12 20:40:59"}
{"level":"info","message":{"ip":"::1","method":"GET","url":"/api/v1/address"},"service":"purely-ceylon-backend-ecosystem","timestamp":"2026-07-12 20:40:59"}
{"level":"info","message":{"ip":"::1","method":"GET","url":"/api/v1/address"},"service":"purely-ceylon-backend-ecosystem","timestamp":"2026-07-12 20:40:59"}
{"level":"info","message":{"ip":"::1","method":"GET","url":"/api/v1/address"},"service":"purely-ceylon-backend-ecosystem","timestamp":"2026-07-12 20:41:00"}
{"level":"info","message":{"ip":"::1","method":"OPTIONS","url":"/api/v1/cart"},"service":"purely-ceylon-backend-ecosystem","timestamp":"2026-07-12 20:41:04"}
{"level":"info","message":{"ip":"::1","method":"OPTIONS","url":"/api/v1/cart"},"service":"purely-ceylon-backend-ecosystem","timestamp":"2026-07-12 20:41:04"}
{"level":"info","message":{"ip":"::1","method":"GET","url":"/api/v1/address"},"service":"purely-ceylon-backend-ecosystem","timestamp":"2026-07-12 20:41:04"}
{"level":"info","message":{"ip":"::1","method":"GET","url":"/api/v1/cart"},"service":"purely-ceylon-backend-ecosystem","timestamp":"2026-07-12 20:41:04"}
{"level":"info","message":{"ip":"::1","method":"GET","url":"/api/v1/address"},"service":"purely-ceylon-backend-ecosystem","timestamp":"2026-07-12 20:41:04"}
{"level":"info","message":{"ip":"::1","method":"OPTIONS","url":"/api/v1/shipping/calculate"},"service":"purely-ceylon-backend-ecosystem","timestamp":"2026-07-12 20:41:04"}
{"level":"info","message":{"ip":"::1","method":"POST","url":"/api/v1/shipping/calculate"},"service":"purely-ceylon-backend-ecosystem","timestamp":"2026-07-12 20:41:04"}
{"level":"info","message":{"ip":"::1","method":"GET","url":"/api/v1/cart"},"service":"purely-ceylon-backend-ecosystem","timestamp":"2026-07-12 20:41:04"}
{"level":"info","message":{"ip":"::1","method":"POST","url":"/api/v1/shipping/calculate"},"service":"purely-ceylon-backend-ecosystem","timestamp":"2026-07-12 20:41:04"}
{"level":"info","message":{"ip":"::1","method":"POST","url":"/api/v1/shipping/calculate"},"service":"purely-ceylon-backend-ecosystem","timestamp":"2026-07-12 20:41:04"}
{"level":"info","message":{"ip":"::1","method":"POST","url":"/api/v1/shipping/calculate"},"service":"purely-ceylon-backend-ecosystem","timestamp":"2026-07-12 20:41:04"}
{"level":"info","message":{"ip":"::1","method":"OPTIONS","url":"/api/v1/orders/checkout"},"service":"purely-ceylon-backend-ecosystem","timestamp":"2026-07-12 20:41:06"}
{"level":"info","message":{"ip":"::1","method":"POST","url":"/api/v1/orders/checkout"},"service":"purely-ceylon-backend-ecosystem","timestamp":"2026-07-12 20:41:06"}
{"level":"info","message":{"ip":"::1","method":"OPTIONS","url":"/api/v1/orders/my-orders"},"service":"purely-ceylon-backend-ecosystem","timestamp":"2026-07-12 20:41:06"}
{"level":"info","message":{"ip":"::1","method":"OPTIONS","url":"/api/v1/orders/my-orders"},"service":"purely-ceylon-backend-ecosystem","timestamp":"2026-07-12 20:41:06"}
{"level":"info","message":{"ip":"::1","method":"GET","url":"/api/v1/orders/my-orders"},"service":"purely-ceylon-backend-ecosystem","timestamp":"2026-07-12 20:41:06"}
{"level":"info","message":{"ip":"::1","method":"GET","url":"/api/v1/orders/my-orders"},"service":"purely-ceylon-backend-ecosystem","timestamp":"2026-07-12 20:41:07"}
{"level":"info","message":{"ip":"::1","method":"OPTIONS","url":"/api/v1/orders/4137f8cc-7056-4759-93d2-95a6e2aa203b"},"service":"purely-ceylon-backend-ecosystem","timestamp":"2026-07-12 20:41:08"}
{"level":"info","message":{"ip":"::1","method":"OPTIONS","url":"/api/v1/orders/4137f8cc-7056-4759-93d2-95a6e2aa203b"},"service":"purely-ceylon-backend-ecosystem","timestamp":"2026-07-12 20:41:08"}
{"level":"info","message":{"ip":"::1","method":"GET","url":"/api/v1/orders/4137f8cc-7056-4759-93d2-95a6e2aa203b"},"service":"purely-ceylon-backend-ecosystem","timestamp":"2026-07-12 20:41:08"}
{"level":"info","message":{"ip":"::1","method":"GET","url":"/api/v1/orders/4137f8cc-7056-4759-93d2-95a6e2aa203b"},"service":"purely-ceylon-backend-ecosystem","timestamp":"2026-07-12 20:41:08"}
{"level":"info","message":{"ip":"::1","method":"OPTIONS","url":"/api/v1/orders/4137f8cc-7056-4759-93d2-95a6e2aa203b"},"service":"purely-ceylon-backend-ecosystem","timestamp":"2026-07-12 20:41:22"}
{"level":"info","message":{"ip":"::1","method":"OPTIONS","url":"/api/v1/orders/4137f8cc-7056-4759-93d2-95a6e2aa203b"},"service":"purely-ceylon-backend-ecosystem","timestamp":"2026-07-12 20:41:22"}
{"level":"info","message":{"ip":"::1","method":"GET","url":"/api/v1/orders/4137f8cc-7056-4759-93d2-95a6e2aa203b"},"service":"purely-ceylon-backend-ecosystem","timestamp":"2026-07-12 20:41:22"}
{"level":"info","message":{"ip":"::1","method":"GET","url":"/api/v1/orders/4137f8cc-7056-4759-93d2-95a6e2aa203b"},"service":"purely-ceylon-backend-ecosystem","timestamp":"2026-07-12 20:41:22"}
{"level":"info","message":{"ip":"::1","method":"OPTIONS","url":"/api/v1/cart"},"service":"purely-ceylon-backend-ecosystem","timestamp":"2026-07-12 20:41:52"}
{"level":"info","message":{"ip":"::1","method":"OPTIONS","url":"/api/v1/wishlist"},"service":"purely-ceylon-backend-ecosystem","timestamp":"2026-07-12 20:41:52"}
{"level":"info","message":{"ip":"::1","method":"OPTIONS","url":"/api/v1/orders/4137f8cc-7056-4759-93d2-95a6e2aa203b"},"service":"purely-ceylon-backend-ecosystem","timestamp":"2026-07-12 20:41:52"}
{"level":"info","message":{"ip":"::1","method":"OPTIONS","url":"/api/v1/cart"},"service":"purely-ceylon-backend-ecosystem","timestamp":"2026-07-12 20:41:52"}
{"level":"info","message":{"ip":"::1","method":"OPTIONS","url":"/api/v1/wishlist"},"service":"purely-ceylon-backend-ecosystem","timestamp":"2026-07-12 20:41:52"}
{"level":"info","message":{"ip":"::1","method":"OPTIONS","url":"/api/v1/orders/4137f8cc-7056-4759-93d2-95a6e2aa203b"},"service":"purely-ceylon-backend-ecosystem","timestamp":"2026-07-12 20:41:52"}
{"level":"info","message":{"ip":"::1","method":"GET","url":"/api/v1/cart"},"service":"purely-ceylon-backend-ecosystem","timestamp":"2026-07-12 20:41:52"}
{"level":"info","message":{"ip":"::1","method":"GET","url":"/api/v1/wishlist"},"service":"purely-ceylon-backend-ecosystem","timestamp":"2026-07-12 20:41:53"}
{"level":"info","message":{"ip":"::1","method":"GET","url":"/api/v1/orders/4137f8cc-7056-4759-93d2-95a6e2aa203b"},"service":"purely-ceylon-backend-ecosystem","timestamp":"2026-07-12 20:41:53"}
{"level":"info","message":{"ip":"::1","method":"GET","url":"/api/v1/wishlist"},"service":"purely-ceylon-backend-ecosystem","timestamp":"2026-07-12 20:41:53"}
{"level":"info","message":{"ip":"::1","method":"GET","url":"/api/v1/orders/4137f8cc-7056-4759-93d2-95a6e2aa203b"},"service":"purely-ceylon-backend-ecosystem","timestamp":"2026-07-12 20:41:53"}
{"level":"info","message":{"ip":"::1","method":"GET","url":"/api/v1/cart"},"service":"purely-ceylon-backend-ecosystem","timestamp":"2026-07-12 20:41:53"}
{"level":"info","message":{"ip":"::1","method":"OPTIONS","url":"/api/v1/orders/admin/dashboard"},"service":"purely-ceylon-backend-ecosystem","timestamp":"2026-07-12 20:42:32"}
{"level":"info","message":{"ip":"::1","method":"OPTIONS","url":"/api/v1/address"},"service":"purely-ceylon-backend-ecosystem","timestamp":"2026-07-12 20:42:32"}
{"level":"info","message":{"ip":"::1","method":"OPTIONS","url":"/api/v1/wishlist"},"service":"purely-ceylon-backend-ecosystem","timestamp":"2026-07-12 20:42:32"}
{"level":"info","message":{"ip":"::1","method":"OPTIONS","url":"/api/v1/cart"},"service":"purely-ceylon-backend-ecosystem","timestamp":"2026-07-12 20:42:32"}
{"level":"info","message":{"ip":"::1","method":"OPTIONS","url":"/api/v1/orders/admin/dashboard"},"service":"purely-ceylon-backend-ecosystem","timestamp":"2026-07-12 20:42:32"}
{"level":"info","message":{"ip":"::1","method":"OPTIONS","url":"/api/v1/address"},"service":"purely-ceylon-backend-ecosystem","timestamp":"2026-07-12 20:42:32"}
{"level":"info","message":{"ip":"::1","method":"OPTIONS","url":"/api/v1/cart"},"service":"purely-ceylon-backend-ecosystem","timestamp":"2026-07-12 20:42:32"}
{"level":"info","message":{"ip":"::1","method":"OPTIONS","url":"/api/v1/wishlist"},"service":"purely-ceylon-backend-ecosystem","timestamp":"2026-07-12 20:42:32"}
{"level":"info","message":{"ip":"::1","method":"GET","url":"/api/v1/orders/admin/dashboard"},"service":"purely-ceylon-backend-ecosystem","timestamp":"2026-07-12 20:42:32"}
{"level":"info","message":{"ip":"::1","method":"GET","url":"/api/v1/address"},"service":"purely-ceylon-backend-ecosystem","timestamp":"2026-07-12 20:42:32"}
{"level":"info","message":{"ip":"::1","method":"GET","url":"/api/v1/wishlist"},"service":"purely-ceylon-backend-ecosystem","timestamp":"2026-07-12 20:42:32"}
{"level":"info","message":{"ip":"::1","method":"GET","url":"/api/v1/cart"},"service":"purely-ceylon-backend-ecosystem","timestamp":"2026-07-12 20:42:32"}
{"level":"info","message":{"ip":"::1","method":"GET","url":"/api/v1/orders/admin/dashboard"},"service":"purely-ceylon-backend-ecosystem","timestamp":"2026-07-12 20:42:32"}
{"level":"info","message":{"ip":"::1","method":"GET","url":"/api/v1/address"},"service":"purely-ceylon-backend-ecosystem","timestamp":"2026-07-12 20:42:32"}
{"level":"info","message":{"ip":"::1","method":"GET","url":"/api/v1/admin/revenue-dashboard"},"service":"purely-ceylon-backend-ecosystem","timestamp":"2026-07-12 20:42:32"}
{"level":"info","message":{"ip":"::1","method":"GET","url":"/api/v1/wishlist"},"service":"purely-ceylon-backend-ecosystem","timestamp":"2026-07-12 20:42:32"}
{"level":"info","message":{"ip":"::1","method":"GET","url":"/api/v1/cart"},"service":"purely-ceylon-backend-ecosystem","timestamp":"2026-07-12 20:42:32"}
{"level":"info","message":{"ip":"::1","method":"GET","url":"/api/v1/admin/revenue-dashboard"},"service":"purely-ceylon-backend-ecosystem","timestamp":"2026-07-12 20:42:32"}
{"level":"info","message":{"ip":"::1","method":"OPTIONS","url":"/api/v1/address"},"service":"purely-ceylon-backend-ecosystem","timestamp":"2026-07-12 20:43:07"}
{"level":"info","message":{"ip":"::1","method":"OPTIONS","url":"/api/v1/wishlist"},"service":"purely-ceylon-backend-ecosystem","timestamp":"2026-07-12 20:43:07"}
{"level":"info","message":{"ip":"::1","method":"OPTIONS","url":"/api/v1/cart"},"service":"purely-ceylon-backend-ecosystem","timestamp":"2026-07-12 20:43:07"}
{"level":"info","message":{"ip":"::1","method":"OPTIONS","url":"/api/v1/address"},"service":"purely-ceylon-backend-ecosystem","timestamp":"2026-07-12 20:43:07"}
{"level":"info","message":{"ip":"::1","method":"OPTIONS","url":"/api/v1/wishlist"},"service":"purely-ceylon-backend-ecosystem","timestamp":"2026-07-12 20:43:07"}
{"level":"info","message":{"ip":"::1","method":"OPTIONS","url":"/api/v1/cart"},"service":"purely-ceylon-backend-ecosystem","timestamp":"2026-07-12 20:43:07"}
{"level":"info","message":{"ip":"::1","method":"GET","url":"/api/v1/address"},"service":"purely-ceylon-backend-ecosystem","timestamp":"2026-07-12 20:43:07"}
{"level":"info","message":{"ip":"::1","method":"GET","url":"/api/v1/wishlist"},"service":"purely-ceylon-backend-ecosystem","timestamp":"2026-07-12 20:43:07"}
{"level":"info","message":{"ip":"::1","method":"GET","url":"/api/v1/cart"},"service":"purely-ceylon-backend-ecosystem","timestamp":"2026-07-12 20:43:07"}
{"level":"info","message":{"ip":"::1","method":"GET","url":"/api/v1/address"},"service":"purely-ceylon-backend-ecosystem","timestamp":"2026-07-12 20:43:07"}
{"level":"info","message":{"ip":"::1","method":"GET","url":"/api/v1/wishlist"},"service":"purely-ceylon-backend-ecosystem","timestamp":"2026-07-12 20:43:07"}
{"level":"info","message":{"ip":"::1","method":"GET","url":"/api/v1/cart"},"service":"purely-ceylon-backend-ecosystem","timestamp":"2026-07-12 20:43:07"}
{"level":"info","message":{"ip":"::1","method":"OPTIONS","url":"/api/v1/admin/revenue-dashboard"},"service":"purely-ceylon-backend-ecosystem","timestamp":"2026-07-12 20:43:26"}
{"level":"info","message":{"ip":"::1","method":"OPTIONS","url":"/api/v1/admin/monthly-sales"},"service":"purely-ceylon-backend-ecosystem","timestamp":"2026-07-12 20:43:27"}
{"level":"info","message":{"ip":"::1","method":"OPTIONS","url":"/api/v1/admin/top-products"},"service":"purely-ceylon-backend-ecosystem","timestamp":"2026-07-12 20:43:27"}
{"level":"info","message":{"ip":"::1","method":"OPTIONS","url":"/api/v1/admin/top-customers"},"service":"purely-ceylon-backend-ecosystem","timestamp":"2026-07-12 20:43:27"}
{"level":"info","message":{"ip":"::1","method":"OPTIONS","url":"/api/v1/admin/notifications"},"service":"purely-ceylon-backend-ecosystem","timestamp":"2026-07-12 20:43:27"}
{"level":"info","message":{"ip":"::1","method":"OPTIONS","url":"/api/v1/admin/revenue-country"},"service":"purely-ceylon-backend-ecosystem","timestamp":"2026-07-12 20:43:27"}
{"level":"info","message":{"ip":"::1","method":"OPTIONS","url":"/api/v1/admin/kpi-growth"},"service":"purely-ceylon-backend-ecosystem","timestamp":"2026-07-12 20:43:27"}
{"level":"info","message":{"ip":"::1","method":"OPTIONS","url":"/api/v1/admin/revenue-dashboard"},"service":"purely-ceylon-backend-ecosystem","timestamp":"2026-07-12 20:43:27"}
{"level":"info","message":{"ip":"::1","method":"OPTIONS","url":"/api/v1/admin/monthly-sales"},"service":"purely-ceylon-backend-ecosystem","timestamp":"2026-07-12 20:43:27"}
{"level":"info","message":{"ip":"::1","method":"OPTIONS","url":"/api/v1/admin/top-customers"},"service":"purely-ceylon-backend-ecosystem","timestamp":"2026-07-12 20:43:27"}
{"level":"info","message":{"ip":"::1","method":"OPTIONS","url":"/api/v1/admin/notifications"},"service":"purely-ceylon-backend-ecosystem","timestamp":"2026-07-12 20:43:27"}
{"level":"info","message":{"ip":"::1","method":"OPTIONS","url":"/api/v1/admin/kpi-growth"},"service":"purely-ceylon-backend-ecosystem","timestamp":"2026-07-12 20:43:27"}
{"level":"info","message":{"ip":"::1","method":"OPTIONS","url":"/api/v1/cart"},"service":"purely-ceylon-backend-ecosystem","timestamp":"2026-07-12 20:43:27"}
{"level":"info","message":{"ip":"::1","method":"OPTIONS","url":"/api/v1/address"},"service":"purely-ceylon-backend-ecosystem","timestamp":"2026-07-12 20:43:27"}
{"level":"info","message":{"ip":"::1","method":"OPTIONS","url":"/api/v1/wishlist"},"service":"purely-ceylon-backend-ecosystem","timestamp":"2026-07-12 20:43:27"}
{"level":"info","message":{"ip":"::1","method":"GET","url":"/api/v1/admin/revenue-dashboard"},"service":"purely-ceylon-backend-ecosystem","timestamp":"2026-07-12 20:43:27"}
{"level":"info","message":{"ip":"::1","method":"GET","url":"/api/v1/admin/monthly-sales"},"service":"purely-ceylon-backend-ecosystem","timestamp":"2026-07-12 20:43:27"}
{"level":"info","message":{"ip":"::1","method":"GET","url":"/api/v1/admin/top-products"},"service":"purely-ceylon-backend-ecosystem","timestamp":"2026-07-12 20:43:27"}
{"level":"info","message":{"ip":"::1","method":"OPTIONS","url":"/api/v1/admin/top-products"},"service":"purely-ceylon-backend-ecosystem","timestamp":"2026-07-12 20:43:27"}
{"level":"info","message":{"ip":"::1","method":"OPTIONS","url":"/api/v1/admin/revenue-country"},"service":"purely-ceylon-backend-ecosystem","timestamp":"2026-07-12 20:43:27"}
{"level":"info","message":{"ip":"::1","method":"OPTIONS","url":"/api/v1/address"},"service":"purely-ceylon-backend-ecosystem","timestamp":"2026-07-12 20:43:27"}
{"level":"info","message":{"ip":"::1","method":"OPTIONS","url":"/api/v1/wishlist"},"service":"purely-ceylon-backend-ecosystem","timestamp":"2026-07-12 20:43:27"}
{"level":"info","message":{"ip":"::1","method":"OPTIONS","url":"/api/v1/cart"},"service":"purely-ceylon-backend-ecosystem","timestamp":"2026-07-12 20:43:27"}
{"level":"info","message":{"ip":"::1","method":"GET","url":"/api/v1/admin/revenue-dashboard"},"service":"purely-ceylon-backend-ecosystem","timestamp":"2026-07-12 20:43:27"}
{"level":"info","message":{"ip":"::1","method":"GET","url":"/api/v1/cart"},"service":"purely-ceylon-backend-ecosystem","timestamp":"2026-07-12 20:43:27"}
{"level":"info","message":{"ip":"::1","method":"GET","url":"/api/v1/address"},"service":"purely-ceylon-backend-ecosystem","timestamp":"2026-07-12 20:43:27"}
{"level":"info","message":{"ip":"::1","method":"GET","url":"/api/v1/wishlist"},"service":"purely-ceylon-backend-ecosystem","timestamp":"2026-07-12 20:43:27"}
{"level":"info","message":{"ip":"::1","method":"GET","url":"/api/v1/admin/top-customers"},"service":"purely-ceylon-backend-ecosystem","timestamp":"2026-07-12 20:43:27"}
{"level":"info","message":{"ip":"::1","method":"GET","url":"/api/v1/admin/notifications"},"service":"purely-ceylon-backend-ecosystem","timestamp":"2026-07-12 20:43:27"}
{"level":"info","message":{"ip":"::1","method":"GET","url":"/api/v1/admin/revenue-country"},"service":"purely-ceylon-backend-ecosystem","timestamp":"2026-07-12 20:43:27"}
{"level":"info","message":{"ip":"::1","method":"GET","url":"/api/v1/admin/kpi-growth"},"service":"purely-ceylon-backend-ecosystem","timestamp":"2026-07-12 20:43:27"}
{"level":"info","message":{"ip":"::1","method":"GET","url":"/api/v1/admin/monthly-sales"},"service":"purely-ceylon-backend-ecosystem","timestamp":"2026-07-12 20:43:27"}
{"level":"info","message":{"ip":"::1","method":"GET","url":"/api/v1/admin/top-products"},"service":"purely-ceylon-backend-ecosystem","timestamp":"2026-07-12 20:43:27"}
{"level":"info","message":{"ip":"::1","method":"GET","url":"/api/v1/cart"},"service":"purely-ceylon-backend-ecosystem","timestamp":"2026-07-12 20:43:27"}
{"level":"info","message":{"ip":"::1","method":"GET","url":"/api/v1/address"},"service":"purely-ceylon-backend-ecosystem","timestamp":"2026-07-12 20:43:27"}
{"level":"info","message":{"ip":"::1","method":"GET","url":"/api/v1/wishlist"},"service":"purely-ceylon-backend-ecosystem","timestamp":"2026-07-12 20:43:27"}
{"level":"info","message":{"ip":"::1","method":"GET","url":"/api/v1/admin/top-customers"},"service":"purely-ceylon-backend-ecosystem","timestamp":"2026-07-12 20:43:27"}
{"level":"info","message":{"ip":"::1","method":"GET","url":"/api/v1/admin/notifications"},"service":"purely-ceylon-backend-ecosystem","timestamp":"2026-07-12 20:43:27"}
{"level":"info","message":{"ip":"::1","method":"GET","url":"/api/v1/admin/revenue-country"},"service":"purely-ceylon-backend-ecosystem","timestamp":"2026-07-12 20:43:27"}
{"level":"info","message":{"ip":"::1","method":"GET","url":"/api/v1/admin/kpi-growth"},"service":"purely-ceylon-backend-ecosystem","timestamp":"2026-07-12 20:43:27"}
{"level":"info","message":{"ip":"::1","method":"OPTIONS","url":"/api/v1/admin/notifications"},"service":"purely-ceylon-backend-ecosystem","timestamp":"2026-07-12 20:43:56"}
{"level":"info","message":{"ip":"::1","method":"OPTIONS","url":"/api/v1/admin/revenue-country"},"service":"purely-ceylon-backend-ecosystem","timestamp":"2026-07-12 20:43:56"}
{"level":"info","message":{"ip":"::1","method":"OPTIONS","url":"/api/v1/admin/top-customers"},"service":"purely-ceylon-backend-ecosystem","timestamp":"2026-07-12 20:43:56"}
{"level":"info","message":{"ip":"::1","method":"OPTIONS","url":"/api/v1/admin/top-products"},"service":"purely-ceylon-backend-ecosystem","timestamp":"2026-07-12 20:43:56"}
{"level":"info","message":{"ip":"::1","method":"OPTIONS","url":"/api/v1/admin/monthly-sales"},"service":"purely-ceylon-backend-ecosystem","timestamp":"2026-07-12 20:43:57"}
{"level":"info","message":{"ip":"::1","method":"OPTIONS","url":"/api/v1/admin/revenue-dashboard"},"service":"purely-ceylon-backend-ecosystem","timestamp":"2026-07-12 20:43:57"}
{"level":"info","message":{"ip":"::1","method":"GET","url":"/api/v1/admin/notifications"},"service":"purely-ceylon-backend-ecosystem","timestamp":"2026-07-12 20:43:57"}
{"level":"info","message":{"ip":"::1","method":"GET","url":"/api/v1/admin/top-customers"},"service":"purely-ceylon-backend-ecosystem","timestamp":"2026-07-12 20:43:57"}
{"level":"info","message":{"ip":"::1","method":"OPTIONS","url":"/api/v1/admin/kpi-growth"},"service":"purely-ceylon-backend-ecosystem","timestamp":"2026-07-12 20:43:57"}
{"level":"info","message":{"ip":"::1","method":"GET","url":"/api/v1/admin/revenue-country"},"service":"purely-ceylon-backend-ecosystem","timestamp":"2026-07-12 20:43:57"}
{"level":"info","message":{"ip":"::1","method":"GET","url":"/api/v1/admin/top-products"},"service":"purely-ceylon-backend-ecosystem","timestamp":"2026-07-12 20:43:57"}
{"level":"info","message":{"ip":"::1","method":"GET","url":"/api/v1/admin/monthly-sales"},"service":"purely-ceylon-backend-ecosystem","timestamp":"2026-07-12 20:43:57"}
{"level":"info","message":{"ip":"::1","method":"GET","url":"/api/v1/admin/revenue-dashboard"},"service":"purely-ceylon-backend-ecosystem","timestamp":"2026-07-12 20:43:57"}
{"level":"info","message":{"ip":"::1","method":"GET","url":"/api/v1/admin/kpi-growth"},"service":"purely-ceylon-backend-ecosystem","timestamp":"2026-07-12 20:43:57"}
{"level":"info","message":{"ip":"::1","method":"OPTIONS","url":"/api/v1/orders/admin/dashboard"},"service":"purely-ceylon-backend-ecosystem","timestamp":"2026-07-12 20:44:02"}
{"level":"info","message":{"ip":"::1","method":"OPTIONS","url":"/api/v1/address"},"service":"purely-ceylon-backend-ecosystem","timestamp":"2026-07-12 20:44:02"}
{"level":"info","message":{"ip":"::1","method":"OPTIONS","url":"/api/v1/wishlist"},"service":"purely-ceylon-backend-ecosystem","timestamp":"2026-07-12 20:44:02"}
{"level":"info","message":{"ip":"::1","method":"OPTIONS","url":"/api/v1/cart"},"service":"purely-ceylon-backend-ecosystem","timestamp":"2026-07-12 20:44:02"}
{"level":"info","message":{"ip":"::1","method":"OPTIONS","url":"/api/v1/orders/admin/dashboard"},"service":"purely-ceylon-backend-ecosystem","timestamp":"2026-07-12 20:44:02"}
{"level":"info","message":{"ip":"::1","method":"OPTIONS","url":"/api/v1/address"},"service":"purely-ceylon-backend-ecosystem","timestamp":"2026-07-12 20:44:02"}
{"level":"info","message":{"ip":"::1","method":"OPTIONS","url":"/api/v1/wishlist"},"service":"purely-ceylon-backend-ecosystem","timestamp":"2026-07-12 20:44:02"}
{"level":"info","message":{"ip":"::1","method":"OPTIONS","url":"/api/v1/cart"},"service":"purely-ceylon-backend-ecosystem","timestamp":"2026-07-12 20:44:02"}
{"level":"info","message":{"ip":"::1","method":"GET","url":"/api/v1/orders/admin/dashboard"},"service":"purely-ceylon-backend-ecosystem","timestamp":"2026-07-12 20:44:03"}
{"level":"info","message":{"ip":"::1","method":"GET","url":"/api/v1/address"},"service":"purely-ceylon-backend-ecosystem","timestamp":"2026-07-12 20:44:03"}
{"level":"info","message":{"ip":"::1","method":"GET","url":"/api/v1/wishlist"},"service":"purely-ceylon-backend-ecosystem","timestamp":"2026-07-12 20:44:03"}
{"level":"info","message":{"ip":"::1","method":"GET","url":"/api/v1/cart"},"service":"purely-ceylon-backend-ecosystem","timestamp":"2026-07-12 20:44:03"}
{"level":"info","message":{"ip":"::1","method":"GET","url":"/api/v1/cart"},"service":"purely-ceylon-backend-ecosystem","timestamp":"2026-07-12 20:44:03"}
{"level":"info","message":{"ip":"::1","method":"GET","url":"/api/v1/orders/admin/dashboard"},"service":"purely-ceylon-backend-ecosystem","timestamp":"2026-07-12 20:44:03"}
{"level":"info","message":{"ip":"::1","method":"GET","url":"/api/v1/admin/revenue-dashboard"},"service":"purely-ceylon-backend-ecosystem","timestamp":"2026-07-12 20:44:03"}
{"level":"info","message":{"ip":"::1","method":"GET","url":"/api/v1/address"},"service":"purely-ceylon-backend-ecosystem","timestamp":"2026-07-12 20:44:03"}
{"level":"info","message":{"ip":"::1","method":"GET","url":"/api/v1/wishlist"},"service":"purely-ceylon-backend-ecosystem","timestamp":"2026-07-12 20:44:03"}
{"level":"info","message":{"ip":"::1","method":"GET","url":"/api/v1/admin/revenue-dashboard"},"service":"purely-ceylon-backend-ecosystem","timestamp":"2026-07-12 20:44:03"}
{"level":"info","message":"📧 Processing Email Queue","service":"purely-ceylon-backend-ecosystem","timestamp":"2026-07-12 20:45:00"}
{"level":"info","message":{"ip":"::1","method":"OPTIONS","url":"/api/v1/categories"},"service":"purely-ceylon-backend-ecosystem","timestamp":"2026-07-12 20:45:01"}
{"level":"info","message":{"ip":"::1","method":"OPTIONS","url":"/api/v1/products"},"service":"purely-ceylon-backend-ecosystem","timestamp":"2026-07-12 20:45:01"}
{"level":"info","message":{"ip":"::1","method":"OPTIONS","url":"/api/v1/categories"},"service":"purely-ceylon-backend-ecosystem","timestamp":"2026-07-12 20:45:01"}
{"level":"info","message":{"ip":"::1","method":"OPTIONS","url":"/api/v1/products"},"service":"purely-ceylon-backend-ecosystem","timestamp":"2026-07-12 20:45:01"}
{"level":"info","message":{"ip":"::1","method":"GET","url":"/api/v1/categories"},"service":"purely-ceylon-backend-ecosystem","timestamp":"2026-07-12 20:45:01"}
{"level":"info","message":{"ip":"::1","method":"GET","url":"/api/v1/products"},"service":"purely-ceylon-backend-ecosystem","timestamp":"2026-07-12 20:45:01"}
{"level":"info","message":{"ip":"::1","method":"GET","url":"/api/v1/categories"},"service":"purely-ceylon-backend-ecosystem","timestamp":"2026-07-12 20:45:01"}
{"level":"info","message":{"ip":"::1","method":"GET","url":"/api/v1/products"},"service":"purely-ceylon-backend-ecosystem","timestamp":"2026-07-12 20:45:01"}
{"level":"info","message":{"ip":"::1","method":"OPTIONS","url":"/api/v1/categories"},"service":"purely-ceylon-backend-ecosystem","timestamp":"2026-07-12 20:45:09"}
{"level":"info","message":{"ip":"::1","method":"OPTIONS","url":"/api/v1/categories"},"service":"purely-ceylon-backend-ecosystem","timestamp":"2026-07-12 20:45:09"}
{"level":"info","message":{"ip":"::1","method":"OPTIONS","url":"/api/v1/products"},"service":"purely-ceylon-backend-ecosystem","timestamp":"2026-07-12 20:45:09"}
{"level":"info","message":{"ip":"::1","method":"OPTIONS","url":"/api/v1/products"},"service":"purely-ceylon-backend-ecosystem","timestamp":"2026-07-12 20:45:09"}
{"level":"info","message":{"ip":"::1","method":"GET","url":"/api/v1/categories"},"service":"purely-ceylon-backend-ecosystem","timestamp":"2026-07-12 20:45:09"}
{"level":"info","message":{"ip":"::1","method":"GET","url":"/api/v1/products"},"service":"purely-ceylon-backend-ecosystem","timestamp":"2026-07-12 20:45:09"}
{"level":"info","message":{"ip":"::1","method":"GET","url":"/api/v1/products"},"service":"purely-ceylon-backend-ecosystem","timestamp":"2026-07-12 20:45:10"}
{"level":"info","message":{"ip":"::1","method":"GET","url":"/api/v1/categories"},"service":"purely-ceylon-backend-ecosystem","timestamp":"2026-07-12 20:45:10"}
{"level":"info","message":{"ip":"::1","method":"OPTIONS","url":"/api/v1/cart"},"service":"purely-ceylon-backend-ecosystem","timestamp":"2026-07-12 20:45:12"}
{"level":"info","message":{"ip":"::1","method":"OPTIONS","url":"/api/v1/wishlist"},"service":"purely-ceylon-backend-ecosystem","timestamp":"2026-07-12 20:45:12"}
{"level":"info","message":{"ip":"::1","method":"OPTIONS","url":"/api/v1/cart"},"service":"purely-ceylon-backend-ecosystem","timestamp":"2026-07-12 20:45:12"}
{"level":"info","message":{"ip":"::1","method":"OPTIONS","url":"/api/v1/wishlist"},"service":"purely-ceylon-backend-ecosystem","timestamp":"2026-07-12 20:45:12"}
{"level":"info","message":{"ip":"::1","method":"GET","url":"/api/v1/categories"},"service":"purely-ceylon-backend-ecosystem","timestamp":"2026-07-12 20:45:12"}
{"level":"info","message":{"ip":"::1","method":"GET","url":"/api/v1/products"},"service":"purely-ceylon-backend-ecosystem","timestamp":"2026-07-12 20:45:12"}
{"level":"info","message":{"ip":"::1","method":"GET","url":"/api/v1/categories"},"service":"purely-ceylon-backend-ecosystem","timestamp":"2026-07-12 20:45:12"}
{"level":"info","message":{"ip":"::1","method":"GET","url":"/api/v1/products"},"service":"purely-ceylon-backend-ecosystem","timestamp":"2026-07-12 20:45:12"}
{"level":"info","message":{"ip":"::1","method":"GET","url":"/api/v1/cart"},"service":"purely-ceylon-backend-ecosystem","timestamp":"2026-07-12 20:45:12"}
{"level":"info","message":{"ip":"::1","method":"GET","url":"/api/v1/wishlist"},"service":"purely-ceylon-backend-ecosystem","timestamp":"2026-07-12 20:45:12"}
{"level":"info","message":{"ip":"::1","method":"GET","url":"/api/v1/wishlist"},"service":"purely-ceylon-backend-ecosystem","timestamp":"2026-07-12 20:45:12"}
{"level":"info","message":{"ip":"::1","method":"GET","url":"/api/v1/cart"},"service":"purely-ceylon-backend-ecosystem","timestamp":"2026-07-12 20:45:12"}
{"level":"info","message":{"ip":"::1","method":"GET","url":"/api/v1/wishlist"},"service":"purely-ceylon-backend-ecosystem","timestamp":"2026-07-12 20:45:16"}
{"level":"info","message":{"ip":"::1","method":"GET","url":"/api/v1/wishlist"},"service":"purely-ceylon-backend-ecosystem","timestamp":"2026-07-12 20:45:17"}
{"level":"info","message":{"ip":"::1","method":"OPTIONS","url":"/api/v1/categories"},"service":"purely-ceylon-backend-ecosystem","timestamp":"2026-07-12 20:45:19"}
{"level":"info","message":{"ip":"::1","method":"OPTIONS","url":"/api/v1/products"},"service":"purely-ceylon-backend-ecosystem","timestamp":"2026-07-12 20:45:19"}
{"level":"info","message":{"ip":"::1","method":"OPTIONS","url":"/api/v1/categories"},"service":"purely-ceylon-backend-ecosystem","timestamp":"2026-07-12 20:45:19"}
{"level":"info","message":{"ip":"::1","method":"OPTIONS","url":"/api/v1/products"},"service":"purely-ceylon-backend-ecosystem","timestamp":"2026-07-12 20:45:19"}
{"level":"info","message":{"ip":"::1","method":"GET","url":"/api/v1/categories"},"service":"purely-ceylon-backend-ecosystem","timestamp":"2026-07-12 20:45:19"}
{"level":"info","message":{"ip":"::1","method":"GET","url":"/api/v1/products"},"service":"purely-ceylon-backend-ecosystem","timestamp":"2026-07-12 20:45:19"}
{"level":"info","message":{"ip":"::1","method":"GET","url":"/api/v1/categories"},"service":"purely-ceylon-backend-ecosystem","timestamp":"2026-07-12 20:45:19"}
{"level":"info","message":{"ip":"::1","method":"GET","url":"/api/v1/products"},"service":"purely-ceylon-backend-ecosystem","timestamp":"2026-07-12 20:45:19"}
{"level":"info","message":{"ip":"::1","method":"OPTIONS","url":"/api/v1/cart"},"service":"purely-ceylon-backend-ecosystem","timestamp":"2026-07-12 20:45:38"}
{"level":"info","message":{"ip":"::1","method":"OPTIONS","url":"/api/v1/cart"},"service":"purely-ceylon-backend-ecosystem","timestamp":"2026-07-12 20:45:38"}
{"level":"info","message":{"ip":"::1","method":"GET","url":"/api/v1/cart"},"service":"purely-ceylon-backend-ecosystem","timestamp":"2026-07-12 20:45:38"}
{"level":"info","message":{"ip":"::1","method":"GET","url":"/api/v1/cart"},"service":"purely-ceylon-backend-ecosystem","timestamp":"2026-07-12 20:45:38"}
{"level":"info","message":{"ip":"::1","method":"OPTIONS","url":"/api/v1/address"},"service":"purely-ceylon-backend-ecosystem","timestamp":"2026-07-12 20:45:51"}
{"level":"info","message":{"ip":"::1","method":"OPTIONS","url":"/api/v1/orders/admin/all"},"service":"purely-ceylon-backend-ecosystem","timestamp":"2026-07-12 20:45:51"}
{"level":"info","message":{"ip":"::1","method":"OPTIONS","url":"/api/v1/wishlist"},"service":"purely-ceylon-backend-ecosystem","timestamp":"2026-07-12 20:45:51"}
{"level":"info","message":{"ip":"::1","method":"OPTIONS","url":"/api/v1/cart"},"service":"purely-ceylon-backend-ecosystem","timestamp":"2026-07-12 20:45:51"}
{"level":"info","message":{"ip":"::1","method":"OPTIONS","url":"/api/v1/orders/admin/all"},"service":"purely-ceylon-backend-ecosystem","timestamp":"2026-07-12 20:45:51"}
{"level":"info","message":{"ip":"::1","method":"OPTIONS","url":"/api/v1/address"},"service":"purely-ceylon-backend-ecosystem","timestamp":"2026-07-12 20:45:51"}
{"level":"info","message":{"ip":"::1","method":"OPTIONS","url":"/api/v1/cart"},"service":"purely-ceylon-backend-ecosystem","timestamp":"2026-07-12 20:45:51"}
{"level":"info","message":{"ip":"::1","method":"OPTIONS","url":"/api/v1/wishlist"},"service":"purely-ceylon-backend-ecosystem","timestamp":"2026-07-12 20:45:51"}
{"level":"info","message":{"ip":"::1","method":"GET","url":"/api/v1/address"},"service":"purely-ceylon-backend-ecosystem","timestamp":"2026-07-12 20:45:51"}
{"level":"info","message":{"ip":"::1","method":"GET","url":"/api/v1/orders/admin/all"},"service":"purely-ceylon-backend-ecosystem","timestamp":"2026-07-12 20:45:51"}
{"level":"info","message":{"ip":"::1","method":"GET","url":"/api/v1/wishlist"},"service":"purely-ceylon-backend-ecosystem","timestamp":"2026-07-12 20:45:51"}
{"level":"info","message":{"ip":"::1","method":"GET","url":"/api/v1/cart"},"service":"purely-ceylon-backend-ecosystem","timestamp":"2026-07-12 20:45:51"}
{"level":"info","message":{"ip":"::1","method":"GET","url":"/api/v1/address"},"service":"purely-ceylon-backend-ecosystem","timestamp":"2026-07-12 20:45:51"}
{"level":"info","message":{"ip":"::1","method":"GET","url":"/api/v1/wishlist"},"service":"purely-ceylon-backend-ecosystem","timestamp":"2026-07-12 20:45:51"}
{"level":"info","message":{"ip":"::1","method":"GET","url":"/api/v1/orders/admin/all"},"service":"purely-ceylon-backend-ecosystem","timestamp":"2026-07-12 20:45:51"}
{"level":"info","message":{"ip":"::1","method":"GET","url":"/api/v1/cart"},"service":"purely-ceylon-backend-ecosystem","timestamp":"2026-07-12 20:45:51"}
{"level":"info","message":"Gracefully shutting down...","service":"purely-ceylon-backend-ecosystem","timestamp":"2026-07-12 20:46:07"}
{"level":"info","message":"✅ All Background Jobs Started Successfully","service":"purely-ceylon-backend-ecosystem","timestamp":"2026-07-12 20:46:23"}
{"level":"info","message":"Server running on 5000","service":"purely-ceylon-backend-ecosystem","timestamp":"2026-07-12 20:46:23"}
{"level":"info","message":{"ip":"::1","method":"OPTIONS","url":"/api/v1/orders/admin/all"},"service":"purely-ceylon-backend-ecosystem","timestamp":"2026-07-12 20:46:29"}
{"level":"info","message":{"ip":"::1","method":"OPTIONS","url":"/api/v1/address"},"service":"purely-ceylon-backend-ecosystem","timestamp":"2026-07-12 20:46:29"}
{"level":"info","message":{"ip":"::1","method":"OPTIONS","url":"/api/v1/wishlist"},"service":"purely-ceylon-backend-ecosystem","timestamp":"2026-07-12 20:46:29"}
{"level":"info","message":{"ip":"::1","method":"OPTIONS","url":"/api/v1/orders/admin/all"},"service":"purely-ceylon-backend-ecosystem","timestamp":"2026-07-12 20:46:29"}
{"level":"info","message":{"ip":"::1","method":"OPTIONS","url":"/api/v1/cart"},"service":"purely-ceylon-backend-ecosystem","timestamp":"2026-07-12 20:46:29"}
{"level":"info","message":{"ip":"::1","method":"OPTIONS","url":"/api/v1/address"},"service":"purely-ceylon-backend-ecosystem","timestamp":"2026-07-12 20:46:29"}
{"level":"info","message":{"ip":"::1","method":"OPTIONS","url":"/api/v1/wishlist"},"service":"purely-ceylon-backend-ecosystem","timestamp":"2026-07-12 20:46:29"}
{"level":"info","message":{"ip":"::1","method":"OPTIONS","url":"/api/v1/cart"},"service":"purely-ceylon-backend-ecosystem","timestamp":"2026-07-12 20:46:29"}
{"level":"info","message":{"ip":"::1","method":"GET","url":"/api/v1/orders/admin/all"},"service":"purely-ceylon-backend-ecosystem","timestamp":"2026-07-12 20:46:29"}
{"level":"info","message":{"ip":"::1","method":"GET","url":"/api/v1/address"},"service":"purely-ceylon-backend-ecosystem","timestamp":"2026-07-12 20:46:29"}
{"level":"info","message":{"ip":"::1","method":"GET","url":"/api/v1/wishlist"},"service":"purely-ceylon-backend-ecosystem","timestamp":"2026-07-12 20:46:30"}
{"level":"info","message":{"ip":"::1","method":"GET","url":"/api/v1/cart"},"service":"purely-ceylon-backend-ecosystem","timestamp":"2026-07-12 20:46:30"}
{"level":"info","message":{"ip":"::1","method":"GET","url":"/api/v1/address"},"service":"purely-ceylon-backend-ecosystem","timestamp":"2026-07-12 20:46:30"}
{"level":"info","message":{"ip":"::1","method":"GET","url":"/api/v1/wishlist"},"service":"purely-ceylon-backend-ecosystem","timestamp":"2026-07-12 20:46:30"}
{"level":"info","message":{"ip":"::1","method":"GET","url":"/api/v1/orders/admin/all"},"service":"purely-ceylon-backend-ecosystem","timestamp":"2026-07-12 20:46:31"}
{"level":"info","message":{"ip":"::1","method":"GET","url":"/api/v1/cart"},"service":"purely-ceylon-backend-ecosystem","timestamp":"2026-07-12 20:46:31"}
{"level":"info","message":{"ip":"::1","method":"OPTIONS","url":"/api/v1/categories"},"service":"purely-ceylon-backend-ecosystem","timestamp":"2026-07-12 20:46:33"}
{"level":"info","message":{"ip":"::1","method":"OPTIONS","url":"/api/v1/products"},"service":"purely-ceylon-backend-ecosystem","timestamp":"2026-07-12 20:46:33"}
{"level":"info","message":{"ip":"::1","method":"OPTIONS","url":"/api/v1/categories"},"service":"purely-ceylon-backend-ecosystem","timestamp":"2026-07-12 20:46:33"}
{"level":"info","message":{"ip":"::1","method":"OPTIONS","url":"/api/v1/products"},"service":"purely-ceylon-backend-ecosystem","timestamp":"2026-07-12 20:46:33"}
{"level":"info","message":{"ip":"::1","method":"GET","url":"/api/v1/categories"},"service":"purely-ceylon-backend-ecosystem","timestamp":"2026-07-12 20:46:33"}
{"level":"info","message":{"ip":"::1","method":"GET","url":"/api/v1/products"},"service":"purely-ceylon-backend-ecosystem","timestamp":"2026-07-12 20:46:33"}
{"level":"info","message":{"ip":"::1","method":"GET","url":"/api/v1/categories"},"service":"purely-ceylon-backend-ecosystem","timestamp":"2026-07-12 20:46:33"}
{"level":"info","message":{"ip":"::1","method":"GET","url":"/api/v1/products"},"service":"purely-ceylon-backend-ecosystem","timestamp":"2026-07-12 20:46:33"}
{"level":"info","message":{"ip":"::1","method":"OPTIONS","url":"/api/v1/wishlist/add"},"service":"purely-ceylon-backend-ecosystem","timestamp":"2026-07-12 20:46:38"}
{"level":"info","message":{"ip":"::1","method":"POST","url":"/api/v1/wishlist/add"},"service":"purely-ceylon-backend-ecosystem","timestamp":"2026-07-12 20:46:38"}
{"level":"info","message":{"ip":"::1","method":"OPTIONS","url":"/api/v1/cart"},"service":"purely-ceylon-backend-ecosystem","timestamp":"2026-07-12 20:46:41"}
{"level":"info","message":{"ip":"::1","method":"OPTIONS","url":"/api/v1/cart"},"service":"purely-ceylon-backend-ecosystem","timestamp":"2026-07-12 20:46:41"}
{"level":"info","message":{"ip":"::1","method":"OPTIONS","url":"/api/v1/wishlist"},"service":"purely-ceylon-backend-ecosystem","timestamp":"2026-07-12 20:46:41"}
{"level":"info","message":{"ip":"::1","method":"OPTIONS","url":"/api/v1/categories"},"service":"purely-ceylon-backend-ecosystem","timestamp":"2026-07-12 20:46:41"}
{"level":"info","message":{"ip":"::1","method":"OPTIONS","url":"/api/v1/products"},"service":"purely-ceylon-backend-ecosystem","timestamp":"2026-07-12 20:46:41"}
{"level":"info","message":{"ip":"::1","method":"OPTIONS","url":"/api/v1/address"},"service":"purely-ceylon-backend-ecosystem","timestamp":"2026-07-12 20:46:41"}
{"level":"info","message":{"ip":"::1","method":"OPTIONS","url":"/api/v1/wishlist"},"service":"purely-ceylon-backend-ecosystem","timestamp":"2026-07-12 20:46:41"}
{"level":"info","message":{"ip":"::1","method":"OPTIONS","url":"/api/v1/cart"},"service":"purely-ceylon-backend-ecosystem","timestamp":"2026-07-12 20:46:41"}
{"level":"info","message":{"ip":"::1","method":"OPTIONS","url":"/api/v1/wishlist"},"service":"purely-ceylon-backend-ecosystem","timestamp":"2026-07-12 20:46:41"}
{"level":"info","message":{"ip":"::1","method":"OPTIONS","url":"/api/v1/products"},"service":"purely-ceylon-backend-ecosystem","timestamp":"2026-07-12 20:46:41"}
{"level":"info","message":{"ip":"::1","method":"OPTIONS","url":"/api/v1/address"},"service":"purely-ceylon-backend-ecosystem","timestamp":"2026-07-12 20:46:41"}
{"level":"info","message":{"ip":"::1","method":"OPTIONS","url":"/api/v1/cart"},"service":"purely-ceylon-backend-ecosystem","timestamp":"2026-07-12 20:46:41"}
{"level":"info","message":{"ip":"::1","method":"GET","url":"/api/v1/cart"},"service":"purely-ceylon-backend-ecosystem","timestamp":"2026-07-12 20:46:41"}
{"level":"info","message":{"ip":"::1","method":"OPTIONS","url":"/api/v1/categories"},"service":"purely-ceylon-backend-ecosystem","timestamp":"2026-07-12 20:46:41"}
{"level":"info","message":{"ip":"::1","method":"OPTIONS","url":"/api/v1/wishlist"},"service":"purely-ceylon-backend-ecosystem","timestamp":"2026-07-12 20:46:41"}
{"level":"info","message":{"ip":"::1","method":"GET","url":"/api/v1/wishlist"},"service":"purely-ceylon-backend-ecosystem","timestamp":"2026-07-12 20:46:41"}
{"level":"info","message":{"ip":"::1","method":"GET","url":"/api/v1/categories"},"service":"purely-ceylon-backend-ecosystem","timestamp":"2026-07-12 20:46:41"}
{"level":"info","message":{"ip":"::1","method":"GET","url":"/api/v1/products"},"service":"purely-ceylon-backend-ecosystem","timestamp":"2026-07-12 20:46:41"}
{"level":"info","message":{"ip":"::1","method":"GET","url":"/api/v1/address"},"service":"purely-ceylon-backend-ecosystem","timestamp":"2026-07-12 20:46:41"}
{"level":"info","message":{"ip":"::1","method":"GET","url":"/api/v1/wishlist"},"service":"purely-ceylon-backend-ecosystem","timestamp":"2026-07-12 20:46:41"}
{"level":"info","message":{"ip":"::1","method":"GET","url":"/api/v1/categories"},"service":"purely-ceylon-backend-ecosystem","timestamp":"2026-07-12 20:46:41"}
{"level":"info","message":{"ip":"::1","method":"GET","url":"/api/v1/products"},"service":"purely-ceylon-backend-ecosystem","timestamp":"2026-07-12 20:46:41"}
{"level":"info","message":{"ip":"::1","method":"GET","url":"/api/v1/address"},"service":"purely-ceylon-backend-ecosystem","timestamp":"2026-07-12 20:46:41"}
{"level":"info","message":{"ip":"::1","method":"GET","url":"/api/v1/cart"},"service":"purely-ceylon-backend-ecosystem","timestamp":"2026-07-12 20:46:41"}
{"level":"info","message":{"ip":"::1","method":"GET","url":"/api/v1/wishlist"},"service":"purely-ceylon-backend-ecosystem","timestamp":"2026-07-12 20:46:41"}
{"level":"info","message":{"ip":"::1","method":"GET","url":"/api/v1/cart"},"service":"purely-ceylon-backend-ecosystem","timestamp":"2026-07-12 20:46:41"}
{"level":"info","message":{"ip":"::1","method":"GET","url":"/api/v1/wishlist"},"service":"purely-ceylon-backend-ecosystem","timestamp":"2026-07-12 20:46:41"}
{"level":"info","message":{"ip":"::1","method":"GET","url":"/api/v1/cart"},"service":"purely-ceylon-backend-ecosystem","timestamp":"2026-07-12 20:46:41"}
{"level":"info","message":{"ip":"::1","method":"GET","url":"/api/v1/wishlist"},"service":"purely-ceylon-backend-ecosystem","timestamp":"2026-07-12 20:46:43"}
{"level":"info","message":{"ip":"::1","method":"GET","url":"/api/v1/wishlist"},"service":"purely-ceylon-backend-ecosystem","timestamp":"2026-07-12 20:46:43"}
{"level":"info","message":{"ip":"::1","method":"GET","url":"/api/v1/wishlist"},"service":"purely-ceylon-backend-ecosystem","timestamp":"2026-07-12 20:46:43"}
{"level":"info","message":{"ip":"::1","method":"GET","url":"/api/v1/wishlist"},"service":"purely-ceylon-backend-ecosystem","timestamp":"2026-07-12 20:46:43"}
{"level":"info","message":{"ip":"::1","method":"GET","url":"/api/v1/cart"},"service":"purely-ceylon-backend-ecosystem","timestamp":"2026-07-12 20:46:45"}
{"level":"info","message":{"ip":"::1","method":"GET","url":"/api/v1/cart"},"service":"purely-ceylon-backend-ecosystem","timestamp":"2026-07-12 20:46:45"}
{"level":"info","message":{"ip":"::1","method":"GET","url":"/api/v1/cart"},"service":"purely-ceylon-backend-ecosystem","timestamp":"2026-07-12 20:46:45"}
{"level":"info","message":{"ip":"::1","method":"GET","url":"/api/v1/cart"},"service":"purely-ceylon-backend-ecosystem","timestamp":"2026-07-12 20:46:45"}
{"level":"info","message":{"ip":"::1","method":"OPTIONS","url":"/api/v1/cart"},"service":"purely-ceylon-backend-ecosystem","timestamp":"2026-07-12 20:46:48"}
{"level":"info","message":{"ip":"::1","method":"OPTIONS","url":"/api/v1/address"},"service":"purely-ceylon-backend-ecosystem","timestamp":"2026-07-12 20:46:48"}
{"level":"info","message":{"ip":"::1","method":"OPTIONS","url":"/api/v1/cart"},"service":"purely-ceylon-backend-ecosystem","timestamp":"2026-07-12 20:46:48"}
{"level":"info","message":{"ip":"::1","method":"OPTIONS","url":"/api/v1/address"},"service":"purely-ceylon-backend-ecosystem","timestamp":"2026-07-12 20:46:48"}
{"level":"info","message":{"ip":"::1","method":"GET","url":"/api/v1/cart"},"service":"purely-ceylon-backend-ecosystem","timestamp":"2026-07-12 20:46:48"}
{"level":"info","message":{"ip":"::1","method":"GET","url":"/api/v1/address"},"service":"purely-ceylon-backend-ecosystem","timestamp":"2026-07-12 20:46:48"}
{"level":"info","message":{"ip":"::1","method":"GET","url":"/api/v1/address"},"service":"purely-ceylon-backend-ecosystem","timestamp":"2026-07-12 20:46:48"}
{"level":"info","message":{"ip":"::1","method":"OPTIONS","url":"/api/v1/shipping/calculate"},"service":"purely-ceylon-backend-ecosystem","timestamp":"2026-07-12 20:46:48"}
{"level":"info","message":{"ip":"::1","method":"GET","url":"/api/v1/cart"},"service":"purely-ceylon-backend-ecosystem","timestamp":"2026-07-12 20:46:48"}
{"level":"info","message":{"ip":"::1","method":"OPTIONS","url":"/api/v1/shipping/calculate"},"service":"purely-ceylon-backend-ecosystem","timestamp":"2026-07-12 20:46:48"}
{"level":"info","message":{"ip":"::1","method":"POST","url":"/api/v1/shipping/calculate"},"service":"purely-ceylon-backend-ecosystem","timestamp":"2026-07-12 20:46:48"}
{"level":"info","message":{"ip":"::1","method":"POST","url":"/api/v1/shipping/calculate"},"service":"purely-ceylon-backend-ecosystem","timestamp":"2026-07-12 20:46:48"}
{"level":"info","message":{"ip":"::1","method":"POST","url":"/api/v1/shipping/calculate"},"service":"purely-ceylon-backend-ecosystem","timestamp":"2026-07-12 20:46:48"}
{"level":"info","message":{"ip":"::1","method":"POST","url":"/api/v1/shipping/calculate"},"service":"purely-ceylon-backend-ecosystem","timestamp":"2026-07-12 20:46:48"}
{"level":"info","message":{"ip":"::1","method":"OPTIONS","url":"/api/v1/orders/my-orders"},"service":"purely-ceylon-backend-ecosystem","timestamp":"2026-07-12 20:46:48"}
{"level":"info","message":{"ip":"::1","method":"OPTIONS","url":"/api/v1/orders/my-orders"},"service":"purely-ceylon-backend-ecosystem","timestamp":"2026-07-12 20:46:48"}
{"level":"info","message":{"ip":"::1","method":"GET","url":"/api/v1/orders/my-orders"},"service":"purely-ceylon-backend-ecosystem","timestamp":"2026-07-12 20:46:48"}
{"level":"info","message":{"ip":"::1","method":"GET","url":"/api/v1/orders/my-orders"},"service":"purely-ceylon-backend-ecosystem","timestamp":"2026-07-12 20:46:48"}
{"level":"info","message":{"ip":"::1","method":"OPTIONS","url":"/api/v1/orders/4137f8cc-7056-4759-93d2-95a6e2aa203b"},"service":"purely-ceylon-backend-ecosystem","timestamp":"2026-07-12 20:46:51"}
{"level":"info","message":{"ip":"::1","method":"OPTIONS","url":"/api/v1/orders/4137f8cc-7056-4759-93d2-95a6e2aa203b"},"service":"purely-ceylon-backend-ecosystem","timestamp":"2026-07-12 20:46:51"}
{"level":"info","message":{"ip":"::1","method":"GET","url":"/api/v1/orders/4137f8cc-7056-4759-93d2-95a6e2aa203b"},"service":"purely-ceylon-backend-ecosystem","timestamp":"2026-07-12 20:46:51"}
{"level":"info","message":{"ip":"::1","method":"GET","url":"/api/v1/orders/4137f8cc-7056-4759-93d2-95a6e2aa203b"},"service":"purely-ceylon-backend-ecosystem","timestamp":"2026-07-12 20:46:51"}
{"level":"info","message":{"ip":"::1","method":"OPTIONS","url":"/api/v1/cart"},"service":"purely-ceylon-backend-ecosystem","timestamp":"2026-07-12 20:46:56"}
{"level":"info","message":{"ip":"::1","method":"OPTIONS","url":"/api/v1/address"},"service":"purely-ceylon-backend-ecosystem","timestamp":"2026-07-12 20:46:56"}
{"level":"info","message":{"ip":"::1","method":"OPTIONS","url":"/api/v1/cart"},"service":"purely-ceylon-backend-ecosystem","timestamp":"2026-07-12 20:46:57"}
{"level":"info","message":{"ip":"::1","method":"OPTIONS","url":"/api/v1/address"},"service":"purely-ceylon-backend-ecosystem","timestamp":"2026-07-12 20:46:57"}
{"level":"info","message":{"ip":"::1","method":"GET","url":"/api/v1/cart"},"service":"purely-ceylon-backend-ecosystem","timestamp":"2026-07-12 20:46:57"}
{"level":"info","message":{"ip":"::1","method":"GET","url":"/api/v1/address"},"service":"purely-ceylon-backend-ecosystem","timestamp":"2026-07-12 20:46:57"}
{"level":"info","message":{"ip":"::1","method":"GET","url":"/api/v1/address"},"service":"purely-ceylon-backend-ecosystem","timestamp":"2026-07-12 20:46:57"}
{"level":"info","message":{"ip":"::1","method":"OPTIONS","url":"/api/v1/shipping/calculate"},"service":"purely-ceylon-backend-ecosystem","timestamp":"2026-07-12 20:46:57"}
{"level":"info","message":{"ip":"::1","method":"OPTIONS","url":"/api/v1/shipping/calculate"},"service":"purely-ceylon-backend-ecosystem","timestamp":"2026-07-12 20:46:57"}
{"level":"info","message":{"ip":"::1","method":"GET","url":"/api/v1/cart"},"service":"purely-ceylon-backend-ecosystem","timestamp":"2026-07-12 20:46:57"}
{"level":"info","message":{"ip":"::1","method":"POST","url":"/api/v1/shipping/calculate"},"service":"purely-ceylon-backend-ecosystem","timestamp":"2026-07-12 20:46:57"}
{"level":"info","message":{"ip":"::1","method":"POST","url":"/api/v1/shipping/calculate"},"service":"purely-ceylon-backend-ecosystem","timestamp":"2026-07-12 20:46:57"}
{"level":"info","message":{"ip":"::1","method":"POST","url":"/api/v1/shipping/calculate"},"service":"purely-ceylon-backend-ecosystem","timestamp":"2026-07-12 20:46:57"}
{"level":"info","message":{"ip":"::1","method":"POST","url":"/api/v1/shipping/calculate"},"service":"purely-ceylon-backend-ecosystem","timestamp":"2026-07-12 20:46:57"}
{"level":"info","message":{"ip":"::1","method":"OPTIONS","url":"/api/v1/orders/my-orders"},"service":"purely-ceylon-backend-ecosystem","timestamp":"2026-07-12 20:46:58"}
{"level":"info","message":{"ip":"::1","method":"OPTIONS","url":"/api/v1/orders/my-orders"},"service":"purely-ceylon-backend-ecosystem","timestamp":"2026-07-12 20:46:58"}
{"level":"info","message":{"ip":"::1","method":"GET","url":"/api/v1/orders/my-orders"},"service":"purely-ceylon-backend-ecosystem","timestamp":"2026-07-12 20:46:58"}
{"level":"info","message":{"ip":"::1","method":"GET","url":"/api/v1/orders/my-orders"},"service":"purely-ceylon-backend-ecosystem","timestamp":"2026-07-12 20:46:58"}
{"level":"info","message":"📧 Processing Email Queue","service":"purely-ceylon-backend-ecosystem","timestamp":"2026-07-12 20:50:00"}
{"level":"info","message":{"ip":"::1","method":"OPTIONS","url":"/api/v1/orders/my-orders"},"service":"purely-ceylon-backend-ecosystem","timestamp":"2026-07-12 20:50:48"}
{"level":"info","message":{"ip":"::1","method":"GET","url":"/api/v1/orders/my-orders"},"service":"purely-ceylon-backend-ecosystem","timestamp":"2026-07-12 20:50:48"}
{"level":"info","message":{"ip":"::1","method":"OPTIONS","url":"/api/v1/orders/4137f8cc-7056-4759-93d2-95a6e2aa203b"},"service":"purely-ceylon-backend-ecosystem","timestamp":"2026-07-12 20:50:54"}
{"level":"info","message":{"ip":"::1","method":"OPTIONS","url":"/api/v1/orders/4137f8cc-7056-4759-93d2-95a6e2aa203b"},"service":"purely-ceylon-backend-ecosystem","timestamp":"2026-07-12 20:50:54"}
{"level":"info","message":{"ip":"::1","method":"GET","url":"/api/v1/orders/4137f8cc-7056-4759-93d2-95a6e2aa203b"},"service":"purely-ceylon-backend-ecosystem","timestamp":"2026-07-12 20:50:54"}
{"level":"info","message":{"ip":"::1","method":"GET","url":"/api/v1/orders/4137f8cc-7056-4759-93d2-95a6e2aa203b"},"service":"purely-ceylon-backend-ecosystem","timestamp":"2026-07-12 20:50:54"}
{"level":"info","message":{"ip":"::1","method":"OPTIONS","url":"/api/v1/orders/my-orders"},"service":"purely-ceylon-backend-ecosystem","timestamp":"2026-07-12 20:50:56"}
{"level":"info","message":{"ip":"::1","method":"OPTIONS","url":"/api/v1/orders/my-orders"},"service":"purely-ceylon-backend-ecosystem","timestamp":"2026-07-12 20:50:56"}
{"level":"info","message":{"ip":"::1","method":"GET","url":"/api/v1/orders/my-orders"},"service":"purely-ceylon-backend-ecosystem","timestamp":"2026-07-12 20:50:56"}
{"level":"info","message":{"ip":"::1","method":"GET","url":"/api/v1/orders/my-orders"},"service":"purely-ceylon-backend-ecosystem","timestamp":"2026-07-12 20:50:57"}
{"level":"info","message":{"ip":"::1","method":"OPTIONS","url":"/api/v1/categories"},"service":"purely-ceylon-backend-ecosystem","timestamp":"2026-07-12 20:51:08"}
{"level":"info","message":{"ip":"::1","method":"OPTIONS","url":"/api/v1/products"},"service":"purely-ceylon-backend-ecosystem","timestamp":"2026-07-12 20:51:08"}
{"level":"info","message":{"ip":"::1","method":"OPTIONS","url":"/api/v1/products"},"service":"purely-ceylon-backend-ecosystem","timestamp":"2026-07-12 20:51:08"}
{"level":"info","message":{"ip":"::1","method":"OPTIONS","url":"/api/v1/categories"},"service":"purely-ceylon-backend-ecosystem","timestamp":"2026-07-12 20:51:08"}
{"level":"info","message":{"ip":"::1","method":"GET","url":"/api/v1/categories"},"service":"purely-ceylon-backend-ecosystem","timestamp":"2026-07-12 20:51:08"}
{"level":"info","message":{"ip":"::1","method":"GET","url":"/api/v1/products"},"service":"purely-ceylon-backend-ecosystem","timestamp":"2026-07-12 20:51:08"}
{"level":"info","message":{"ip":"::1","method":"GET","url":"/api/v1/categories"},"service":"purely-ceylon-backend-ecosystem","timestamp":"2026-07-12 20:51:08"}
{"level":"info","message":{"ip":"::1","method":"GET","url":"/api/v1/products"},"service":"purely-ceylon-backend-ecosystem","timestamp":"2026-07-12 20:51:08"}
{"level":"info","message":{"ip":"::1","method":"OPTIONS","url":"/api/v1/products/1ffafea7-5967-4ffb-afea-c8e88cc43117"},"service":"purely-ceylon-backend-ecosystem","timestamp":"2026-07-12 20:51:11"}
{"level":"info","message":{"ip":"::1","method":"OPTIONS","url":"/api/v1/products/1ffafea7-5967-4ffb-afea-c8e88cc43117"},"service":"purely-ceylon-backend-ecosystem","timestamp":"2026-07-12 20:51:11"}
{"level":"info","message":{"ip":"::1","method":"GET","url":"/api/v1/products/1ffafea7-5967-4ffb-afea-c8e88cc43117"},"service":"purely-ceylon-backend-ecosystem","timestamp":"2026-07-12 20:51:11"}
{"level":"info","message":{"ip":"::1","method":"GET","url":"/api/v1/products/1ffafea7-5967-4ffb-afea-c8e88cc43117"},"service":"purely-ceylon-backend-ecosystem","timestamp":"2026-07-12 20:51:11"}
{"level":"info","message":{"ip":"::1","method":"OPTIONS","url":"/api/v1/reviews/1ffafea7-5967-4ffb-afea-c8e88cc43117"},"service":"purely-ceylon-backend-ecosystem","timestamp":"2026-07-12 20:51:11"}
{"level":"info","message":{"ip":"::1","method":"GET","url":"/api/v1/reviews/1ffafea7-5967-4ffb-afea-c8e88cc43117"},"service":"purely-ceylon-backend-ecosystem","timestamp":"2026-07-12 20:51:11"}
{"level":"info","message":{"ip":"::1","method":"GET","url":"/api/v1/reviews/1ffafea7-5967-4ffb-afea-c8e88cc43117"},"service":"purely-ceylon-backend-ecosystem","timestamp":"2026-07-12 20:51:12"}
{"level":"info","message":{"ip":"::1","method":"OPTIONS","url":"/api/v1/questions/1ffafea7-5967-4ffb-afea-c8e88cc43117"},"service":"purely-ceylon-backend-ecosystem","timestamp":"2026-07-12 20:51:12"}
{"level":"info","message":{"ip":"::1","method":"GET","url":"/api/v1/questions/1ffafea7-5967-4ffb-afea-c8e88cc43117"},"service":"purely-ceylon-backend-ecosystem","timestamp":"2026-07-12 20:51:12"}
{"level":"info","message":{"ip":"::1","method":"GET","url":"/api/v1/questions/1ffafea7-5967-4ffb-afea-c8e88cc43117"},"service":"purely-ceylon-backend-ecosystem","timestamp":"2026-07-12 20:51:12"}
{"level":"info","message":{"ip":"::1","method":"OPTIONS","url":"/api/v1/cart/add"},"service":"purely-ceylon-backend-ecosystem","timestamp":"2026-07-12 20:51:20"}
{"level":"info","message":{"ip":"::1","method":"POST","url":"/api/v1/cart/add"},"service":"purely-ceylon-backend-ecosystem","timestamp":"2026-07-12 20:51:20"}
{"level":"info","message":{"ip":"::1","method":"OPTIONS","url":"/api/v1/cart"},"service":"purely-ceylon-backend-ecosystem","timestamp":"2026-07-12 20:51:22"}
{"level":"info","message":{"ip":"::1","method":"GET","url":"/api/v1/cart"},"service":"purely-ceylon-backend-ecosystem","timestamp":"2026-07-12 20:51:22"}
{"level":"info","message":{"ip":"::1","method":"GET","url":"/api/v1/cart"},"service":"purely-ceylon-backend-ecosystem","timestamp":"2026-07-12 20:51:23"}
{"level":"info","message":{"ip":"::1","method":"GET","url":"/api/v1/cart"},"service":"purely-ceylon-backend-ecosystem","timestamp":"2026-07-12 20:51:23"}
{"level":"info","message":{"ip":"::1","method":"GET","url":"/api/v1/cart"},"service":"purely-ceylon-backend-ecosystem","timestamp":"2026-07-12 20:51:23"}
{"level":"info","message":{"ip":"::1","method":"GET","url":"/api/v1/cart"},"service":"purely-ceylon-backend-ecosystem","timestamp":"2026-07-12 20:51:23"}
{"level":"info","message":{"ip":"::1","method":"OPTIONS","url":"/api/v1/address"},"service":"purely-ceylon-backend-ecosystem","timestamp":"2026-07-12 20:51:25"}
{"level":"info","message":{"ip":"::1","method":"GET","url":"/api/v1/cart"},"service":"purely-ceylon-backend-ecosystem","timestamp":"2026-07-12 20:51:25"}
{"level":"info","message":{"ip":"::1","method":"OPTIONS","url":"/api/v1/address"},"service":"purely-ceylon-backend-ecosystem","timestamp":"2026-07-12 20:51:25"}
{"level":"info","message":{"ip":"::1","method":"GET","url":"/api/v1/address"},"service":"purely-ceylon-backend-ecosystem","timestamp":"2026-07-12 20:51:25"}
{"level":"info","message":{"ip":"::1","method":"GET","url":"/api/v1/cart"},"service":"purely-ceylon-backend-ecosystem","timestamp":"2026-07-12 20:51:25"}
{"level":"info","message":{"ip":"::1","method":"GET","url":"/api/v1/address"},"service":"purely-ceylon-backend-ecosystem","timestamp":"2026-07-12 20:51:25"}
{"level":"info","message":{"ip":"::1","method":"OPTIONS","url":"/api/v1/shipping/calculate"},"service":"purely-ceylon-backend-ecosystem","timestamp":"2026-07-12 20:51:25"}
{"level":"info","message":{"ip":"::1","method":"POST","url":"/api/v1/shipping/calculate"},"service":"purely-ceylon-backend-ecosystem","timestamp":"2026-07-12 20:51:26"}
{"level":"info","message":{"ip":"::1","method":"OPTIONS","url":"/api/v1/orders/checkout"},"service":"purely-ceylon-backend-ecosystem","timestamp":"2026-07-12 20:51:29"}
{"level":"info","message":{"ip":"::1","method":"POST","url":"/api/v1/orders/checkout"},"service":"purely-ceylon-backend-ecosystem","timestamp":"2026-07-12 20:51:29"}
{"level":"info","message":{"ip":"::1","method":"OPTIONS","url":"/api/v1/orders/my-orders"},"service":"purely-ceylon-backend-ecosystem","timestamp":"2026-07-12 20:51:29"}
{"level":"info","message":{"ip":"::1","method":"OPTIONS","url":"/api/v1/orders/my-orders"},"service":"purely-ceylon-backend-ecosystem","timestamp":"2026-07-12 20:51:29"}
{"level":"info","message":{"ip":"::1","method":"GET","url":"/api/v1/orders/my-orders"},"service":"purely-ceylon-backend-ecosystem","timestamp":"2026-07-12 20:51:29"}
{"level":"info","message":{"ip":"::1","method":"GET","url":"/api/v1/orders/my-orders"},"service":"purely-ceylon-backend-ecosystem","timestamp":"2026-07-12 20:51:30"}
{"level":"info","message":{"ip":"::1","method":"OPTIONS","url":"/api/v1/orders/8bf9ea3e-2dd8-4a3e-b3d4-de9f82a581b2"},"service":"purely-ceylon-backend-ecosystem","timestamp":"2026-07-12 20:51:38"}
{"level":"info","message":{"ip":"::1","method":"OPTIONS","url":"/api/v1/orders/8bf9ea3e-2dd8-4a3e-b3d4-de9f82a581b2"},"service":"purely-ceylon-backend-ecosystem","timestamp":"2026-07-12 20:51:38"}
{"level":"info","message":{"ip":"::1","method":"GET","url":"/api/v1/orders/8bf9ea3e-2dd8-4a3e-b3d4-de9f82a581b2"},"service":"purely-ceylon-backend-ecosystem","timestamp":"2026-07-12 20:51:38"}
{"level":"info","message":{"ip":"::1","method":"GET","url":"/api/v1/orders/8bf9ea3e-2dd8-4a3e-b3d4-de9f82a581b2"},"service":"purely-ceylon-backend-ecosystem","timestamp":"2026-07-12 20:51:38"}
{"level":"info","message":{"ip":"::1","method":"OPTIONS","url":"/api/v1/orders/8bf9ea3e-2dd8-4a3e-b3d4-de9f82a581b2"},"service":"purely-ceylon-backend-ecosystem","timestamp":"2026-07-12 20:51:56"}
{"level":"info","message":{"ip":"::1","method":"OPTIONS","url":"/api/v1/orders/8bf9ea3e-2dd8-4a3e-b3d4-de9f82a581b2"},"service":"purely-ceylon-backend-ecosystem","timestamp":"2026-07-12 20:51:56"}
{"level":"info","message":{"ip":"::1","method":"GET","url":"/api/v1/orders/8bf9ea3e-2dd8-4a3e-b3d4-de9f82a581b2"},"service":"purely-ceylon-backend-ecosystem","timestamp":"2026-07-12 20:51:56"}
{"level":"info","message":{"ip":"::1","method":"GET","url":"/api/v1/orders/8bf9ea3e-2dd8-4a3e-b3d4-de9f82a581b2"},"service":"purely-ceylon-backend-ecosystem","timestamp":"2026-07-12 20:51:56"}
{"level":"info","message":"📧 Processing Email Queue","service":"purely-ceylon-backend-ecosystem","timestamp":"2026-07-12 20:55:00"}
{"level":"info","message":{"ip":"::1","method":"OPTIONS","url":"/api/v1/orders/8bf9ea3e-2dd8-4a3e-b3d4-de9f82a581b2"},"service":"purely-ceylon-backend-ecosystem","timestamp":"2026-07-12 20:55:14"}
{"level":"info","message":{"ip":"::1","method":"GET","url":"/api/v1/orders/8bf9ea3e-2dd8-4a3e-b3d4-de9f82a581b2"},"service":"purely-ceylon-backend-ecosystem","timestamp":"2026-07-12 20:55:14"}
{"level":"info","message":{"ip":"::1","method":"OPTIONS","url":"/api/v1/cart"},"service":"purely-ceylon-backend-ecosystem","timestamp":"2026-07-12 20:55:29"}
{"level":"info","message":{"ip":"::1","method":"OPTIONS","url":"/api/v1/wishlist"},"service":"purely-ceylon-backend-ecosystem","timestamp":"2026-07-12 20:55:29"}
{"level":"info","message":{"ip":"::1","method":"OPTIONS","url":"/api/v1/orders/8bf9ea3e-2dd8-4a3e-b3d4-de9f82a581b2"},"service":"purely-ceylon-backend-ecosystem","timestamp":"2026-07-12 20:55:29"}
{"level":"info","message":{"ip":"::1","method":"OPTIONS","url":"/api/v1/wishlist"},"service":"purely-ceylon-backend-ecosystem","timestamp":"2026-07-12 20:55:29"}
{"level":"info","message":{"ip":"::1","method":"OPTIONS","url":"/api/v1/cart"},"service":"purely-ceylon-backend-ecosystem","timestamp":"2026-07-12 20:55:29"}
{"level":"info","message":{"ip":"::1","method":"OPTIONS","url":"/api/v1/orders/8bf9ea3e-2dd8-4a3e-b3d4-de9f82a581b2"},"service":"purely-ceylon-backend-ecosystem","timestamp":"2026-07-12 20:55:29"}
{"level":"info","message":{"ip":"::1","method":"GET","url":"/api/v1/cart"},"service":"purely-ceylon-backend-ecosystem","timestamp":"2026-07-12 20:55:29"}
{"level":"info","message":{"ip":"::1","method":"GET","url":"/api/v1/wishlist"},"service":"purely-ceylon-backend-ecosystem","timestamp":"2026-07-12 20:55:29"}
{"level":"info","message":{"ip":"::1","method":"GET","url":"/api/v1/orders/8bf9ea3e-2dd8-4a3e-b3d4-de9f82a581b2"},"service":"purely-ceylon-backend-ecosystem","timestamp":"2026-07-12 20:55:29"}
{"level":"info","message":{"ip":"::1","method":"GET","url":"/api/v1/wishlist"},"service":"purely-ceylon-backend-ecosystem","timestamp":"2026-07-12 20:55:29"}
{"level":"info","message":{"ip":"::1","method":"GET","url":"/api/v1/orders/8bf9ea3e-2dd8-4a3e-b3d4-de9f82a581b2"},"service":"purely-ceylon-backend-ecosystem","timestamp":"2026-07-12 20:55:29"}
{"level":"info","message":{"ip":"::1","method":"GET","url":"/api/v1/cart"},"service":"purely-ceylon-backend-ecosystem","timestamp":"2026-07-12 20:55:30"}
{"level":"info","message":{"ip":"::1","method":"GET","url":"/api/v1/orders/8bf9ea3e-2dd8-4a3e-b3d4-de9f82a581b2"},"service":"purely-ceylon-backend-ecosystem","timestamp":"2026-07-12 20:55:32"}
{"level":"info","message":{"ip":"::1","method":"GET","url":"/api/v1/orders/8bf9ea3e-2dd8-4a3e-b3d4-de9f82a581b2"},"service":"purely-ceylon-backend-ecosystem","timestamp":"2026-07-12 20:55:32"}
{"level":"info","message":{"ip":"::1","method":"OPTIONS","url":"/api/v1/orders/8bf9ea3e-2dd8-4a3e-b3d4-de9f82a581b2"},"service":"purely-ceylon-backend-ecosystem","timestamp":"2026-07-12 20:57:13"}
{"level":"info","message":{"ip":"::1","method":"OPTIONS","url":"/api/v1/address"},"service":"purely-ceylon-backend-ecosystem","timestamp":"2026-07-12 20:57:13"}
{"level":"info","message":{"ip":"::1","method":"OPTIONS","url":"/api/v1/wishlist"},"service":"purely-ceylon-backend-ecosystem","timestamp":"2026-07-12 20:57:13"}
{"level":"info","message":{"ip":"::1","method":"OPTIONS","url":"/api/v1/cart"},"service":"purely-ceylon-backend-ecosystem","timestamp":"2026-07-12 20:57:13"}
{"level":"info","message":{"ip":"::1","method":"OPTIONS","url":"/api/v1/orders/8bf9ea3e-2dd8-4a3e-b3d4-de9f82a581b2"},"service":"purely-ceylon-backend-ecosystem","timestamp":"2026-07-12 20:57:13"}
{"level":"info","message":{"ip":"::1","method":"OPTIONS","url":"/api/v1/address"},"service":"purely-ceylon-backend-ecosystem","timestamp":"2026-07-12 20:57:13"}
{"level":"info","message":{"ip":"::1","method":"OPTIONS","url":"/api/v1/wishlist"},"service":"purely-ceylon-backend-ecosystem","timestamp":"2026-07-12 20:57:13"}
{"level":"info","message":{"ip":"::1","method":"OPTIONS","url":"/api/v1/cart"},"service":"purely-ceylon-backend-ecosystem","timestamp":"2026-07-12 20:57:13"}
{"level":"info","message":{"ip":"::1","method":"GET","url":"/api/v1/orders/8bf9ea3e-2dd8-4a3e-b3d4-de9f82a581b2"},"service":"purely-ceylon-backend-ecosystem","timestamp":"2026-07-12 20:57:13"}
{"level":"info","message":{"ip":"::1","method":"GET","url":"/api/v1/address"},"service":"purely-ceylon-backend-ecosystem","timestamp":"2026-07-12 20:57:13"}
{"level":"info","message":{"ip":"::1","method":"GET","url":"/api/v1/wishlist"},"service":"purely-ceylon-backend-ecosystem","timestamp":"2026-07-12 20:57:13"}
{"level":"info","message":{"ip":"::1","method":"GET","url":"/api/v1/cart"},"service":"purely-ceylon-backend-ecosystem","timestamp":"2026-07-12 20:57:13"}
{"level":"info","message":{"ip":"::1","method":"GET","url":"/api/v1/wishlist"},"service":"purely-ceylon-backend-ecosystem","timestamp":"2026-07-12 20:57:13"}
{"level":"info","message":{"ip":"::1","method":"GET","url":"/api/v1/address"},"service":"purely-ceylon-backend-ecosystem","timestamp":"2026-07-12 20:57:13"}
{"level":"info","message":{"ip":"::1","method":"GET","url":"/api/v1/cart"},"service":"purely-ceylon-backend-ecosystem","timestamp":"2026-07-12 20:57:14"}
{"level":"info","message":{"ip":"::1","method":"GET","url":"/api/v1/orders/8bf9ea3e-2dd8-4a3e-b3d4-de9f82a581b2"},"service":"purely-ceylon-backend-ecosystem","timestamp":"2026-07-12 20:57:14"}
{"level":"info","message":{"ip":"::1","method":"OPTIONS","url":"/api/v1/cart"},"service":"purely-ceylon-backend-ecosystem","timestamp":"2026-07-12 20:57:42"}
{"level":"info","message":{"ip":"::1","method":"OPTIONS","url":"/api/v1/orders/8bf9ea3e-2dd8-4a3e-b3d4-de9f82a581b2"},"service":"purely-ceylon-backend-ecosystem","timestamp":"2026-07-12 20:57:42"}
{"level":"info","message":{"ip":"::1","method":"OPTIONS","url":"/api/v1/wishlist"},"service":"purely-ceylon-backend-ecosystem","timestamp":"2026-07-12 20:57:42"}
{"level":"info","message":{"ip":"::1","method":"OPTIONS","url":"/api/v1/cart"},"service":"purely-ceylon-backend-ecosystem","timestamp":"2026-07-12 20:57:42"}
{"level":"info","message":{"ip":"::1","method":"OPTIONS","url":"/api/v1/wishlist"},"service":"purely-ceylon-backend-ecosystem","timestamp":"2026-07-12 20:57:42"}
{"level":"info","message":{"ip":"::1","method":"OPTIONS","url":"/api/v1/orders/8bf9ea3e-2dd8-4a3e-b3d4-de9f82a581b2"},"service":"purely-ceylon-backend-ecosystem","timestamp":"2026-07-12 20:57:42"}
{"level":"info","message":{"ip":"::1","method":"GET","url":"/api/v1/cart"},"service":"purely-ceylon-backend-ecosystem","timestamp":"2026-07-12 20:57:42"}
{"level":"info","message":{"ip":"::1","method":"GET","url":"/api/v1/orders/8bf9ea3e-2dd8-4a3e-b3d4-de9f82a581b2"},"service":"purely-ceylon-backend-ecosystem","timestamp":"2026-07-12 20:57:42"}
{"level":"info","message":{"ip":"::1","method":"GET","url":"/api/v1/cart"},"service":"purely-ceylon-backend-ecosystem","timestamp":"2026-07-12 20:57:42"}
{"level":"info","message":{"ip":"::1","method":"GET","url":"/api/v1/wishlist"},"service":"purely-ceylon-backend-ecosystem","timestamp":"2026-07-12 20:57:42"}
{"level":"info","message":{"ip":"::1","method":"GET","url":"/api/v1/orders/8bf9ea3e-2dd8-4a3e-b3d4-de9f82a581b2"},"service":"purely-ceylon-backend-ecosystem","timestamp":"2026-07-12 20:57:42"}
{"level":"info","message":{"ip":"::1","method":"GET","url":"/api/v1/wishlist"},"service":"purely-ceylon-backend-ecosystem","timestamp":"2026-07-12 20:57:42"}
{"level":"info","message":{"ip":"::1","method":"OPTIONS","url":"/api/v1/orders/my-orders"},"service":"purely-ceylon-backend-ecosystem","timestamp":"2026-07-12 20:57:46"}
{"level":"info","message":{"ip":"::1","method":"OPTIONS","url":"/api/v1/orders/my-orders"},"service":"purely-ceylon-backend-ecosystem","timestamp":"2026-07-12 20:57:46"}
{"level":"info","message":{"ip":"::1","method":"GET","url":"/api/v1/orders/my-orders"},"service":"purely-ceylon-backend-ecosystem","timestamp":"2026-07-12 20:57:46"}
{"level":"info","message":{"ip":"::1","method":"GET","url":"/api/v1/orders/my-orders"},"service":"purely-ceylon-backend-ecosystem","timestamp":"2026-07-12 20:57:46"}
{"level":"info","message":{"ip":"::1","method":"OPTIONS","url":"/api/v1/address"},"service":"purely-ceylon-backend-ecosystem","timestamp":"2026-07-12 20:57:47"}
{"level":"info","message":{"ip":"::1","method":"OPTIONS","url":"/api/v1/address"},"service":"purely-ceylon-backend-ecosystem","timestamp":"2026-07-12 20:57:47"}
{"level":"info","message":{"ip":"::1","method":"GET","url":"/api/v1/cart"},"service":"purely-ceylon-backend-ecosystem","timestamp":"2026-07-12 20:57:47"}
{"level":"info","message":{"ip":"::1","method":"GET","url":"/api/v1/address"},"service":"purely-ceylon-backend-ecosystem","timestamp":"2026-07-12 20:57:47"}
{"level":"info","message":{"ip":"::1","method":"GET","url":"/api/v1/cart"},"service":"purely-ceylon-backend-ecosystem","timestamp":"2026-07-12 20:57:47"}
{"level":"info","message":{"ip":"::1","method":"GET","url":"/api/v1/address"},"service":"purely-ceylon-backend-ecosystem","timestamp":"2026-07-12 20:57:47"}
{"level":"info","message":{"ip":"::1","method":"GET","url":"/api/v1/orders/my-orders"},"service":"purely-ceylon-backend-ecosystem","timestamp":"2026-07-12 20:57:48"}
{"level":"info","message":{"ip":"::1","method":"GET","url":"/api/v1/orders/my-orders"},"service":"purely-ceylon-backend-ecosystem","timestamp":"2026-07-12 20:57:48"}
{"level":"info","message":{"ip":"::1","method":"GET","url":"/api/v1/orders/my-orders"},"service":"purely-ceylon-backend-ecosystem","timestamp":"2026-07-12 20:57:49"}
{"level":"info","message":{"ip":"::1","method":"GET","url":"/api/v1/address"},"service":"purely-ceylon-backend-ecosystem","timestamp":"2026-07-12 20:57:49"}
{"level":"info","message":{"ip":"::1","method":"GET","url":"/api/v1/address"},"service":"purely-ceylon-backend-ecosystem","timestamp":"2026-07-12 20:57:49"}
{"level":"info","message":{"ip":"::1","method":"GET","url":"/api/v1/address"},"service":"purely-ceylon-backend-ecosystem","timestamp":"2026-07-12 20:57:49"}
{"level":"info","message":{"ip":"::1","method":"GET","url":"/api/v1/orders/my-orders"},"service":"purely-ceylon-backend-ecosystem","timestamp":"2026-07-12 20:57:49"}
{"level":"info","message":{"ip":"::1","method":"GET","url":"/api/v1/address"},"service":"purely-ceylon-backend-ecosystem","timestamp":"2026-07-12 20:57:49"}
{"level":"info","message":{"ip":"::1","method":"OPTIONS","url":"/api/v1/orders/4137f8cc-7056-4759-93d2-95a6e2aa203b/status"},"service":"purely-ceylon-backend-ecosystem","timestamp":"2026-07-12 20:58:10"}
{"level":"info","message":{"ip":"::1","method":"PUT","url":"/api/v1/orders/4137f8cc-7056-4759-93d2-95a6e2aa203b/status"},"service":"purely-ceylon-backend-ecosystem","timestamp":"2026-07-12 20:58:10"}
{"level":"info","message":{"ip":"::1","method":"OPTIONS","url":"/api/v1/orders/4137f8cc-7056-4759-93d2-95a6e2aa203b"},"service":"purely-ceylon-backend-ecosystem","timestamp":"2026-07-12 20:58:11"}
{"level":"info","message":{"ip":"::1","method":"OPTIONS","url":"/api/v1/orders/4137f8cc-7056-4759-93d2-95a6e2aa203b"},"service":"purely-ceylon-backend-ecosystem","timestamp":"2026-07-12 20:58:11"}
{"level":"info","message":{"ip":"::1","method":"GET","url":"/api/v1/orders/4137f8cc-7056-4759-93d2-95a6e2aa203b"},"service":"purely-ceylon-backend-ecosystem","timestamp":"2026-07-12 20:58:11"}
{"level":"info","message":{"ip":"::1","method":"GET","url":"/api/v1/orders/4137f8cc-7056-4759-93d2-95a6e2aa203b"},"service":"purely-ceylon-backend-ecosystem","timestamp":"2026-07-12 20:58:11"}
{"level":"info","message":{"ip":"::1","method":"OPTIONS","url":"/api/v1/orders/admin/all"},"service":"purely-ceylon-backend-ecosystem","timestamp":"2026-07-12 20:58:13"}
{"level":"info","message":{"ip":"::1","method":"OPTIONS","url":"/api/v1/orders/admin/all"},"service":"purely-ceylon-backend-ecosystem","timestamp":"2026-07-12 20:58:13"}
{"level":"info","message":{"ip":"::1","method":"GET","url":"/api/v1/orders/admin/all"},"service":"purely-ceylon-backend-ecosystem","timestamp":"2026-07-12 20:58:13"}
{"level":"info","message":{"ip":"::1","method":"GET","url":"/api/v1/orders/admin/all"},"service":"purely-ceylon-backend-ecosystem","timestamp":"2026-07-12 20:58:13"}
{"level":"info","message":{"ip":"::1","method":"OPTIONS","url":"/api/v1/orders/admin/dashboard"},"service":"purely-ceylon-backend-ecosystem","timestamp":"2026-07-12 20:58:16"}
{"level":"info","message":{"ip":"::1","method":"OPTIONS","url":"/api/v1/address"},"service":"purely-ceylon-backend-ecosystem","timestamp":"2026-07-12 20:58:17"}
{"level":"info","message":{"ip":"::1","method":"OPTIONS","url":"/api/v1/wishlist"},"service":"purely-ceylon-backend-ecosystem","timestamp":"2026-07-12 20:58:17"}
{"level":"info","message":{"ip":"::1","method":"OPTIONS","url":"/api/v1/cart"},"service":"purely-ceylon-backend-ecosystem","timestamp":"2026-07-12 20:58:17"}
{"level":"info","message":{"ip":"::1","method":"OPTIONS","url":"/api/v1/wishlist"},"service":"purely-ceylon-backend-ecosystem","timestamp":"2026-07-12 20:58:17"}
{"level":"info","message":{"ip":"::1","method":"OPTIONS","url":"/api/v1/cart"},"service":"purely-ceylon-backend-ecosystem","timestamp":"2026-07-12 20:58:17"}
{"level":"info","message":{"ip":"::1","method":"OPTIONS","url":"/api/v1/orders/admin/dashboard"},"service":"purely-ceylon-backend-ecosystem","timestamp":"2026-07-12 20:58:17"}
{"level":"info","message":{"ip":"::1","method":"OPTIONS","url":"/api/v1/address"},"service":"purely-ceylon-backend-ecosystem","timestamp":"2026-07-12 20:58:17"}
{"level":"info","message":{"ip":"::1","method":"GET","url":"/api/v1/admin/revenue-dashboard"},"service":"purely-ceylon-backend-ecosystem","timestamp":"2026-07-12 20:58:17"}
{"level":"info","message":{"ip":"::1","method":"GET","url":"/api/v1/admin/revenue-dashboard"},"service":"purely-ceylon-backend-ecosystem","timestamp":"2026-07-12 20:58:17"}
{"level":"info","message":{"ip":"::1","method":"OPTIONS","url":"/api/v1/orders/admin/dashboard"},"service":"purely-ceylon-backend-ecosystem","timestamp":"2026-07-12 20:58:43"}
{"level":"info","message":{"ip":"::1","method":"OPTIONS","url":"/api/v1/address"},"service":"purely-ceylon-backend-ecosystem","timestamp":"2026-07-12 20:58:43"}
{"level":"info","message":{"ip":"::1","method":"OPTIONS","url":"/api/v1/wishlist"},"service":"purely-ceylon-backend-ecosystem","timestamp":"2026-07-12 20:58:43"}
{"level":"info","message":{"ip":"::1","method":"OPTIONS","url":"/api/v1/cart"},"service":"purely-ceylon-backend-ecosystem","timestamp":"2026-07-12 20:58:43"}
{"level":"info","message":{"ip":"::1","method":"OPTIONS","url":"/api/v1/address"},"service":"purely-ceylon-backend-ecosystem","timestamp":"2026-07-12 20:58:43"}
{"level":"info","message":{"ip":"::1","method":"OPTIONS","url":"/api/v1/orders/admin/dashboard"},"service":"purely-ceylon-backend-ecosystem","timestamp":"2026-07-12 20:58:43"}
{"level":"info","message":{"ip":"::1","method":"OPTIONS","url":"/api/v1/wishlist"},"service":"purely-ceylon-backend-ecosystem","timestamp":"2026-07-12 20:58:43"}
{"level":"info","message":{"ip":"::1","method":"OPTIONS","url":"/api/v1/cart"},"service":"purely-ceylon-backend-ecosystem","timestamp":"2026-07-12 20:58:43"}
{"level":"info","message":{"ip":"::1","method":"GET","url":"/api/v1/orders/admin/dashboard"},"service":"purely-ceylon-backend-ecosystem","timestamp":"2026-07-12 20:58:43"}
{"level":"info","message":{"ip":"::1","method":"GET","url":"/api/v1/address"},"service":"purely-ceylon-backend-ecosystem","timestamp":"2026-07-12 20:58:43"}
{"level":"info","message":{"ip":"::1","method":"GET","url":"/api/v1/wishlist"},"service":"purely-ceylon-backend-ecosystem","timestamp":"2026-07-12 20:58:43"}
{"level":"info","message":{"ip":"::1","method":"GET","url":"/api/v1/cart"},"service":"purely-ceylon-backend-ecosystem","timestamp":"2026-07-12 20:58:43"}
{"level":"info","message":{"ip":"::1","method":"GET","url":"/api/v1/orders/admin/dashboard"},"service":"purely-ceylon-backend-ecosystem","timestamp":"2026-07-12 20:58:43"}
{"level":"info","message":{"ip":"::1","method":"GET","url":"/api/v1/address"},"service":"purely-ceylon-backend-ecosystem","timestamp":"2026-07-12 20:58:43"}
{"level":"info","message":{"ip":"::1","method":"GET","url":"/api/v1/wishlist"},"service":"purely-ceylon-backend-ecosystem","timestamp":"2026-07-12 20:58:43"}
{"level":"info","message":{"ip":"::1","method":"GET","url":"/api/v1/cart"},"service":"purely-ceylon-backend-ecosystem","timestamp":"2026-07-12 20:58:43"}
{"level":"info","message":{"ip":"::1","method":"GET","url":"/api/v1/admin/revenue-dashboard"},"service":"purely-ceylon-backend-ecosystem","timestamp":"2026-07-12 20:58:43"}
{"level":"info","message":{"ip":"::1","method":"GET","url":"/api/v1/admin/revenue-dashboard"},"service":"purely-ceylon-backend-ecosystem","timestamp":"2026-07-12 20:58:43"}
{"level":"info","message":"Gracefully shutting down...","service":"purely-ceylon-backend-ecosystem","timestamp":"2026-07-12 20:59:31"}
{"level":"info","message":"✅ All Background Jobs Started Successfully","service":"purely-ceylon-backend-ecosystem","timestamp":"2026-07-12 20:59:44"}
{"level":"info","message":"Server running on 5000","service":"purely-ceylon-backend-ecosystem","timestamp":"2026-07-12 20:59:44"}
{"level":"info","message":"📧 Processing Email Queue","service":"purely-ceylon-backend-ecosystem","timestamp":"2026-07-12 21:00:00"}
{"level":"info","message":"📄 Checking Expired RFQs","service":"purely-ceylon-backend-ecosystem","timestamp":"2026-07-12 21:00:00"}
{"level":"info","message":{"ip":"::1","method":"OPTIONS","url":"/api/v1/cart"},"service":"purely-ceylon-backend-ecosystem","timestamp":"2026-07-12 21:01:15"}
{"level":"info","message":{"ip":"::1","method":"OPTIONS","url":"/api/v1/wishlist"},"service":"purely-ceylon-backend-ecosystem","timestamp":"2026-07-12 21:01:15"}
{"level":"info","message":{"ip":"::1","method":"OPTIONS","url":"/api/v1/orders/my-orders"},"service":"purely-ceylon-backend-ecosystem","timestamp":"2026-07-12 21:01:15"}
{"level":"info","message":{"ip":"::1","method":"OPTIONS","url":"/api/v1/address"},"service":"purely-ceylon-backend-ecosystem","timestamp":"2026-07-12 21:01:15"}
{"level":"info","message":{"ip":"::1","method":"OPTIONS","url":"/api/v1/address"},"service":"purely-ceylon-backend-ecosystem","timestamp":"2026-07-12 21:01:15"}
{"level":"info","message":{"ip":"::1","method":"OPTIONS","url":"/api/v1/wishlist"},"service":"purely-ceylon-backend-ecosystem","timestamp":"2026-07-12 21:01:15"}
{"level":"info","message":{"ip":"::1","method":"OPTIONS","url":"/api/v1/cart"},"service":"purely-ceylon-backend-ecosystem","timestamp":"2026-07-12 21:01:15"}
{"level":"info","message":{"ip":"::1","method":"OPTIONS","url":"/api/v1/cart"},"service":"purely-ceylon-backend-ecosystem","timestamp":"2026-07-12 21:01:15"}
{"level":"info","message":{"ip":"::1","method":"OPTIONS","url":"/api/v1/wishlist"},"service":"purely-ceylon-backend-ecosystem","timestamp":"2026-07-12 21:01:15"}
{"level":"info","message":{"ip":"::1","method":"OPTIONS","url":"/api/v1/orders/my-orders"},"service":"purely-ceylon-backend-ecosystem","timestamp":"2026-07-12 21:01:15"}
{"level":"info","message":{"ip":"::1","method":"OPTIONS","url":"/api/v1/address"},"service":"purely-ceylon-backend-ecosystem","timestamp":"2026-07-12 21:01:15"}
{"level":"info","message":{"ip":"::1","method":"OPTIONS","url":"/api/v1/cart"},"service":"purely-ceylon-backend-ecosystem","timestamp":"2026-07-12 21:01:15"}
{"level":"info","message":{"ip":"::1","method":"OPTIONS","url":"/api/v1/address"},"service":"purely-ceylon-backend-ecosystem","timestamp":"2026-07-12 21:01:15"}
{"level":"info","message":{"ip":"::1","method":"OPTIONS","url":"/api/v1/wishlist"},"service":"purely-ceylon-backend-ecosystem","timestamp":"2026-07-12 21:01:15"}
{"level":"info","message":{"ip":"::1","method":"GET","url":"/api/v1/cart"},"service":"purely-ceylon-backend-ecosystem","timestamp":"2026-07-12 21:01:15"}
{"level":"info","message":{"ip":"::1","method":"GET","url":"/api/v1/wishlist"},"service":"purely-ceylon-backend-ecosystem","timestamp":"2026-07-12 21:01:16"}
{"level":"info","message":{"ip":"::1","method":"GET","url":"/api/v1/orders/my-orders"},"service":"purely-ceylon-backend-ecosystem","timestamp":"2026-07-12 21:01:16"}
{"level":"info","message":{"ip":"::1","method":"GET","url":"/api/v1/address"},"service":"purely-ceylon-backend-ecosystem","timestamp":"2026-07-12 21:01:16"}
{"level":"info","message":{"ip":"::1","method":"GET","url":"/api/v1/wishlist"},"service":"purely-ceylon-backend-ecosystem","timestamp":"2026-07-12 21:01:17"}
{"level":"info","message":{"ip":"::1","method":"GET","url":"/api/v1/cart"},"service":"purely-ceylon-backend-ecosystem","timestamp":"2026-07-12 21:01:17"}
{"level":"info","message":{"ip":"::1","method":"GET","url":"/api/v1/wishlist"},"service":"purely-ceylon-backend-ecosystem","timestamp":"2026-07-12 21:01:17"}
{"level":"info","message":{"ip":"::1","method":"GET","url":"/api/v1/orders/my-orders"},"service":"purely-ceylon-backend-ecosystem","timestamp":"2026-07-12 21:01:17"}
{"level":"info","message":{"ip":"::1","method":"GET","url":"/api/v1/address"},"service":"purely-ceylon-backend-ecosystem","timestamp":"2026-07-12 21:01:17"}
{"level":"info","message":{"ip":"::1","method":"GET","url":"/api/v1/wishlist"},"service":"purely-ceylon-backend-ecosystem","timestamp":"2026-07-12 21:01:17"}
{"level":"info","message":{"ip":"::1","method":"GET","url":"/api/v1/cart"},"service":"purely-ceylon-backend-ecosystem","timestamp":"2026-07-12 21:01:17"}
{"level":"info","message":{"ip":"::1","method":"GET","url":"/api/v1/address"},"service":"purely-ceylon-backend-ecosystem","timestamp":"2026-07-12 21:01:17"}
{"level":"info","message":{"ip":"::1","method":"GET","url":"/api/v1/cart"},"service":"purely-ceylon-backend-ecosystem","timestamp":"2026-07-12 21:01:17"}
{"level":"info","message":{"ip":"::1","method":"GET","url":"/api/v1/address"},"service":"purely-ceylon-backend-ecosystem","timestamp":"2026-07-12 21:01:17"}
{"level":"info","message":{"ip":"::1","method":"GET","url":"/api/v1/address"},"service":"purely-ceylon-backend-ecosystem","timestamp":"2026-07-12 21:01:17"}
{"level":"info","message":{"ip":"::1","method":"GET","url":"/api/v1/address"},"service":"purely-ceylon-backend-ecosystem","timestamp":"2026-07-12 21:01:17"}
{"level":"info","message":"📧 Processing Email Queue","service":"purely-ceylon-backend-ecosystem","timestamp":"2026-07-12 21:05:00"}
{"level":"info","message":"📧 Processing Email Queue","service":"purely-ceylon-backend-ecosystem","timestamp":"2026-07-12 21:10:00"}
{"level":"info","message":"📧 Processing Email Queue","service":"purely-ceylon-backend-ecosystem","timestamp":"2026-07-12 21:15:00"}
{"level":"info","message":"📧 Processing Email Queue","service":"purely-ceylon-backend-ecosystem","timestamp":"2026-07-12 21:20:00"}
{"level":"info","message":{"ip":"::1","method":"OPTIONS","url":"/api/v1/orders/admin/dashboard"},"service":"purely-ceylon-backend-ecosystem","timestamp":"2026-07-12 21:21:04"}
{"level":"info","message":{"ip":"::1","method":"OPTIONS","url":"/api/v1/address"},"service":"purely-ceylon-backend-ecosystem","timestamp":"2026-07-12 21:21:04"}
{"level":"info","message":{"ip":"::1","method":"OPTIONS","url":"/api/v1/wishlist"},"service":"purely-ceylon-backend-ecosystem","timestamp":"2026-07-12 21:21:04"}
{"level":"info","message":{"ip":"::1","method":"OPTIONS","url":"/api/v1/cart"},"service":"purely-ceylon-backend-ecosystem","timestamp":"2026-07-12 21:21:04"}
{"level":"info","message":{"ip":"::1","method":"GET","url":"/api/v1/admin/revenue-dashboard"},"service":"purely-ceylon-backend-ecosystem","timestamp":"2026-07-12 21:21:04"}
{"level":"info","message":{"ip":"::1","method":"GET","url":"/api/v1/admin/revenue-dashboard"},"service":"purely-ceylon-backend-ecosystem","timestamp":"2026-07-12 21:21:04"}
{"level":"info","message":{"ip":"::1","method":"OPTIONS","url":"/api/v1/admin/monthly-sales"},"service":"purely-ceylon-backend-ecosystem","timestamp":"2026-07-12 21:21:04"}
{"level":"info","message":{"ip":"::1","method":"OPTIONS","url":"/api/v1/admin/top-products"},"service":"purely-ceylon-backend-ecosystem","timestamp":"2026-07-12 21:21:04"}
{"level":"info","message":{"ip":"::1","method":"GET","url":"/api/v1/admin/monthly-sales"},"service":"purely-ceylon-backend-ecosystem","timestamp":"2026-07-12 21:21:04"}
{"level":"info","message":{"ip":"::1","method":"GET","url":"/api/v1/admin/top-products"},"service":"purely-ceylon-backend-ecosystem","timestamp":"2026-07-12 21:21:04"}
{"level":"info","message":{"ip":"::1","method":"GET","url":"/api/v1/admin/monthly-sales"},"service":"purely-ceylon-backend-ecosystem","timestamp":"2026-07-12 21:21:04"}
{"level":"info","message":{"ip":"::1","method":"GET","url":"/api/v1/admin/top-products"},"service":"purely-ceylon-backend-ecosystem","timestamp":"2026-07-12 21:21:04"}
{"level":"info","message":{"ip":"::1","method":"GET","url":"/api/v1/admin/top-analytics"},"service":"purely-ceylon-backend-ecosystem","timestamp":"2026-07-12 21:21:04"}
{"level":"info","message":{"ip":"::1","method":"GET","url":"/api/v1/admin/top-analytics"},"service":"purely-ceylon-backend-ecosystem","timestamp":"2026-07-12 21:21:04"}
{"level":"info","message":{"ip":"::1","method":"OPTIONS","url":"/api/v1/orders/admin/all"},"service":"purely-ceylon-backend-ecosystem","timestamp":"2026-07-12 21:23:42"}
{"level":"info","message":{"ip":"::1","method":"OPTIONS","url":"/api/v1/address"},"service":"purely-ceylon-backend-ecosystem","timestamp":"2026-07-12 21:23:42"}
{"level":"info","message":{"ip":"::1","method":"OPTIONS","url":"/api/v1/cart"},"service":"purely-ceylon-backend-ecosystem","timestamp":"2026-07-12 21:23:42"}
{"level":"info","message":{"ip":"::1","method":"OPTIONS","url":"/api/v1/wishlist"},"service":"purely-ceylon-backend-ecosystem","timestamp":"2026-07-12 21:23:42"}
{"level":"info","message":{"ip":"::1","method":"OPTIONS","url":"/api/v1/orders/admin/all"},"service":"purely-ceylon-backend-ecosystem","timestamp":"2026-07-12 21:23:42"}
{"level":"info","message":{"ip":"::1","method":"OPTIONS","url":"/api/v1/address"},"service":"purely-ceylon-backend-ecosystem","timestamp":"2026-07-12 21:23:42"}
{"level":"info","message":{"ip":"::1","method":"OPTIONS","url":"/api/v1/cart"},"service":"purely-ceylon-backend-ecosystem","timestamp":"2026-07-12 21:23:42"}
{"level":"info","message":{"ip":"::1","method":"OPTIONS","url":"/api/v1/wishlist"},"service":"purely-ceylon-backend-ecosystem","timestamp":"2026-07-12 21:23:42"}
{"level":"info","message":{"ip":"::1","method":"GET","url":"/api/v1/orders/admin/all"},"service":"purely-ceylon-backend-ecosystem","timestamp":"2026-07-12 21:23:42"}
{"level":"info","message":{"ip":"::1","method":"GET","url":"/api/v1/address"},"service":"purely-ceylon-backend-ecosystem","timestamp":"2026-07-12 21:23:42"}
{"level":"info","message":{"ip":"::1","method":"GET","url":"/api/v1/cart"},"service":"purely-ceylon-backend-ecosystem","timestamp":"2026-07-12 21:23:42"}
{"level":"info","message":{"ip":"::1","method":"GET","url":"/api/v1/wishlist"},"service":"purely-ceylon-backend-ecosystem","timestamp":"2026-07-12 21:23:43"}
{"level":"info","message":{"ip":"::1","method":"GET","url":"/api/v1/address"},"service":"purely-ceylon-backend-ecosystem","timestamp":"2026-07-12 21:23:43"}
{"level":"info","message":{"ip":"::1","method":"GET","url":"/api/v1/cart"},"service":"purely-ceylon-backend-ecosystem","timestamp":"2026-07-12 21:23:44"}
{"level":"info","message":{"ip":"::1","method":"GET","url":"/api/v1/orders/admin/all"},"service":"purely-ceylon-backend-ecosystem","timestamp":"2026-07-12 21:23:44"}
{"level":"info","message":{"ip":"::1","method":"GET","url":"/api/v1/wishlist"},"service":"purely-ceylon-backend-ecosystem","timestamp":"2026-07-12 21:23:44"}
{"level":"info","message":{"ip":"::1","method":"OPTIONS","url":"/api/v1/orders/8bf9ea3e-2dd8-4a3e-b3d4-de9f82a581b2"},"service":"purely-ceylon-backend-ecosystem","timestamp":"2026-07-12 21:23:50"}
{"level":"info","message":{"ip":"::1","method":"OPTIONS","url":"/api/v1/orders/8bf9ea3e-2dd8-4a3e-b3d4-de9f82a581b2"},"service":"purely-ceylon-backend-ecosystem","timestamp":"2026-07-12 21:23:50"}
{"level":"info","message":{"ip":"::1","method":"GET","url":"/api/v1/orders/8bf9ea3e-2dd8-4a3e-b3d4-de9f82a581b2"},"service":"purely-ceylon-backend-ecosystem","timestamp":"2026-07-12 21:23:50"}
{"level":"info","message":{"ip":"::1","method":"GET","url":"/api/v1/orders/8bf9ea3e-2dd8-4a3e-b3d4-de9f82a581b2"},"service":"purely-ceylon-backend-ecosystem","timestamp":"2026-07-12 21:23:50"}
{"level":"info","message":{"ip":"::1","method":"OPTIONS","url":"/api/v1/orders/8bf9ea3e-2dd8-4a3e-b3d4-de9f82a581b2/shipping"},"service":"purely-ceylon-backend-ecosystem","timestamp":"2026-07-12 21:23:59"}
{"level":"info","message":{"ip":"::1","method":"PUT","url":"/api/v1/orders/8bf9ea3e-2dd8-4a3e-b3d4-de9f82a581b2/shipping"},"service":"purely-ceylon-backend-ecosystem","timestamp":"2026-07-12 21:23:59"}
{"level":"info","message":{"ip":"::1","method":"OPTIONS","url":"/api/v1/orders/8bf9ea3e-2dd8-4a3e-b3d4-de9f82a581b2/invoice"},"service":"purely-ceylon-backend-ecosystem","timestamp":"2026-07-12 21:24:21"}
{"level":"info","message":{"ip":"::1","method":"GET","url":"/api/v1/orders/8bf9ea3e-2dd8-4a3e-b3d4-de9f82a581b2/invoice"},"service":"purely-ceylon-backend-ecosystem","timestamp":"2026-07-12 21:24:21"}
{"level":"info","message":{"action":"EXPORT_INVOICE_GENERATED","event":"AUDIT","userId":"0915d261-c43a-40d2-a908-5bebb4d1da73"},"service":"purely-ceylon-backend-ecosystem","timestamp":"2026-07-12 21:24:21"}
{"level":"info","message":{"ip":"::1","method":"OPTIONS","url":"/api/v1/orders/8bf9ea3e-2dd8-4a3e-b3d4-de9f82a581b2/status"},"service":"purely-ceylon-backend-ecosystem","timestamp":"2026-07-12 21:24:42"}
{"level":"info","message":{"ip":"::1","method":"PUT","url":"/api/v1/orders/8bf9ea3e-2dd8-4a3e-b3d4-de9f82a581b2/status"},"service":"purely-ceylon-backend-ecosystem","timestamp":"2026-07-12 21:24:42"}
{"level":"info","message":{"ip":"::1","method":"OPTIONS","url":"/api/v1/orders/8bf9ea3e-2dd8-4a3e-b3d4-de9f82a581b2/shipping"},"service":"purely-ceylon-backend-ecosystem","timestamp":"2026-07-12 21:24:56"}
{"level":"info","message":{"ip":"::1","method":"PUT","url":"/api/v1/orders/8bf9ea3e-2dd8-4a3e-b3d4-de9f82a581b2/shipping"},"service":"purely-ceylon-backend-ecosystem","timestamp":"2026-07-12 21:24:56"}
{"level":"info","message":"📧 Processing Email Queue","service":"purely-ceylon-backend-ecosystem","timestamp":"2026-07-12 21:25:00"}
{"level":"info","message":{"ip":"::1","method":"OPTIONS","url":"/api/v1/orders/8bf9ea3e-2dd8-4a3e-b3d4-de9f82a581b2/status"},"service":"purely-ceylon-backend-ecosystem","timestamp":"2026-07-12 21:25:02"}
{"level":"info","message":{"ip":"::1","method":"PUT","url":"/api/v1/orders/8bf9ea3e-2dd8-4a3e-b3d4-de9f82a581b2/status"},"service":"purely-ceylon-backend-ecosystem","timestamp":"2026-07-12 21:25:02"}
{"level":"info","message":{"ip":"::1","method":"OPTIONS","url":"/api/v1/orders/my-orders"},"service":"purely-ceylon-backend-ecosystem","timestamp":"2026-07-12 21:25:10"}
{"level":"info","message":{"ip":"::1","method":"OPTIONS","url":"/api/v1/orders/my-orders"},"service":"purely-ceylon-backend-ecosystem","timestamp":"2026-07-12 21:25:11"}
{"level":"info","message":{"ip":"::1","method":"GET","url":"/api/v1/orders/my-orders"},"service":"purely-ceylon-backend-ecosystem","timestamp":"2026-07-12 21:25:11"}
{"level":"info","message":{"ip":"::1","method":"GET","url":"/api/v1/orders/my-orders"},"service":"purely-ceylon-backend-ecosystem","timestamp":"2026-07-12 21:25:11"}
{"level":"info","message":{"ip":"::1","method":"OPTIONS","url":"/api/v1/orders/8bf9ea3e-2dd8-4a3e-b3d4-de9f82a581b2"},"service":"purely-ceylon-backend-ecosystem","timestamp":"2026-07-12 21:25:15"}
{"level":"info","message":{"ip":"::1","method":"OPTIONS","url":"/api/v1/orders/8bf9ea3e-2dd8-4a3e-b3d4-de9f82a581b2"},"service":"purely-ceylon-backend-ecosystem","timestamp":"2026-07-12 21:25:15"}
{"level":"info","message":{"ip":"::1","method":"GET","url":"/api/v1/orders/8bf9ea3e-2dd8-4a3e-b3d4-de9f82a581b2"},"service":"purely-ceylon-backend-ecosystem","timestamp":"2026-07-12 21:25:15"}
{"level":"info","message":{"ip":"::1","method":"GET","url":"/api/v1/orders/8bf9ea3e-2dd8-4a3e-b3d4-de9f82a581b2"},"service":"purely-ceylon-backend-ecosystem","timestamp":"2026-07-12 21:25:15"}
{"level":"info","message":{"ip":"::1","method":"OPTIONS","url":"/api/v1/orders/8bf9ea3e-2dd8-4a3e-b3d4-de9f82a581b2"},"service":"purely-ceylon-backend-ecosystem","timestamp":"2026-07-12 21:25:21"}
{"level":"info","message":{"ip":"::1","method":"OPTIONS","url":"/api/v1/orders/8bf9ea3e-2dd8-4a3e-b3d4-de9f82a581b2"},"service":"purely-ceylon-backend-ecosystem","timestamp":"2026-07-12 21:25:21"}
{"level":"info","message":{"ip":"::1","method":"GET","url":"/api/v1/orders/8bf9ea3e-2dd8-4a3e-b3d4-de9f82a581b2"},"service":"purely-ceylon-backend-ecosystem","timestamp":"2026-07-12 21:25:21"}
{"level":"info","message":{"ip":"::1","method":"GET","url":"/api/v1/orders/8bf9ea3e-2dd8-4a3e-b3d4-de9f82a581b2"},"service":"purely-ceylon-backend-ecosystem","timestamp":"2026-07-12 21:25:21"}
{"level":"info","message":{"ip":"::1","method":"OPTIONS","url":"/api/v1/orders/8bf9ea3e-2dd8-4a3e-b3d4-de9f82a581b2/shipping"},"service":"purely-ceylon-backend-ecosystem","timestamp":"2026-07-12 21:25:44"}
{"level":"info","message":{"ip":"::1","method":"PUT","url":"/api/v1/orders/8bf9ea3e-2dd8-4a3e-b3d4-de9f82a581b2/shipping"},"service":"purely-ceylon-backend-ecosystem","timestamp":"2026-07-12 21:25:44"}
{"level":"info","message":{"ip":"::1","method":"OPTIONS","url":"/api/v1/address"},"service":"purely-ceylon-backend-ecosystem","timestamp":"2026-07-12 21:25:53"}
{"level":"info","message":{"ip":"::1","method":"OPTIONS","url":"/api/v1/orders/8bf9ea3e-2dd8-4a3e-b3d4-de9f82a581b2"},"service":"purely-ceylon-backend-ecosystem","timestamp":"2026-07-12 21:25:53"}
{"level":"info","message":{"ip":"::1","method":"OPTIONS","url":"/api/v1/wishlist"},"service":"purely-ceylon-backend-ecosystem","timestamp":"2026-07-12 21:25:53"}
{"level":"info","message":{"ip":"::1","method":"OPTIONS","url":"/api/v1/cart"},"service":"purely-ceylon-backend-ecosystem","timestamp":"2026-07-12 21:25:53"}
{"level":"info","message":{"ip":"::1","method":"OPTIONS","url":"/api/v1/orders/8bf9ea3e-2dd8-4a3e-b3d4-de9f82a581b2"},"service":"purely-ceylon-backend-ecosystem","timestamp":"2026-07-12 21:25:53"}
{"level":"info","message":{"ip":"::1","method":"OPTIONS","url":"/api/v1/address"},"service":"purely-ceylon-backend-ecosystem","timestamp":"2026-07-12 21:25:53"}
{"level":"info","message":{"ip":"::1","method":"OPTIONS","url":"/api/v1/wishlist"},"service":"purely-ceylon-backend-ecosystem","timestamp":"2026-07-12 21:25:53"}
{"level":"info","message":{"ip":"::1","method":"OPTIONS","url":"/api/v1/cart"},"service":"purely-ceylon-backend-ecosystem","timestamp":"2026-07-12 21:25:53"}
{"level":"info","message":{"ip":"::1","method":"GET","url":"/api/v1/address"},"service":"purely-ceylon-backend-ecosystem","timestamp":"2026-07-12 21:25:53"}
{"level":"info","message":{"ip":"::1","method":"GET","url":"/api/v1/orders/8bf9ea3e-2dd8-4a3e-b3d4-de9f82a581b2"},"service":"purely-ceylon-backend-ecosystem","timestamp":"2026-07-12 21:25:53"}
{"level":"info","message":{"ip":"::1","method":"GET","url":"/api/v1/wishlist"},"service":"purely-ceylon-backend-ecosystem","timestamp":"2026-07-12 21:25:53"}
{"level":"info","message":{"ip":"::1","method":"GET","url":"/api/v1/cart"},"service":"purely-ceylon-backend-ecosystem","timestamp":"2026-07-12 21:25:53"}
{"level":"info","message":{"ip":"::1","method":"GET","url":"/api/v1/address"},"service":"purely-ceylon-backend-ecosystem","timestamp":"2026-07-12 21:25:53"}
{"level":"info","message":{"ip":"::1","method":"GET","url":"/api/v1/wishlist"},"service":"purely-ceylon-backend-ecosystem","timestamp":"2026-07-12 21:25:53"}
{"level":"info","message":{"ip":"::1","method":"GET","url":"/api/v1/cart"},"service":"purely-ceylon-backend-ecosystem","timestamp":"2026-07-12 21:25:53"}
{"level":"info","message":{"ip":"::1","method":"GET","url":"/api/v1/orders/8bf9ea3e-2dd8-4a3e-b3d4-de9f82a581b2"},"service":"purely-ceylon-backend-ecosystem","timestamp":"2026-07-12 21:25:53"}
{"level":"info","message":{"ip":"::1","method":"OPTIONS","url":"/api/v1/wishlist"},"service":"purely-ceylon-backend-ecosystem","timestamp":"2026-07-12 21:26:03"}
{"level":"info","message":{"ip":"::1","method":"OPTIONS","url":"/api/v1/cart"},"service":"purely-ceylon-backend-ecosystem","timestamp":"2026-07-12 21:26:03"}
{"level":"info","message":{"ip":"::1","method":"OPTIONS","url":"/api/v1/orders/8bf9ea3e-2dd8-4a3e-b3d4-de9f82a581b2"},"service":"purely-ceylon-backend-ecosystem","timestamp":"2026-07-12 21:26:03"}
{"level":"info","message":{"ip":"::1","method":"OPTIONS","url":"/api/v1/cart"},"service":"purely-ceylon-backend-ecosystem","timestamp":"2026-07-12 21:26:03"}
{"level":"info","message":{"ip":"::1","method":"OPTIONS","url":"/api/v1/wishlist"},"service":"purely-ceylon-backend-ecosystem","timestamp":"2026-07-12 21:26:04"}
{"level":"info","message":{"ip":"::1","method":"OPTIONS","url":"/api/v1/orders/8bf9ea3e-2dd8-4a3e-b3d4-de9f82a581b2"},"service":"purely-ceylon-backend-ecosystem","timestamp":"2026-07-12 21:26:04"}
{"level":"info","message":{"ip":"::1","method":"GET","url":"/api/v1/wishlist"},"service":"purely-ceylon-backend-ecosystem","timestamp":"2026-07-12 21:26:04"}
{"level":"info","message":{"ip":"::1","method":"GET","url":"/api/v1/cart"},"service":"purely-ceylon-backend-ecosystem","timestamp":"2026-07-12 21:26:04"}
{"level":"info","message":{"ip":"::1","method":"GET","url":"/api/v1/orders/8bf9ea3e-2dd8-4a3e-b3d4-de9f82a581b2"},"service":"purely-ceylon-backend-ecosystem","timestamp":"2026-07-12 21:26:04"}
{"level":"info","message":{"ip":"::1","method":"GET","url":"/api/v1/wishlist"},"service":"purely-ceylon-backend-ecosystem","timestamp":"2026-07-12 21:26:04"}
{"level":"info","message":{"ip":"::1","method":"GET","url":"/api/v1/orders/8bf9ea3e-2dd8-4a3e-b3d4-de9f82a581b2"},"service":"purely-ceylon-backend-ecosystem","timestamp":"2026-07-12 21:26:04"}
{"level":"info","message":{"ip":"::1","method":"GET","url":"/api/v1/cart"},"service":"purely-ceylon-backend-ecosystem","timestamp":"2026-07-12 21:26:04"}
{"level":"info","message":{"ip":"::1","method":"OPTIONS","url":"/api/v1/orders/my-orders"},"service":"purely-ceylon-backend-ecosystem","timestamp":"2026-07-12 21:26:12"}
{"level":"info","message":{"ip":"::1","method":"OPTIONS","url":"/api/v1/orders/my-orders"},"service":"purely-ceylon-backend-ecosystem","timestamp":"2026-07-12 21:26:12"}
{"level":"info","message":{"ip":"::1","method":"GET","url":"/api/v1/orders/my-orders"},"service":"purely-ceylon-backend-ecosystem","timestamp":"2026-07-12 21:26:12"}
{"level":"info","message":{"ip":"::1","method":"GET","url":"/api/v1/orders/my-orders"},"service":"purely-ceylon-backend-ecosystem","timestamp":"2026-07-12 21:26:12"}
{"level":"info","message":{"ip":"::1","method":"OPTIONS","url":"/api/v1/cart"},"service":"purely-ceylon-backend-ecosystem","timestamp":"2026-07-12 21:26:19"}
{"level":"info","message":{"ip":"::1","method":"OPTIONS","url":"/api/v1/address"},"service":"purely-ceylon-backend-ecosystem","timestamp":"2026-07-12 21:26:19"}
{"level":"info","message":{"ip":"::1","method":"OPTIONS","url":"/api/v1/cart"},"service":"purely-ceylon-backend-ecosystem","timestamp":"2026-07-12 21:26:19"}
{"level":"info","message":{"ip":"::1","method":"OPTIONS","url":"/api/v1/address"},"service":"purely-ceylon-backend-ecosystem","timestamp":"2026-07-12 21:26:19"}
{"level":"info","message":{"ip":"::1","method":"GET","url":"/api/v1/cart"},"service":"purely-ceylon-backend-ecosystem","timestamp":"2026-07-12 21:26:19"}
{"level":"info","message":{"ip":"::1","method":"GET","url":"/api/v1/address"},"service":"purely-ceylon-backend-ecosystem","timestamp":"2026-07-12 21:26:19"}
{"level":"info","message":{"ip":"::1","method":"GET","url":"/api/v1/address"},"service":"purely-ceylon-backend-ecosystem","timestamp":"2026-07-12 21:26:19"}
{"level":"info","message":{"ip":"::1","method":"GET","url":"/api/v1/cart"},"service":"purely-ceylon-backend-ecosystem","timestamp":"2026-07-12 21:26:19"}
{"level":"info","message":{"ip":"::1","method":"OPTIONS","url":"/api/v1/shipping/calculate"},"service":"purely-ceylon-backend-ecosystem","timestamp":"2026-07-12 21:26:19"}
{"level":"info","message":{"ip":"::1","method":"OPTIONS","url":"/api/v1/shipping/calculate"},"service":"purely-ceylon-backend-ecosystem","timestamp":"2026-07-12 21:26:19"}
{"level":"info","message":{"ip":"::1","method":"POST","url":"/api/v1/shipping/calculate"},"service":"purely-ceylon-backend-ecosystem","timestamp":"2026-07-12 21:26:19"}
{"level":"info","message":{"ip":"::1","method":"POST","url":"/api/v1/shipping/calculate"},"service":"purely-ceylon-backend-ecosystem","timestamp":"2026-07-12 21:26:19"}
{"level":"info","message":{"ip":"::1","method":"POST","url":"/api/v1/shipping/calculate"},"service":"purely-ceylon-backend-ecosystem","timestamp":"2026-07-12 21:26:19"}
{"level":"info","message":{"ip":"::1","method":"POST","url":"/api/v1/shipping/calculate"},"service":"purely-ceylon-backend-ecosystem","timestamp":"2026-07-12 21:26:19"}
{"level":"info","message":{"ip":"::1","method":"GET","url":"/api/v1/cart"},"service":"purely-ceylon-backend-ecosystem","timestamp":"2026-07-12 21:26:22"}
{"level":"info","message":{"ip":"::1","method":"GET","url":"/api/v1/cart"},"service":"purely-ceylon-backend-ecosystem","timestamp":"2026-07-12 21:26:22"}
{"level":"info","message":{"ip":"::1","method":"GET","url":"/api/v1/cart"},"service":"purely-ceylon-backend-ecosystem","timestamp":"2026-07-12 21:26:22"}
{"level":"info","message":{"ip":"::1","method":"GET","url":"/api/v1/cart"},"service":"purely-ceylon-backend-ecosystem","timestamp":"2026-07-12 21:26:22"}
{"level":"info","message":{"ip":"::1","method":"OPTIONS","url":"/api/v1/wishlist"},"service":"purely-ceylon-backend-ecosystem","timestamp":"2026-07-12 21:26:23"}
{"level":"info","message":{"ip":"::1","method":"OPTIONS","url":"/api/v1/wishlist"},"service":"purely-ceylon-backend-ecosystem","timestamp":"2026-07-12 21:26:23"}
{"level":"info","message":{"ip":"::1","method":"GET","url":"/api/v1/wishlist"},"service":"purely-ceylon-backend-ecosystem","timestamp":"2026-07-12 21:26:23"}
{"level":"info","message":{"ip":"::1","method":"GET","url":"/api/v1/wishlist"},"service":"purely-ceylon-backend-ecosystem","timestamp":"2026-07-12 21:26:23"}
{"level":"info","message":{"ip":"::1","method":"GET","url":"/api/v1/wishlist"},"service":"purely-ceylon-backend-ecosystem","timestamp":"2026-07-12 21:26:23"}
{"level":"info","message":{"ip":"::1","method":"GET","url":"/api/v1/wishlist"},"service":"purely-ceylon-backend-ecosystem","timestamp":"2026-07-12 21:26:23"}
{"level":"info","message":{"ip":"::1","method":"OPTIONS","url":"/api/v1/cart/add"},"service":"purely-ceylon-backend-ecosystem","timestamp":"2026-07-12 21:26:25"}
{"level":"info","message":{"ip":"::1","method":"POST","url":"/api/v1/cart/add"},"service":"purely-ceylon-backend-ecosystem","timestamp":"2026-07-12 21:26:25"}
{"level":"info","message":{"ip":"::1","method":"OPTIONS","url":"/api/v1/wishlist/6bb778b7-d4d9-4ae5-bb21-b6d72b6246ae"},"service":"purely-ceylon-backend-ecosystem","timestamp":"2026-07-12 21:26:25"}
{"level":"info","message":{"ip":"::1","method":"DELETE","url":"/api/v1/wishlist/6bb778b7-d4d9-4ae5-bb21-b6d72b6246ae"},"service":"purely-ceylon-backend-ecosystem","timestamp":"2026-07-12 21:26:25"}
{"level":"info","message":{"ip":"::1","method":"OPTIONS","url":"/api/v1/cart"},"service":"purely-ceylon-backend-ecosystem","timestamp":"2026-07-12 21:26:26"}
{"level":"info","message":{"ip":"::1","method":"GET","url":"/api/v1/wishlist"},"service":"purely-ceylon-backend-ecosystem","timestamp":"2026-07-12 21:26:26"}
{"level":"info","message":{"ip":"::1","method":"GET","url":"/api/v1/cart"},"service":"purely-ceylon-backend-ecosystem","timestamp":"2026-07-12 21:26:26"}
{"level":"info","message":{"ip":"::1","method":"GET","url":"/api/v1/wishlist"},"service":"purely-ceylon-backend-ecosystem","timestamp":"2026-07-12 21:26:27"}
{"level":"info","message":{"ip":"::1","method":"GET","url":"/api/v1/wishlist"},"service":"purely-ceylon-backend-ecosystem","timestamp":"2026-07-12 21:26:27"}
{"level":"info","message":{"ip":"::1","method":"GET","url":"/api/v1/cart"},"service":"purely-ceylon-backend-ecosystem","timestamp":"2026-07-12 21:26:28"}
{"level":"info","message":{"ip":"::1","method":"GET","url":"/api/v1/cart"},"service":"purely-ceylon-backend-ecosystem","timestamp":"2026-07-12 21:26:28"}
{"level":"info","message":{"ip":"::1","method":"GET","url":"/api/v1/cart"},"service":"purely-ceylon-backend-ecosystem","timestamp":"2026-07-12 21:26:28"}
{"level":"info","message":{"ip":"::1","method":"GET","url":"/api/v1/cart"},"service":"purely-ceylon-backend-ecosystem","timestamp":"2026-07-12 21:26:28"}
{"level":"info","message":{"ip":"::1","method":"OPTIONS","url":"/api/v1/categories"},"service":"purely-ceylon-backend-ecosystem","timestamp":"2026-07-12 21:26:38"}
{"level":"info","message":{"ip":"::1","method":"OPTIONS","url":"/api/v1/categories"},"service":"purely-ceylon-backend-ecosystem","timestamp":"2026-07-12 21:26:38"}
{"level":"info","message":{"ip":"::1","method":"OPTIONS","url":"/api/v1/products"},"service":"purely-ceylon-backend-ecosystem","timestamp":"2026-07-12 21:26:38"}
{"level":"info","message":{"ip":"::1","method":"OPTIONS","url":"/api/v1/products"},"service":"purely-ceylon-backend-ecosystem","timestamp":"2026-07-12 21:26:38"}
{"level":"info","message":{"ip":"::1","method":"GET","url":"/api/v1/categories"},"service":"purely-ceylon-backend-ecosystem","timestamp":"2026-07-12 21:26:38"}
{"level":"info","message":{"ip":"::1","method":"GET","url":"/api/v1/products"},"service":"purely-ceylon-backend-ecosystem","timestamp":"2026-07-12 21:26:38"}
{"level":"info","message":{"ip":"::1","method":"GET","url":"/api/v1/categories"},"service":"purely-ceylon-backend-ecosystem","timestamp":"2026-07-12 21:26:38"}
{"level":"info","message":{"ip":"::1","method":"GET","url":"/api/v1/products"},"service":"purely-ceylon-backend-ecosystem","timestamp":"2026-07-12 21:26:38"}
{"level":"info","message":{"ip":"::1","method":"OPTIONS","url":"/api/v1/products/search?name=&categoryId=bb4b81c0-5969-4bce-9a03-3ea69a807925"},"service":"purely-ceylon-backend-ecosystem","timestamp":"2026-07-12 21:26:51"}
{"level":"info","message":{"ip":"::1","method":"GET","url":"/api/v1/products/search?name=&categoryId=bb4b81c0-5969-4bce-9a03-3ea69a807925"},"service":"purely-ceylon-backend-ecosystem","timestamp":"2026-07-12 21:26:51"}
{"level":"info","message":{"ip":"::1","method":"OPTIONS","url":"/api/v1/orders/admin/dashboard"},"service":"purely-ceylon-backend-ecosystem","timestamp":"2026-07-12 21:27:15"}
{"level":"info","message":{"ip":"::1","method":"OPTIONS","url":"/api/v1/address"},"service":"purely-ceylon-backend-ecosystem","timestamp":"2026-07-12 21:27:15"}
{"level":"info","message":{"ip":"::1","method":"OPTIONS","url":"/api/v1/wishlist"},"service":"purely-ceylon-backend-ecosystem","timestamp":"2026-07-12 21:27:15"}
{"level":"info","message":{"ip":"::1","method":"OPTIONS","url":"/api/v1/cart"},"service":"purely-ceylon-backend-ecosystem","timestamp":"2026-07-12 21:27:15"}
{"level":"info","message":{"ip":"::1","method":"OPTIONS","url":"/api/v1/orders/admin/dashboard"},"service":"purely-ceylon-backend-ecosystem","timestamp":"2026-07-12 21:27:15"}
{"level":"info","message":{"ip":"::1","method":"OPTIONS","url":"/api/v1/address"},"service":"purely-ceylon-backend-ecosystem","timestamp":"2026-07-12 21:27:15"}
{"level":"info","message":{"ip":"::1","method":"OPTIONS","url":"/api/v1/wishlist"},"service":"purely-ceylon-backend-ecosystem","timestamp":"2026-07-12 21:27:15"}
{"level":"info","message":{"ip":"::1","method":"OPTIONS","url":"/api/v1/cart"},"service":"purely-ceylon-backend-ecosystem","timestamp":"2026-07-12 21:27:15"}
{"level":"info","message":{"ip":"::1","method":"GET","url":"/api/v1/orders/admin/dashboard"},"service":"purely-ceylon-backend-ecosystem","timestamp":"2026-07-12 21:27:15"}
{"level":"info","message":{"ip":"::1","method":"GET","url":"/api/v1/address"},"service":"purely-ceylon-backend-ecosystem","timestamp":"2026-07-12 21:27:15"}
{"level":"info","message":{"ip":"::1","method":"GET","url":"/api/v1/wishlist"},"service":"purely-ceylon-backend-ecosystem","timestamp":"2026-07-12 21:27:15"}
{"level":"info","message":{"ip":"::1","method":"GET","url":"/api/v1/cart"},"service":"purely-ceylon-backend-ecosystem","timestamp":"2026-07-12 21:27:15"}
{"level":"info","message":{"ip":"::1","method":"GET","url":"/api/v1/address"},"service":"purely-ceylon-backend-ecosystem","timestamp":"2026-07-12 21:27:15"}
{"level":"info","message":{"ip":"::1","method":"GET","url":"/api/v1/wishlist"},"service":"purely-ceylon-backend-ecosystem","timestamp":"2026-07-12 21:27:15"}
{"level":"info","message":{"ip":"::1","method":"GET","url":"/api/v1/cart"},"service":"purely-ceylon-backend-ecosystem","timestamp":"2026-07-12 21:27:15"}
{"level":"info","message":{"ip":"::1","method":"GET","url":"/api/v1/orders/admin/dashboard"},"service":"purely-ceylon-backend-ecosystem","timestamp":"2026-07-12 21:27:15"}
{"level":"info","message":{"ip":"::1","method":"OPTIONS","url":"/api/v1/admin/monthly-sales"},"service":"purely-ceylon-backend-ecosystem","timestamp":"2026-07-12 21:27:15"}
{"level":"info","message":{"ip":"::1","method":"OPTIONS","url":"/api/v1/admin/top-products"},"service":"purely-ceylon-backend-ecosystem","timestamp":"2026-07-12 21:27:15"}
{"level":"info","message":{"ip":"::1","method":"GET","url":"/api/v1/admin/top-products"},"service":"purely-ceylon-backend-ecosystem","timestamp":"2026-07-12 21:27:15"}
{"level":"info","message":{"ip":"::1","method":"GET","url":"/api/v1/admin/monthly-sales"},"service":"purely-ceylon-backend-ecosystem","timestamp":"2026-07-12 21:27:15"}
{"level":"info","message":{"ip":"::1","method":"GET","url":"/api/v1/admin/top-products"},"service":"purely-ceylon-backend-ecosystem","timestamp":"2026-07-12 21:27:16"}
{"level":"info","message":{"ip":"::1","method":"GET","url":"/api/v1/admin/monthly-sales"},"service":"purely-ceylon-backend-ecosystem","timestamp":"2026-07-12 21:27:16"}
{"level":"info","message":{"ip":"::1","method":"GET","url":"/api/v1/admin/top-analytics"},"service":"purely-ceylon-backend-ecosystem","timestamp":"2026-07-12 21:27:16"}
{"level":"info","message":{"ip":"::1","method":"GET","url":"/api/v1/admin/top-analytics"},"service":"purely-ceylon-backend-ecosystem","timestamp":"2026-07-12 21:27:16"}
{"level":"info","message":"📧 Processing Email Queue","service":"purely-ceylon-backend-ecosystem","timestamp":"2026-07-12 21:30:00"}
{"level":"info","message":"📧 Processing Email Queue","service":"purely-ceylon-backend-ecosystem","timestamp":"2026-07-12 21:35:00"}
{"level":"info","message":"📧 Processing Email Queue","service":"purely-ceylon-backend-ecosystem","timestamp":"2026-07-12 21:40:00"}
{"level":"info","message":"📧 Processing Email Queue","service":"purely-ceylon-backend-ecosystem","timestamp":"2026-07-12 21:45:00"}
{"level":"info","message":"📧 Processing Email Queue","service":"purely-ceylon-backend-ecosystem","timestamp":"2026-07-12 21:50:00"}
{"level":"info","message":"📧 Processing Email Queue","service":"purely-ceylon-backend-ecosystem","timestamp":"2026-07-12 21:55:00"}
{"level":"info","message":"📄 Checking Expired RFQs","service":"purely-ceylon-backend-ecosystem","timestamp":"2026-07-12 22:00:00"}
{"level":"info","message":"📧 Processing Email Queue","service":"purely-ceylon-backend-ecosystem","timestamp":"2026-07-12 22:00:00"}
{"level":"info","message":"📧 Processing Email Queue","service":"purely-ceylon-backend-ecosystem","timestamp":"2026-07-12 22:05:00"}
{"level":"info","message":"📧 Processing Email Queue","service":"purely-ceylon-backend-ecosystem","timestamp":"2026-07-12 22:10:00"}
{"level":"info","message":"📧 Processing Email Queue","service":"purely-ceylon-backend-ecosystem","timestamp":"2026-07-12 22:15:00"}
{"level":"info","message":"📧 Processing Email Queue","service":"purely-ceylon-backend-ecosystem","timestamp":"2026-07-12 22:20:00"}
{"level":"info","message":"✅ All Background Jobs Started Successfully","service":"purely-ceylon-backend-ecosystem","timestamp":"2026-07-12 22:21:30"}
{"level":"info","message":"Server running on 5000","service":"purely-ceylon-backend-ecosystem","timestamp":"2026-07-12 22:21:30"}
{"level":"info","message":"✅ All Background Jobs Started Successfully","service":"purely-ceylon-backend-ecosystem","timestamp":"2026-07-12 22:24:51"}
{"level":"info","message":"Server running on 5000","service":"purely-ceylon-backend-ecosystem","timestamp":"2026-07-12 22:24:51"}
{"level":"info","message":"📧 Processing Email Queue","service":"purely-ceylon-backend-ecosystem","timestamp":"2026-07-12 22:25:00"}
{"level":"info","message":"📧 Processing Email Queue","service":"purely-ceylon-backend-ecosystem","timestamp":"2026-07-12 22:30:00"}
{"level":"info","message":"📧 Processing Email Queue","service":"purely-ceylon-backend-ecosystem","timestamp":"2026-07-12 22:35:00"}
{"level":"info","message":"Gracefully shutting down...","service":"purely-ceylon-backend-ecosystem","timestamp":"2026-07-12 22:35:14"}
{"level":"info","message":"✅ All Background Jobs Started Successfully","service":"purely-ceylon-backend-ecosystem","timestamp":"2026-07-12 22:50:21"}
{"level":"info","message":"Server running on 5000","service":"purely-ceylon-backend-ecosystem","timestamp":"2026-07-12 22:50:23"}
{"level":"info","message":{"ip":"::1","method":"OPTIONS","url":"/api/v1/cart"},"service":"purely-ceylon-backend-ecosystem","timestamp":"2026-07-12 22:52:24"}
{"level":"info","message":{"ip":"::1","method":"OPTIONS","url":"/api/v1/cart"},"service":"purely-ceylon-backend-ecosystem","timestamp":"2026-07-12 22:52:24"}
{"level":"info","message":{"ip":"::1","method":"GET","url":"/api/v1/cart"},"service":"purely-ceylon-backend-ecosystem","timestamp":"2026-07-12 22:52:24"}
{"level":"info","message":{"ip":"::1","method":"GET","url":"/api/v1/cart"},"service":"purely-ceylon-backend-ecosystem","timestamp":"2026-07-12 22:52:24"}
{"level":"info","message":{"ip":"::1","method":"GET","url":"/api/v1/cart"},"service":"purely-ceylon-backend-ecosystem","timestamp":"2026-07-12 22:52:24"}
{"level":"info","message":{"ip":"::1","method":"GET","url":"/api/v1/cart"},"service":"purely-ceylon-backend-ecosystem","timestamp":"2026-07-12 22:52:24"}
{"level":"info","message":{"ip":"::1","method":"OPTIONS","url":"/api/v1/address"},"service":"purely-ceylon-backend-ecosystem","timestamp":"2026-07-12 22:52:26"}
{"level":"info","message":{"ip":"::1","method":"OPTIONS","url":"/api/v1/address"},"service":"purely-ceylon-backend-ecosystem","timestamp":"2026-07-12 22:52:26"}
{"level":"info","message":{"ip":"::1","method":"GET","url":"/api/v1/cart"},"service":"purely-ceylon-backend-ecosystem","timestamp":"2026-07-12 22:52:26"}
{"level":"info","message":{"ip":"::1","method":"GET","url":"/api/v1/address"},"service":"purely-ceylon-backend-ecosystem","timestamp":"2026-07-12 22:52:26"}
{"level":"info","message":{"ip":"::1","method":"GET","url":"/api/v1/cart"},"service":"purely-ceylon-backend-ecosystem","timestamp":"2026-07-12 22:52:26"}
{"level":"info","message":{"ip":"::1","method":"GET","url":"/api/v1/address"},"service":"purely-ceylon-backend-ecosystem","timestamp":"2026-07-12 22:52:26"}
{"level":"info","message":{"ip":"::1","method":"OPTIONS","url":"/api/v1/shipping/calculate"},"service":"purely-ceylon-backend-ecosystem","timestamp":"2026-07-12 22:52:27"}
{"level":"info","message":{"ip":"::1","method":"POST","url":"/api/v1/shipping/calculate"},"service":"purely-ceylon-backend-ecosystem","timestamp":"2026-07-12 22:52:27"}
{"level":"info","message":{"ip":"::1","method":"POST","url":"/api/v1/shipping/calculate"},"service":"purely-ceylon-backend-ecosystem","timestamp":"2026-07-12 22:52:27"}
{"level":"info","message":{"ip":"::1","method":"OPTIONS","url":"/api/v1/shipping/calculate"},"service":"purely-ceylon-backend-ecosystem","timestamp":"2026-07-12 22:52:51"}
{"level":"info","message":{"ip":"::1","method":"POST","url":"/api/v1/shipping/calculate"},"service":"purely-ceylon-backend-ecosystem","timestamp":"2026-07-12 22:52:51"}
{"level":"info","message":"📧 Processing Email Queue","service":"purely-ceylon-backend-ecosystem","timestamp":"2026-07-12 22:55:00"}
{"level":"info","message":"📄 Checking Expired RFQs","service":"purely-ceylon-backend-ecosystem","timestamp":"2026-07-12 23:00:00"}
{"level":"info","message":"📧 Processing Email Queue","service":"purely-ceylon-backend-ecosystem","timestamp":"2026-07-12 23:00:00"}
{"level":"info","message":"📧 Processing Email Queue","service":"purely-ceylon-backend-ecosystem","timestamp":"2026-07-12 23:05:00"}
{"level":"info","message":{"ip":"::1","method":"GET","url":"/api/v1/customer/dashboard"},"service":"purely-ceylon-backend-ecosystem","timestamp":"2026-07-12 23:05:58"}
{"level":"info","message":"Gracefully shutting down...","service":"purely-ceylon-backend-ecosystem","timestamp":"2026-07-12 23:06:28"}
{"level":"info","message":"✅ All Background Jobs Started Successfully","service":"purely-ceylon-backend-ecosystem","timestamp":"2026-07-12 23:06:56"}
{"level":"info","message":"Server running on 5000","service":"purely-ceylon-backend-ecosystem","timestamp":"2026-07-12 23:06:56"}
{"level":"info","message":{"ip":"::1","method":"GET","url":"/api/v1/customer/dashboard"},"service":"purely-ceylon-backend-ecosystem","timestamp":"2026-07-12 23:07:05"}
{"level":"info","message":{"ip":"::1","method":"GET","url":"/api/v1/admin/revenue-pdf"},"service":"purely-ceylon-backend-ecosystem","timestamp":"2026-07-12 23:07:49"}
{"level":"info","message":{"ip":"::1","method":"GET","url":"/api/v1/customer/dashboard"},"service":"purely-ceylon-backend-ecosystem","timestamp":"2026-07-12 23:08:00"}
{"level":"info","message":{"ip":"::1","method":"OPTIONS","url":"/api/v1/cart"},"service":"purely-ceylon-backend-ecosystem","timestamp":"2026-07-12 23:08:16"}
{"level":"info","message":{"ip":"::1","method":"OPTIONS","url":"/api/v1/wishlist"},"service":"purely-ceylon-backend-ecosystem","timestamp":"2026-07-12 23:08:17"}
{"level":"info","message":{"ip":"::1","method":"OPTIONS","url":"/api/v1/cart"},"service":"purely-ceylon-backend-ecosystem","timestamp":"2026-07-12 23:08:18"}
{"level":"info","message":{"ip":"::1","method":"OPTIONS","url":"/api/v1/address"},"service":"purely-ceylon-backend-ecosystem","timestamp":"2026-07-12 23:08:18"}
{"level":"info","message":{"ip":"::1","method":"OPTIONS","url":"/api/v1/address"},"service":"purely-ceylon-backend-ecosystem","timestamp":"2026-07-12 23:08:19"}
{"level":"info","message":{"ip":"::1","method":"OPTIONS","url":"/api/v1/wishlist"},"service":"purely-ceylon-backend-ecosystem","timestamp":"2026-07-12 23:08:19"}
{"level":"info","message":{"ip":"::1","method":"OPTIONS","url":"/api/v1/cart"},"service":"purely-ceylon-backend-ecosystem","timestamp":"2026-07-12 23:08:20"}
{"level":"info","message":{"ip":"::1","method":"OPTIONS","url":"/api/v1/wishlist"},"service":"purely-ceylon-backend-ecosystem","timestamp":"2026-07-12 23:08:20"}
{"level":"info","message":{"ip":"::1","method":"OPTIONS","url":"/api/v1/cart"},"service":"purely-ceylon-backend-ecosystem","timestamp":"2026-07-12 23:08:20"}
{"level":"info","message":{"ip":"::1","method":"OPTIONS","url":"/api/v1/address"},"service":"purely-ceylon-backend-ecosystem","timestamp":"2026-07-12 23:08:20"}
{"level":"info","message":{"ip":"::1","method":"OPTIONS","url":"/api/v1/address"},"service":"purely-ceylon-backend-ecosystem","timestamp":"2026-07-12 23:08:20"}
{"level":"info","message":{"ip":"::1","method":"OPTIONS","url":"/api/v1/wishlist"},"service":"purely-ceylon-backend-ecosystem","timestamp":"2026-07-12 23:08:20"}
{"level":"info","message":{"ip":"::1","method":"OPTIONS","url":"/api/v1/cart"},"service":"purely-ceylon-backend-ecosystem","timestamp":"2026-07-12 23:08:20"}
{"level":"info","message":{"ip":"::1","method":"OPTIONS","url":"/api/v1/cart"},"service":"purely-ceylon-backend-ecosystem","timestamp":"2026-07-12 23:08:20"}
{"level":"info","message":{"ip":"::1","method":"GET","url":"/api/v1/cart"},"service":"purely-ceylon-backend-ecosystem","timestamp":"2026-07-12 23:08:21"}
{"level":"info","message":{"ip":"::1","method":"GET","url":"/api/v1/wishlist"},"service":"purely-ceylon-backend-ecosystem","timestamp":"2026-07-12 23:08:22"}
{"level":"info","message":{"ip":"::1","method":"GET","url":"/api/v1/address"},"service":"purely-ceylon-backend-ecosystem","timestamp":"2026-07-12 23:08:23"}
{"level":"info","message":{"ip":"::1","method":"GET","url":"/api/v1/wishlist"},"service":"purely-ceylon-backend-ecosystem","timestamp":"2026-07-12 23:08:28"}
{"level":"info","message":{"ip":"::1","method":"GET","url":"/api/v1/cart"},"service":"purely-ceylon-backend-ecosystem","timestamp":"2026-07-12 23:08:30"}
{"level":"info","message":{"ip":"::1","method":"GET","url":"/api/v1/wishlist"},"service":"purely-ceylon-backend-ecosystem","timestamp":"2026-07-12 23:08:33"}
{"level":"info","message":{"ip":"::1","method":"GET","url":"/api/v1/address"},"service":"purely-ceylon-backend-ecosystem","timestamp":"2026-07-12 23:08:34"}
{"level":"info","message":{"ip":"::1","method":"GET","url":"/api/v1/wishlist"},"service":"purely-ceylon-backend-ecosystem","timestamp":"2026-07-12 23:08:34"}
{"level":"info","message":{"ip":"::1","method":"GET","url":"/api/v1/address"},"service":"purely-ceylon-backend-ecosystem","timestamp":"2026-07-12 23:08:34"}
{"level":"info","message":{"ip":"::1","method":"GET","url":"/api/v1/cart"},"service":"purely-ceylon-backend-ecosystem","timestamp":"2026-07-12 23:08:34"}
{"level":"info","message":{"ip":"::1","method":"GET","url":"/api/v1/address"},"service":"purely-ceylon-backend-ecosystem","timestamp":"2026-07-12 23:08:35"}
{"level":"info","message":{"ip":"::1","method":"GET","url":"/api/v1/cart"},"service":"purely-ceylon-backend-ecosystem","timestamp":"2026-07-12 23:08:35"}
{"level":"info","message":{"ip":"::1","method":"GET","url":"/api/v1/cart"},"service":"purely-ceylon-backend-ecosystem","timestamp":"2026-07-12 23:08:36"}
{"level":"info","message":{"ip":"::1","method":"GET","url":"/api/v1/cart"},"service":"purely-ceylon-backend-ecosystem","timestamp":"2026-07-12 23:08:37"}
{"level":"info","message":"📧 Processing Email Queue","service":"purely-ceylon-backend-ecosystem","timestamp":"2026-07-12 23:10:00"}
{"level":"info","message":"✅ All Background Jobs Started Successfully","service":"purely-ceylon-backend-ecosystem","timestamp":"2026-07-12 23:11:31"}
{"level":"info","message":"Server running on 5000","service":"purely-ceylon-backend-ecosystem","timestamp":"2026-07-12 23:11:31"}
{"level":"info","message":{"ip":"::1","method":"GET","url":"/api/v1/customer/dashboard"},"service":"purely-ceylon-backend-ecosystem","timestamp":"2026-07-12 23:11:58"}
{"level":"info","message":{"ip":"::1","method":"GET","url":"/api/v1/customer/dashboard"},"service":"purely-ceylon-backend-ecosystem","timestamp":"2026-07-12 23:12:12"}
{"level":"info","message":{"ip":"::1","method":"GET","url":"/api/v1/customer/dashboard/dashboard"},"service":"purely-ceylon-backend-ecosystem","timestamp":"2026-07-12 23:12:31"}
{"level":"info","message":{"ip":"::1","method":"GET","url":"/api/v1/customer/dashboard/dashboard"},"service":"purely-ceylon-backend-ecosystem","timestamp":"2026-07-12 23:12:45"}
{"level":"info","message":"📧 Processing Email Queue","service":"purely-ceylon-backend-ecosystem","timestamp":"2026-07-12 23:15:00"}
{"level":"info","message":{"ip":"::1","method":"GET","url":"/api/v1/customer/dashboard"},"service":"purely-ceylon-backend-ecosystem","timestamp":"2026-07-12 23:15:01"}
{"level":"info","message":{"ip":"::1","method":"GET","url":"/api/v1/customer/dashboard"},"service":"purely-ceylon-backend-ecosystem","timestamp":"2026-07-12 23:15:09"}
{"level":"info","message":{"ip":"::1","method":"POST","url":"/api/v1/customer/dashboard"},"service":"purely-ceylon-backend-ecosystem","timestamp":"2026-07-12 23:15:15"}
{"level":"info","message":{"ip":"::1","method":"POST","url":"/api/v1/customer/dashboard/"},"service":"purely-ceylon-backend-ecosystem","timestamp":"2026-07-12 23:17:26"}
{"level":"info","message":{"ip":"::1","method":"GET","url":"/api/v1/customer/dashboard/"},"service":"purely-ceylon-backend-ecosystem","timestamp":"2026-07-12 23:17:31"}
{"level":"info","message":"✅ All Background Jobs Started Successfully","service":"purely-ceylon-backend-ecosystem","timestamp":"2026-07-12 23:18:07"}
{"level":"info","message":"Server running on 5000","service":"purely-ceylon-backend-ecosystem","timestamp":"2026-07-12 23:18:07"}
{"level":"info","message":{"ip":"::1","method":"GET","url":"/api/v1/customer"},"service":"purely-ceylon-backend-ecosystem","timestamp":"2026-07-12 23:18:21"}
{"level":"info","message":{"ip":"::1","method":"GET","url":"/api/v1/customer/dashboard"},"service":"purely-ceylon-backend-ecosystem","timestamp":"2026-07-12 23:18:29"}
{"level":"info","message":{"ip":"::1","method":"GET","url":"/api/v1/customer/"},"service":"purely-ceylon-backend-ecosystem","timestamp":"2026-07-12 23:18:33"}
{"level":"info","message":"✅ All Background Jobs Started Successfully","service":"purely-ceylon-backend-ecosystem","timestamp":"2026-07-12 23:18:55"}
{"level":"info","message":"Server running on 5000","service":"purely-ceylon-backend-ecosystem","timestamp":"2026-07-12 23:18:55"}
{"level":"info","message":"📧 Processing Email Queue","service":"purely-ceylon-backend-ecosystem","timestamp":"2026-07-12 23:20:00"}
{"level":"info","message":"✅ All Background Jobs Started Successfully","service":"purely-ceylon-backend-ecosystem","timestamp":"2026-07-12 23:20:27"}
{"level":"info","message":"Server running on 5000","service":"purely-ceylon-backend-ecosystem","timestamp":"2026-07-12 23:20:27"}
{"level":"info","message":{"ip":"::1","method":"GET","url":"/api/v1/customer/dashboard"},"service":"purely-ceylon-backend-ecosystem","timestamp":"2026-07-12 23:20:31"}
{"level":"info","message":{"ip":"::1","method":"OPTIONS","url":"/api/v1/orders/admin/dashboard"},"service":"purely-ceylon-backend-ecosystem","timestamp":"2026-07-12 23:21:04"}
{"level":"info","message":{"ip":"::1","method":"OPTIONS","url":"/api/v1/address"},"service":"purely-ceylon-backend-ecosystem","timestamp":"2026-07-12 23:21:04"}
{"level":"info","message":{"ip":"::1","method":"OPTIONS","url":"/api/v1/wishlist"},"service":"purely-ceylon-backend-ecosystem","timestamp":"2026-07-12 23:21:05"}
{"level":"info","message":{"ip":"::1","method":"OPTIONS","url":"/api/v1/cart"},"service":"purely-ceylon-backend-ecosystem","timestamp":"2026-07-12 23:21:05"}
{"level":"info","message":{"ip":"::1","method":"OPTIONS","url":"/api/v1/orders/admin/dashboard"},"service":"purely-ceylon-backend-ecosystem","timestamp":"2026-07-12 23:21:05"}
{"level":"info","message":{"ip":"::1","method":"OPTIONS","url":"/api/v1/admin/monthly-sales"},"service":"purely-ceylon-backend-ecosystem","timestamp":"2026-07-12 23:21:05"}
{"level":"info","message":{"ip":"::1","method":"OPTIONS","url":"/api/v1/admin/monthly-sales"},"service":"purely-ceylon-backend-ecosystem","timestamp":"2026-07-12 23:21:05"}
{"level":"info","message":{"ip":"::1","method":"OPTIONS","url":"/api/v1/admin/top-products"},"service":"purely-ceylon-backend-ecosystem","timestamp":"2026-07-12 23:21:05"}
{"level":"info","message":{"ip":"::1","method":"GET","url":"/api/v1/admin/monthly-sales"},"service":"purely-ceylon-backend-ecosystem","timestamp":"2026-07-12 23:21:05"}
{"level":"info","message":{"ip":"::1","method":"OPTIONS","url":"/api/v1/wishlist"},"service":"purely-ceylon-backend-ecosystem","timestamp":"2026-07-12 23:21:05"}
{"level":"info","message":{"ip":"::1","method":"OPTIONS","url":"/api/v1/cart"},"service":"purely-ceylon-backend-ecosystem","timestamp":"2026-07-12 23:21:05"}
{"level":"info","message":{"ip":"::1","method":"OPTIONS","url":"/api/v1/admin/top-products"},"service":"purely-ceylon-backend-ecosystem","timestamp":"2026-07-12 23:21:05"}
{"level":"info","message":{"ip":"::1","method":"GET","url":"/api/v1/admin/top-products"},"service":"purely-ceylon-backend-ecosystem","timestamp":"2026-07-12 23:21:05"}
{"level":"info","message":{"ip":"::1","method":"OPTIONS","url":"/api/v1/address"},"service":"purely-ceylon-backend-ecosystem","timestamp":"2026-07-12 23:21:05"}
{"level":"info","message":{"ip":"::1","method":"GET","url":"/api/v1/admin/top-products"},"service":"purely-ceylon-backend-ecosystem","timestamp":"2026-07-12 23:21:05"}
{"level":"info","message":{"ip":"::1","method":"GET","url":"/api/v1/admin/monthly-sales"},"service":"purely-ceylon-backend-ecosystem","timestamp":"2026-07-12 23:21:05"}
{"level":"info","message":{"ip":"::1","method":"GET","url":"/api/v1/admin/top-analytics"},"service":"purely-ceylon-backend-ecosystem","timestamp":"2026-07-12 23:21:05"}
{"level":"info","message":{"ip":"::1","method":"GET","url":"/api/v1/admin/top-analytics"},"service":"purely-ceylon-backend-ecosystem","timestamp":"2026-07-12 23:21:06"}
{"level":"info","message":{"ip":"::1","method":"OPTIONS","url":"/api/v1/auth/login"},"service":"purely-ceylon-backend-ecosystem","timestamp":"2026-07-12 23:21:27"}
{"level":"info","message":{"ip":"::1","method":"POST","url":"/api/v1/auth/login"},"service":"purely-ceylon-backend-ecosystem","timestamp":"2026-07-12 23:21:28"}
{"level":"warn","message":{"email":"musabmohammed678@gmail.com","event":"LOGIN_FAILED"},"service":"purely-ceylon-backend-ecosystem","timestamp":"2026-07-12 23:21:30"}
{"level":"info","message":{"ip":"::1","method":"OPTIONS","url":"/api/v1/auth/login"},"service":"purely-ceylon-backend-ecosystem","timestamp":"2026-07-12 23:21:42"}
{"level":"info","message":{"ip":"::1","method":"POST","url":"/api/v1/auth/login"},"service":"purely-ceylon-backend-ecosystem","timestamp":"2026-07-12 23:21:42"}
{"level":"info","message":{"email":"musabmohammed678@gmail.com","event":"LOGIN_SUCCESS"},"service":"purely-ceylon-backend-ecosystem","timestamp":"2026-07-12 23:21:42"}
{"level":"info","message":{"ip":"::1","method":"OPTIONS","url":"/api/v1/cart"},"service":"purely-ceylon-backend-ecosystem","timestamp":"2026-07-12 23:21:45"}
{"level":"info","message":{"ip":"::1","method":"OPTIONS","url":"/api/v1/wishlist"},"service":"purely-ceylon-backend-ecosystem","timestamp":"2026-07-12 23:21:45"}
{"level":"info","message":{"ip":"::1","method":"OPTIONS","url":"/api/v1/categories"},"service":"purely-ceylon-backend-ecosystem","timestamp":"2026-07-12 23:21:45"}
{"level":"info","message":{"ip":"::1","method":"OPTIONS","url":"/api/v1/products"},"service":"purely-ceylon-backend-ecosystem","timestamp":"2026-07-12 23:21:45"}
{"level":"info","message":{"ip":"::1","method":"OPTIONS","url":"/api/v1/categories"},"service":"purely-ceylon-backend-ecosystem","timestamp":"2026-07-12 23:21:45"}
{"level":"info","message":{"ip":"::1","method":"OPTIONS","url":"/api/v1/products"},"service":"purely-ceylon-backend-ecosystem","timestamp":"2026-07-12 23:21:45"}
{"level":"info","message":{"ip":"::1","method":"GET","url":"/api/v1/cart"},"service":"purely-ceylon-backend-ecosystem","timestamp":"2026-07-12 23:21:45"}
{"level":"info","message":{"ip":"::1","method":"GET","url":"/api/v1/wishlist"},"service":"purely-ceylon-backend-ecosystem","timestamp":"2026-07-12 23:21:46"}
{"level":"info","message":{"ip":"::1","method":"GET","url":"/api/v1/categories"},"service":"purely-ceylon-backend-ecosystem","timestamp":"2026-07-12 23:21:46"}
{"level":"info","message":{"ip":"::1","method":"GET","url":"/api/v1/products"},"service":"purely-ceylon-backend-ecosystem","timestamp":"2026-07-12 23:21:46"}
{"level":"info","message":{"ip":"::1","method":"GET","url":"/api/v1/categories"},"service":"purely-ceylon-backend-ecosystem","timestamp":"2026-07-12 23:21:47"}
{"level":"info","message":{"ip":"::1","method":"GET","url":"/api/v1/products"},"service":"purely-ceylon-backend-ecosystem","timestamp":"2026-07-12 23:21:48"}
{"level":"info","message":{"ip":"::1","method":"GET","url":"/api/v1/customer/dashboard"},"service":"purely-ceylon-backend-ecosystem","timestamp":"2026-07-12 23:22:03"}
{"level":"info","message":"Gracefully shutting down...","service":"purely-ceylon-backend-ecosystem","timestamp":"2026-07-12 23:24:20"}
