{"level":"info","message":"✅ Email credentials loaded successfully.","service":"purely-ceylon-backend-ecosystem","timestamp":"2026-07-19 05:34:24"}
{"level":"info","message":"🚀 Server running on port 5000","service":"purely-ceylon-backend-ecosystem","timestamp":"2026-07-19 05:34:25"}
{"level":"info","message":"✅ All Background Jobs Started Successfully","service":"purely-ceylon-backend-ecosystem","timestamp":"2026-07-19 05:34:25"}
{"level":"info","message":"⚙️ Background Jobs Started","service":"purely-ceylon-backend-ecosystem","timestamp":"2026-07-19 05:34:25"}
{"level":"info","message":"📧 Processing Email Queue","service":"purely-ceylon-backend-ecosystem","timestamp":"2026-07-19 05:35:00"}
{"level":"info","message":{"ip":"::1","method":"OPTIONS","url":"/api/v1/address"},"service":"purely-ceylon-backend-ecosystem","timestamp":"2026-07-19 05:35:54"}
{"level":"info","message":{"ip":"::1","method":"GET","url":"/api/v1/address"},"service":"purely-ceylon-backend-ecosystem","timestamp":"2026-07-19 05:35:54"}
{"level":"info","message":{"ip":"::1","method":"OPTIONS","url":"/api/v1/wishlist"},"service":"purely-ceylon-backend-ecosystem","timestamp":"2026-07-19 05:35:56"}
{"level":"info","message":{"ip":"::1","method":"OPTIONS","url":"/api/v1/cart"},"service":"purely-ceylon-backend-ecosystem","timestamp":"2026-07-19 05:35:56"}
{"level":"info","message":{"ip":"::1","method":"GET","url":"/api/v1/wishlist"},"service":"purely-ceylon-backend-ecosystem","timestamp":"2026-07-19 05:35:56"}
{"level":"info","message":{"ip":"::1","method":"GET","url":"/api/v1/cart"},"service":"purely-ceylon-backend-ecosystem","timestamp":"2026-07-19 05:35:56"}
{"level":"info","message":{"ip":"::1","method":"GET","url":"/api/v1/address"},"service":"purely-ceylon-backend-ecosystem","timestamp":"2026-07-19 05:35:58"}
{"level":"info","message":{"ip":"::1","method":"GET","url":"/api/v1/wishlist"},"service":"purely-ceylon-backend-ecosystem","timestamp":"2026-07-19 05:35:59"}
{"level":"info","message":{"ip":"::1","method":"GET","url":"/api/v1/cart"},"service":"purely-ceylon-backend-ecosystem","timestamp":"2026-07-19 05:35:59"}
{"level":"info","message":{"ip":"::1","method":"OPTIONS","url":"/api/v1/products?page=1&limit=10"},"service":"purely-ceylon-backend-ecosystem","timestamp":"2026-07-19 05:36:02"}
{"level":"info","message":{"ip":"::1","method":"OPTIONS","url":"/api/v1/categories"},"service":"purely-ceylon-backend-ecosystem","timestamp":"2026-07-19 05:36:02"}
{"level":"info","message":{"ip":"::1","method":"GET","url":"/api/v1/products?page=1&limit=10"},"service":"purely-ceylon-backend-ecosystem","timestamp":"2026-07-19 05:36:02"}
{"level":"info","message":{"ip":"::1","method":"GET","url":"/api/v1/categories"},"service":"purely-ceylon-backend-ecosystem","timestamp":"2026-07-19 05:36:02"}
{"level":"info","message":{"ip":"::1","method":"GET","url":"/api/v1/products?page=1&limit=10"},"service":"purely-ceylon-backend-ecosystem","timestamp":"2026-07-19 05:36:03"}
{"level":"info","message":{"ip":"::1","method":"GET","url":"/api/v1/categories"},"service":"purely-ceylon-backend-ecosystem","timestamp":"2026-07-19 05:36:03"}
{"level":"info","message":{"ip":"::1","method":"OPTIONS","url":"/api/v1/address"},"service":"purely-ceylon-backend-ecosystem","timestamp":"2026-07-19 05:37:12"}
{"level":"info","message":{"ip":"::1","method":"OPTIONS","url":"/api/v1/wishlist"},"service":"purely-ceylon-backend-ecosystem","timestamp":"2026-07-19 05:37:12"}
{"level":"info","message":{"ip":"::1","method":"OPTIONS","url":"/api/v1/cart"},"service":"purely-ceylon-backend-ecosystem","timestamp":"2026-07-19 05:37:12"}
{"level":"info","message":{"ip":"::1","method":"OPTIONS","url":"/api/v1/address"},"service":"purely-ceylon-backend-ecosystem","timestamp":"2026-07-19 05:37:12"}
{"level":"info","message":{"ip":"::1","method":"OPTIONS","url":"/api/v1/wishlist"},"service":"purely-ceylon-backend-ecosystem","timestamp":"2026-07-19 05:37:12"}
{"level":"info","message":{"ip":"::1","method":"OPTIONS","url":"/api/v1/cart"},"service":"purely-ceylon-backend-ecosystem","timestamp":"2026-07-19 05:37:12"}
{"level":"info","message":{"ip":"::1","method":"OPTIONS","url":"/api/v1/product-images/494c6ca0-e285-49f0-8044-6cd331824ecd"},"service":"purely-ceylon-backend-ecosystem","timestamp":"2026-07-19 05:37:12"}
{"level":"info","message":{"ip":"::1","method":"OPTIONS","url":"/api/v1/product-images/494c6ca0-e285-49f0-8044-6cd331824ecd"},"service":"purely-ceylon-backend-ecosystem","timestamp":"2026-07-19 05:37:12"}
{"level":"info","message":{"ip":"::1","method":"GET","url":"/api/v1/address"},"service":"purely-ceylon-backend-ecosystem","timestamp":"2026-07-19 05:37:12"}
{"level":"info","message":{"ip":"::1","method":"GET","url":"/api/v1/wishlist"},"service":"purely-ceylon-backend-ecosystem","timestamp":"2026-07-19 05:37:12"}
{"level":"info","message":{"ip":"::1","method":"GET","url":"/api/v1/cart"},"service":"purely-ceylon-backend-ecosystem","timestamp":"2026-07-19 05:37:14"}
{"level":"info","message":{"ip":"::1","method":"GET","url":"/api/v1/product-images/494c6ca0-e285-49f0-8044-6cd331824ecd"},"service":"purely-ceylon-backend-ecosystem","timestamp":"2026-07-19 05:37:15"}
{"level":"info","message":{"ip":"::1","method":"OPTIONS","url":"/api/v1/profile/me"},"service":"purely-ceylon-backend-ecosystem","timestamp":"2026-07-19 05:37:16"}
{"level":"info","message":{"ip":"::1","method":"OPTIONS","url":"/api/v1/profile/me"},"service":"purely-ceylon-backend-ecosystem","timestamp":"2026-07-19 05:37:16"}
{"level":"info","message":{"ip":"::1","method":"GET","url":"/api/v1/address"},"service":"purely-ceylon-backend-ecosystem","timestamp":"2026-07-19 05:37:16"}
{"level":"info","message":{"ip":"::1","method":"GET","url":"/api/v1/profile/me"},"service":"purely-ceylon-backend-ecosystem","timestamp":"2026-07-19 05:37:17"}
{"level":"info","message":{"ip":"::1","method":"GET","url":"/api/v1/wishlist"},"service":"purely-ceylon-backend-ecosystem","timestamp":"2026-07-19 05:37:18"}
{"level":"info","message":{"ip":"::1","method":"GET","url":"/api/v1/cart"},"service":"purely-ceylon-backend-ecosystem","timestamp":"2026-07-19 05:37:19"}
{"level":"info","message":{"ip":"::1","method":"GET","url":"/api/v1/wishlist"},"service":"purely-ceylon-backend-ecosystem","timestamp":"2026-07-19 05:37:19"}
{"level":"info","message":{"ip":"::1","method":"GET","url":"/api/v1/product-images/494c6ca0-e285-49f0-8044-6cd331824ecd"},"service":"purely-ceylon-backend-ecosystem","timestamp":"2026-07-19 05:37:20"}
{"level":"info","message":{"ip":"::1","method":"GET","url":"/api/v1/profile/me"},"service":"purely-ceylon-backend-ecosystem","timestamp":"2026-07-19 05:37:20"}
{"level":"info","message":{"ip":"::1","method":"GET","url":"/api/v1/wishlist"},"service":"purely-ceylon-backend-ecosystem","timestamp":"2026-07-19 05:37:20"}
{"level":"info","message":{"ip":"::1","method":"GET","url":"/api/v1/cart"},"service":"purely-ceylon-backend-ecosystem","timestamp":"2026-07-19 05:37:21"}
{"level":"info","message":{"ip":"::1","method":"GET","url":"/api/v1/cart"},"service":"purely-ceylon-backend-ecosystem","timestamp":"2026-07-19 05:37:21"}
{"level":"info","message":{"ip":"::1","method":"OPTIONS","url":"/api/v1/auth/login"},"service":"purely-ceylon-backend-ecosystem","timestamp":"2026-07-19 05:37:26"}
{"level":"info","message":{"ip":"::1","method":"POST","url":"/api/v1/auth/login"},"service":"purely-ceylon-backend-ecosystem","timestamp":"2026-07-19 05:37:26"}
{"level":"info","message":{"email":"musabhafiz995@gmail.com","event":"LOGIN_SUCCESS"},"service":"purely-ceylon-backend-ecosystem","timestamp":"2026-07-19 05:37:30"}
{"level":"info","message":{"ip":"::1","method":"OPTIONS","url":"/api/v1/profile/me"},"service":"purely-ceylon-backend-ecosystem","timestamp":"2026-07-19 05:37:32"}
{"level":"info","message":{"ip":"::1","method":"OPTIONS","url":"/api/v1/cart"},"service":"purely-ceylon-backend-ecosystem","timestamp":"2026-07-19 05:37:32"}
{"level":"info","message":{"ip":"::1","method":"OPTIONS","url":"/api/v1/wishlist"},"service":"purely-ceylon-backend-ecosystem","timestamp":"2026-07-19 05:37:32"}
{"level":"info","message":{"ip":"::1","method":"OPTIONS","url":"/api/v1/orders/admin/dashboard"},"service":"purely-ceylon-backend-ecosystem","timestamp":"2026-07-19 05:37:32"}
{"level":"info","message":{"ip":"::1","method":"GET","url":"/uploads/profile/1784133483861-225368108.png"},"service":"purely-ceylon-backend-ecosystem","timestamp":"2026-07-19 05:37:32"}
{"level":"info","message":{"ip":"::1","method":"GET","url":"/api/v1/profile/me"},"service":"purely-ceylon-backend-ecosystem","timestamp":"2026-07-19 05:37:32"}
{"level":"info","message":{"ip":"::1","method":"OPTIONS","url":"/api/v1/orders/admin/dashboard"},"service":"purely-ceylon-backend-ecosystem","timestamp":"2026-07-19 05:37:32"}
{"level":"info","message":{"ip":"::1","method":"GET","url":"/api/v1/cart"},"service":"purely-ceylon-backend-ecosystem","timestamp":"2026-07-19 05:37:32"}
{"level":"info","message":{"ip":"::1","method":"GET","url":"/api/v1/wishlist"},"service":"purely-ceylon-backend-ecosystem","timestamp":"2026-07-19 05:37:32"}
{"level":"info","message":{"ip":"::1","method":"GET","url":"/api/v1/orders/admin/dashboard"},"service":"purely-ceylon-backend-ecosystem","timestamp":"2026-07-19 05:37:32"}
{"level":"info","message":{"ip":"::1","method":"GET","url":"/api/v1/orders/admin/dashboard"},"service":"purely-ceylon-backend-ecosystem","timestamp":"2026-07-19 05:37:34"}
{"level":"info","message":{"ip":"::1","method":"OPTIONS","url":"/api/v1/admin/monthly-sales"},"service":"purely-ceylon-backend-ecosystem","timestamp":"2026-07-19 05:37:34"}
{"level":"info","message":{"ip":"::1","method":"OPTIONS","url":"/api/v1/admin/top-products"},"service":"purely-ceylon-backend-ecosystem","timestamp":"2026-07-19 05:37:34"}
{"level":"info","message":{"ip":"::1","method":"GET","url":"/api/v1/admin/top-products"},"service":"purely-ceylon-backend-ecosystem","timestamp":"2026-07-19 05:37:34"}
{"level":"info","message":{"ip":"::1","method":"GET","url":"/api/v1/admin/monthly-sales"},"service":"purely-ceylon-backend-ecosystem","timestamp":"2026-07-19 05:37:34"}
{"level":"info","message":{"ip":"::1","method":"GET","url":"/api/v1/admin/top-products"},"service":"purely-ceylon-backend-ecosystem","timestamp":"2026-07-19 05:37:34"}
{"level":"info","message":{"ip":"::1","method":"GET","url":"/api/v1/admin/monthly-sales"},"service":"purely-ceylon-backend-ecosystem","timestamp":"2026-07-19 05:37:34"}
{"level":"info","message":{"ip":"::1","method":"GET","url":"/api/v1/admin/top-analytics"},"service":"purely-ceylon-backend-ecosystem","timestamp":"2026-07-19 05:37:34"}
{"level":"info","message":{"ip":"::1","method":"GET","url":"/api/v1/admin/top-analytics"},"service":"purely-ceylon-backend-ecosystem","timestamp":"2026-07-19 05:37:34"}
{"level":"info","message":{"ip":"::1","method":"OPTIONS","url":"/api/v1/products?page=1&limit=10"},"service":"purely-ceylon-backend-ecosystem","timestamp":"2026-07-19 05:37:36"}
{"level":"info","message":{"ip":"::1","method":"OPTIONS","url":"/api/v1/categories"},"service":"purely-ceylon-backend-ecosystem","timestamp":"2026-07-19 05:37:36"}
{"level":"info","message":{"ip":"::1","method":"OPTIONS","url":"/api/v1/products?page=1&limit=10"},"service":"purely-ceylon-backend-ecosystem","timestamp":"2026-07-19 05:37:36"}
{"level":"info","message":{"ip":"::1","method":"OPTIONS","url":"/api/v1/categories"},"service":"purely-ceylon-backend-ecosystem","timestamp":"2026-07-19 05:37:36"}
{"level":"info","message":{"ip":"::1","method":"GET","url":"/api/v1/products?page=1&limit=10"},"service":"purely-ceylon-backend-ecosystem","timestamp":"2026-07-19 05:37:36"}
{"level":"info","message":{"ip":"::1","method":"GET","url":"/api/v1/categories"},"service":"purely-ceylon-backend-ecosystem","timestamp":"2026-07-19 05:37:36"}
{"level":"info","message":{"ip":"::1","method":"GET","url":"/api/v1/categories"},"service":"purely-ceylon-backend-ecosystem","timestamp":"2026-07-19 05:37:36"}
{"level":"info","message":{"ip":"::1","method":"GET","url":"/api/v1/products?page=1&limit=10"},"service":"purely-ceylon-backend-ecosystem","timestamp":"2026-07-19 05:37:36"}
{"level":"info","message":{"ip":"::1","method":"OPTIONS","url":"/api/v1/product-images/e942e8c2-2676-4836-b2e2-5bb4f42bf606"},"service":"purely-ceylon-backend-ecosystem","timestamp":"2026-07-19 05:37:46"}
{"level":"info","message":{"ip":"::1","method":"OPTIONS","url":"/api/v1/product-images/e942e8c2-2676-4836-b2e2-5bb4f42bf606"},"service":"purely-ceylon-backend-ecosystem","timestamp":"2026-07-19 05:37:46"}
{"level":"info","message":{"ip":"::1","method":"GET","url":"/api/v1/product-images/e942e8c2-2676-4836-b2e2-5bb4f42bf606"},"service":"purely-ceylon-backend-ecosystem","timestamp":"2026-07-19 05:37:47"}
{"level":"info","message":{"ip":"::1","method":"GET","url":"/api/v1/product-images/e942e8c2-2676-4836-b2e2-5bb4f42bf606"},"service":"purely-ceylon-backend-ecosystem","timestamp":"2026-07-19 05:37:47"}
{"level":"info","message":{"ip":"::1","method":"OPTIONS","url":"/api/v1/wishlist"},"service":"purely-ceylon-backend-ecosystem","timestamp":"2026-07-19 05:38:27"}
{"level":"info","message":{"ip":"::ffff:127.0.0.1","method":"OPTIONS","url":"/api/v1/address"},"service":"purely-ceylon-backend-ecosystem","timestamp":"2026-07-19 05:38:28"}
{"level":"info","message":{"ip":"::1","method":"OPTIONS","url":"/api/v1/cart"},"service":"purely-ceylon-backend-ecosystem","timestamp":"2026-07-19 05:38:28"}
{"level":"info","message":{"ip":"::1","method":"OPTIONS","url":"/api/v1/address"},"service":"purely-ceylon-backend-ecosystem","timestamp":"2026-07-19 05:38:29"}
{"level":"info","message":{"ip":"::1","method":"OPTIONS","url":"/api/v1/wishlist"},"service":"purely-ceylon-backend-ecosystem","timestamp":"2026-07-19 05:38:29"}
{"level":"info","message":{"ip":"::1","method":"OPTIONS","url":"/api/v1/cart"},"service":"purely-ceylon-backend-ecosystem","timestamp":"2026-07-19 05:38:29"}
{"level":"info","message":{"ip":"::1","method":"OPTIONS","url":"/api/v1/products?page=1&limit=10"},"service":"purely-ceylon-backend-ecosystem","timestamp":"2026-07-19 05:38:29"}
{"level":"info","message":{"ip":"::1","method":"OPTIONS","url":"/api/v1/products?page=1&limit=10"},"service":"purely-ceylon-backend-ecosystem","timestamp":"2026-07-19 05:38:29"}
{"level":"info","message":{"ip":"::ffff:127.0.0.1","method":"OPTIONS","url":"/api/v1/categories"},"service":"purely-ceylon-backend-ecosystem","timestamp":"2026-07-19 05:38:29"}
{"level":"info","message":{"ip":"::1","method":"OPTIONS","url":"/api/v1/categories"},"service":"purely-ceylon-backend-ecosystem","timestamp":"2026-07-19 05:38:30"}
{"level":"info","message":{"ip":"::1","method":"OPTIONS","url":"/api/v1/profile/me"},"service":"purely-ceylon-backend-ecosystem","timestamp":"2026-07-19 05:38:30"}
{"level":"info","message":{"ip":"::1","method":"OPTIONS","url":"/api/v1/profile/me"},"service":"purely-ceylon-backend-ecosystem","timestamp":"2026-07-19 05:38:30"}
{"level":"info","message":{"ip":"::1","method":"OPTIONS","url":"/api/v1/orders/my-orders"},"service":"purely-ceylon-backend-ecosystem","timestamp":"2026-07-19 05:38:30"}
{"level":"info","message":{"ip":"::1","method":"OPTIONS","url":"/api/v1/orders/my-orders"},"service":"purely-ceylon-backend-ecosystem","timestamp":"2026-07-19 05:38:30"}
{"level":"info","message":{"ip":"::1","method":"GET","url":"/api/v1/profile/me"},"service":"purely-ceylon-backend-ecosystem","timestamp":"2026-07-19 05:38:30"}
{"level":"info","message":{"ip":"::1","method":"GET","url":"/api/v1/cart"},"service":"purely-ceylon-backend-ecosystem","timestamp":"2026-07-19 05:38:32"}
{"level":"info","message":{"ip":"::1","method":"GET","url":"/api/v1/wishlist"},"service":"purely-ceylon-backend-ecosystem","timestamp":"2026-07-19 05:38:32"}
{"level":"info","message":{"ip":"::1","method":"GET","url":"/api/v1/address"},"service":"purely-ceylon-backend-ecosystem","timestamp":"2026-07-19 05:38:33"}
{"level":"info","message":{"ip":"::1","method":"GET","url":"/api/v1/orders/my-orders"},"service":"purely-ceylon-backend-ecosystem","timestamp":"2026-07-19 05:38:33"}
{"level":"info","message":{"ip":"::1","method":"GET","url":"/api/v1/profile/me"},"service":"purely-ceylon-backend-ecosystem","timestamp":"2026-07-19 05:38:33"}
{"level":"info","message":{"ip":"::1","method":"GET","url":"/api/v1/wishlist"},"service":"purely-ceylon-backend-ecosystem","timestamp":"2026-07-19 05:38:35"}
{"level":"info","message":{"ip":"::1","method":"GET","url":"/uploads/profile/1784133483861-225368108.png"},"service":"purely-ceylon-backend-ecosystem","timestamp":"2026-07-19 05:38:36"}
{"level":"info","message":{"ip":"::1","method":"GET","url":"/api/v1/address"},"service":"purely-ceylon-backend-ecosystem","timestamp":"2026-07-19 05:38:36"}
{"level":"info","message":{"ip":"::1","method":"GET","url":"/api/v1/cart"},"service":"purely-ceylon-backend-ecosystem","timestamp":"2026-07-19 05:38:36"}
{"level":"info","message":{"ip":"::1","method":"GET","url":"/api/v1/orders/my-orders"},"service":"purely-ceylon-backend-ecosystem","timestamp":"2026-07-19 05:38:36"}
{"level":"info","message":{"ip":"::1","method":"OPTIONS","url":"/api/v1/auth/login"},"service":"purely-ceylon-backend-ecosystem","timestamp":"2026-07-19 05:38:42"}
{"level":"info","message":{"ip":"::1","method":"POST","url":"/api/v1/auth/login"},"service":"purely-ceylon-backend-ecosystem","timestamp":"2026-07-19 05:38:42"}
{"level":"info","message":{"email":"musabhafiz995@gmail.com","event":"LOGIN_SUCCESS"},"service":"purely-ceylon-backend-ecosystem","timestamp":"2026-07-19 05:38:43"}
{"level":"info","message":{"ip":"::1","method":"OPTIONS","url":"/api/v1/profile/me"},"service":"purely-ceylon-backend-ecosystem","timestamp":"2026-07-19 05:38:45"}
{"level":"info","message":{"ip":"::1","method":"OPTIONS","url":"/api/v1/cart"},"service":"purely-ceylon-backend-ecosystem","timestamp":"2026-07-19 05:38:45"}
{"level":"info","message":{"ip":"::1","method":"OPTIONS","url":"/api/v1/wishlist"},"service":"purely-ceylon-backend-ecosystem","timestamp":"2026-07-19 05:38:45"}
{"level":"info","message":{"ip":"::1","method":"OPTIONS","url":"/api/v1/orders/admin/dashboard"},"service":"purely-ceylon-backend-ecosystem","timestamp":"2026-07-19 05:38:45"}
{"level":"info","message":{"ip":"::1","method":"OPTIONS","url":"/api/v1/orders/admin/dashboard"},"service":"purely-ceylon-backend-ecosystem","timestamp":"2026-07-19 05:38:45"}
{"level":"info","message":{"ip":"::1","method":"GET","url":"/api/v1/profile/me"},"service":"purely-ceylon-backend-ecosystem","timestamp":"2026-07-19 05:38:45"}
{"level":"info","message":{"ip":"::1","method":"GET","url":"/api/v1/cart"},"service":"purely-ceylon-backend-ecosystem","timestamp":"2026-07-19 05:38:45"}
{"level":"info","message":{"ip":"::1","method":"GET","url":"/api/v1/wishlist"},"service":"purely-ceylon-backend-ecosystem","timestamp":"2026-07-19 05:38:46"}
{"level":"info","message":{"ip":"::1","method":"GET","url":"/api/v1/orders/admin/dashboard"},"service":"purely-ceylon-backend-ecosystem","timestamp":"2026-07-19 05:38:46"}
{"level":"info","message":{"ip":"::1","method":"GET","url":"/api/v1/orders/admin/dashboard"},"service":"purely-ceylon-backend-ecosystem","timestamp":"2026-07-19 05:38:46"}
{"level":"info","message":{"ip":"::1","method":"OPTIONS","url":"/api/v1/admin/monthly-sales"},"service":"purely-ceylon-backend-ecosystem","timestamp":"2026-07-19 05:38:46"}
{"level":"info","message":{"ip":"::1","method":"OPTIONS","url":"/api/v1/admin/top-products"},"service":"purely-ceylon-backend-ecosystem","timestamp":"2026-07-19 05:38:46"}
{"level":"info","message":{"ip":"::1","method":"GET","url":"/api/v1/admin/top-products"},"service":"purely-ceylon-backend-ecosystem","timestamp":"2026-07-19 05:38:46"}
{"level":"info","message":{"ip":"::1","method":"GET","url":"/api/v1/admin/monthly-sales"},"service":"purely-ceylon-backend-ecosystem","timestamp":"2026-07-19 05:38:46"}
{"level":"info","message":{"ip":"::1","method":"GET","url":"/api/v1/admin/top-analytics"},"service":"purely-ceylon-backend-ecosystem","timestamp":"2026-07-19 05:38:46"}
{"level":"info","message":{"ip":"::1","method":"GET","url":"/api/v1/admin/monthly-sales"},"service":"purely-ceylon-backend-ecosystem","timestamp":"2026-07-19 05:38:47"}
{"level":"info","message":{"ip":"::1","method":"GET","url":"/api/v1/admin/top-products"},"service":"purely-ceylon-backend-ecosystem","timestamp":"2026-07-19 05:38:47"}
{"level":"info","message":{"ip":"::1","method":"GET","url":"/api/v1/admin/top-analytics"},"service":"purely-ceylon-backend-ecosystem","timestamp":"2026-07-19 05:38:47"}
{"level":"info","message":{"ip":"::1","method":"OPTIONS","url":"/api/v1/products?page=1&limit=10"},"service":"purely-ceylon-backend-ecosystem","timestamp":"2026-07-19 05:38:48"}
{"level":"info","message":{"ip":"::1","method":"OPTIONS","url":"/api/v1/categories"},"service":"purely-ceylon-backend-ecosystem","timestamp":"2026-07-19 05:38:48"}
{"level":"info","message":{"ip":"::1","method":"OPTIONS","url":"/api/v1/products?page=1&limit=10"},"service":"purely-ceylon-backend-ecosystem","timestamp":"2026-07-19 05:38:48"}
{"level":"info","message":{"ip":"::1","method":"OPTIONS","url":"/api/v1/categories"},"service":"purely-ceylon-backend-ecosystem","timestamp":"2026-07-19 05:38:48"}
{"level":"info","message":{"ip":"::1","method":"GET","url":"/api/v1/products?page=1&limit=10"},"service":"purely-ceylon-backend-ecosystem","timestamp":"2026-07-19 05:38:48"}
{"level":"info","message":{"ip":"::1","method":"GET","url":"/api/v1/categories"},"service":"purely-ceylon-backend-ecosystem","timestamp":"2026-07-19 05:38:48"}
{"level":"info","message":{"ip":"::1","method":"GET","url":"/api/v1/categories"},"service":"purely-ceylon-backend-ecosystem","timestamp":"2026-07-19 05:38:48"}
{"level":"info","message":{"ip":"::1","method":"GET","url":"/api/v1/products?page=1&limit=10"},"service":"purely-ceylon-backend-ecosystem","timestamp":"2026-07-19 05:38:49"}
{"level":"info","message":{"ip":"::1","method":"OPTIONS","url":"/api/v1/product-images/e942e8c2-2676-4836-b2e2-5bb4f42bf606"},"service":"purely-ceylon-backend-ecosystem","timestamp":"2026-07-19 05:39:18"}
{"level":"info","message":{"ip":"::1","method":"OPTIONS","url":"/api/v1/product-images/e942e8c2-2676-4836-b2e2-5bb4f42bf606"},"service":"purely-ceylon-backend-ecosystem","timestamp":"2026-07-19 05:39:18"}
{"level":"info","message":{"ip":"::1","method":"GET","url":"/api/v1/product-images/e942e8c2-2676-4836-b2e2-5bb4f42bf606"},"service":"purely-ceylon-backend-ecosystem","timestamp":"2026-07-19 05:39:18"}
{"level":"info","message":{"ip":"::1","method":"GET","url":"/api/v1/product-images/e942e8c2-2676-4836-b2e2-5bb4f42bf606"},"service":"purely-ceylon-backend-ecosystem","timestamp":"2026-07-19 05:39:18"}
{"level":"info","message":"📧 Processing Email Queue","service":"purely-ceylon-backend-ecosystem","timestamp":"2026-07-19 05:40:00"}
{"level":"info","message":{"ip":"::1","method":"OPTIONS","url":"/api/v1/product-images/e942e8c2-2676-4836-b2e2-5bb4f42bf606"},"service":"purely-ceylon-backend-ecosystem","timestamp":"2026-07-19 05:40:19"}
{"level":"info","message":{"ip":"::1","method":"OPTIONS","url":"/api/v1/product-images/e942e8c2-2676-4836-b2e2-5bb4f42bf606"},"service":"purely-ceylon-backend-ecosystem","timestamp":"2026-07-19 05:40:19"}
{"level":"info","message":{"ip":"::1","method":"GET","url":"/api/v1/product-images/e942e8c2-2676-4836-b2e2-5bb4f42bf606"},"service":"purely-ceylon-backend-ecosystem","timestamp":"2026-07-19 05:40:20"}
{"level":"info","message":{"ip":"::1","method":"GET","url":"/api/v1/product-images/e942e8c2-2676-4836-b2e2-5bb4f42bf606"},"service":"purely-ceylon-backend-ecosystem","timestamp":"2026-07-19 05:40:20"}
{"level":"info","message":"📧 Processing Email Queue","service":"purely-ceylon-backend-ecosystem","timestamp":"2026-07-19 05:45:00"}
{"level":"info","message":"✅ Email credentials loaded successfully.","service":"purely-ceylon-backend-ecosystem","timestamp":"2026-07-19 05:52:04"}
{"level":"info","message":"🚀 Server running on port 5000","service":"purely-ceylon-backend-ecosystem","timestamp":"2026-07-19 05:52:05"}
{"level":"info","message":"✅ All Background Jobs Started Successfully","service":"purely-ceylon-backend-ecosystem","timestamp":"2026-07-19 05:52:05"}
{"level":"info","message":"⚙️ Background Jobs Started","service":"purely-ceylon-backend-ecosystem","timestamp":"2026-07-19 05:52:05"}
{"level":"info","message":"✅ Email credentials loaded successfully.","service":"purely-ceylon-backend-ecosystem","timestamp":"2026-07-19 05:55:10"}
{"level":"info","message":"🚀 Server running on port 5000","service":"purely-ceylon-backend-ecosystem","timestamp":"2026-07-19 05:55:11"}
{"level":"info","message":"✅ All Background Jobs Started Successfully","service":"purely-ceylon-backend-ecosystem","timestamp":"2026-07-19 05:55:11"}
{"level":"info","message":"⚙️ Background Jobs Started","service":"purely-ceylon-backend-ecosystem","timestamp":"2026-07-19 05:55:11"}
{"level":"info","message":"💱 Currency Update Started","service":"purely-ceylon-backend-ecosystem","timestamp":"2026-07-19 06:00:00"}
{"level":"info","message":"📧 Processing Email Queue","service":"purely-ceylon-backend-ecosystem","timestamp":"2026-07-19 06:00:00"}
{"level":"info","message":"🚢 Shipment ETA Reminder","service":"purely-ceylon-backend-ecosystem","timestamp":"2026-07-19 06:00:00"}
{"level":"info","message":"📄 Checking Expired RFQs","service":"purely-ceylon-backend-ecosystem","timestamp":"2026-07-19 06:00:00"}
{"level":"info","message":"✅ Currency Update Completed","service":"purely-ceylon-backend-ecosystem","timestamp":"2026-07-19 06:00:02"}
{"level":"info","message":"✅ Email credentials loaded successfully.","service":"purely-ceylon-backend-ecosystem","timestamp":"2026-07-19 06:02:45"}
{"level":"info","message":"🚀 Server running on port 5000","service":"purely-ceylon-backend-ecosystem","timestamp":"2026-07-19 06:02:45"}
{"level":"info","message":"✅ All Background Jobs Started Successfully","service":"purely-ceylon-backend-ecosystem","timestamp":"2026-07-19 06:02:45"}
{"level":"info","message":"⚙️ Background Jobs Started","service":"purely-ceylon-backend-ecosystem","timestamp":"2026-07-19 06:02:45"}
{"level":"info","message":"📧 Processing Email Queue","service":"purely-ceylon-backend-ecosystem","timestamp":"2026-07-19 06:05:00"}
{"level":"info","message":"📧 Processing Email Queue","service":"purely-ceylon-backend-ecosystem","timestamp":"2026-07-19 06:10:00"}
{"level":"info","message":{"ip":"::1","method":"OPTIONS","url":"/api/v1/products?page=1&limit=10"},"service":"purely-ceylon-backend-ecosystem","timestamp":"2026-07-19 06:11:35"}
{"level":"info","message":{"ip":"::1","method":"OPTIONS","url":"/api/v1/categories"},"service":"purely-ceylon-backend-ecosystem","timestamp":"2026-07-19 06:11:35"}
{"level":"info","message":{"ip":"::1","method":"OPTIONS","url":"/api/v1/products?page=1&limit=10"},"service":"purely-ceylon-backend-ecosystem","timestamp":"2026-07-19 06:11:35"}
{"level":"info","message":{"ip":"::1","method":"OPTIONS","url":"/api/v1/categories"},"service":"purely-ceylon-backend-ecosystem","timestamp":"2026-07-19 06:11:35"}
{"level":"info","message":{"ip":"::1","method":"GET","url":"/api/v1/products?page=1&limit=10"},"service":"purely-ceylon-backend-ecosystem","timestamp":"2026-07-19 06:11:35"}
{"level":"info","message":{"ip":"::1","method":"GET","url":"/api/v1/categories"},"service":"purely-ceylon-backend-ecosystem","timestamp":"2026-07-19 06:11:35"}
{"level":"info","message":{"ip":"::1","method":"GET","url":"/api/v1/categories"},"service":"purely-ceylon-backend-ecosystem","timestamp":"2026-07-19 06:11:36"}
{"level":"info","message":{"ip":"::1","method":"GET","url":"/api/v1/products?page=1&limit=10"},"service":"purely-ceylon-backend-ecosystem","timestamp":"2026-07-19 06:11:36"}
{"level":"info","message":{"ip":"::1","method":"OPTIONS","url":"/api/v1/product-images/e942e8c2-2676-4836-b2e2-5bb4f42bf606"},"service":"purely-ceylon-backend-ecosystem","timestamp":"2026-07-19 06:11:38"}
{"level":"info","message":{"ip":"::1","method":"OPTIONS","url":"/api/v1/product-images/e942e8c2-2676-4836-b2e2-5bb4f42bf606"},"service":"purely-ceylon-backend-ecosystem","timestamp":"2026-07-19 06:11:38"}
{"level":"info","message":{"ip":"::1","method":"GET","url":"/api/v1/product-images/e942e8c2-2676-4836-b2e2-5bb4f42bf606"},"service":"purely-ceylon-backend-ecosystem","timestamp":"2026-07-19 06:11:38"}
{"level":"info","message":{"ip":"::1","method":"GET","url":"/api/v1/product-images/e942e8c2-2676-4836-b2e2-5bb4f42bf606"},"service":"purely-ceylon-backend-ecosystem","timestamp":"2026-07-19 06:11:38"}
{"level":"info","message":{"ip":"::1","method":"OPTIONS","url":"/api/v1/product-images/upload"},"service":"purely-ceylon-backend-ecosystem","timestamp":"2026-07-19 06:11:56"}
{"level":"info","message":{"ip":"::1","method":"POST","url":"/api/v1/product-images/upload"},"service":"purely-ceylon-backend-ecosystem","timestamp":"2026-07-19 06:11:56"}
{"level":"info","message":{"ip":"::1","method":"OPTIONS","url":"/api/v1/product-images/e942e8c2-2676-4836-b2e2-5bb4f42bf606"},"service":"purely-ceylon-backend-ecosystem","timestamp":"2026-07-19 06:12:03"}
{"level":"info","message":{"ip":"::1","method":"GET","url":"/api/v1/product-images/e942e8c2-2676-4836-b2e2-5bb4f42bf606"},"service":"purely-ceylon-backend-ecosystem","timestamp":"2026-07-19 06:12:03"}
{"level":"info","message":{"ip":"::1","method":"OPTIONS","url":"/api/v1/products?page=1&limit=10"},"service":"purely-ceylon-backend-ecosystem","timestamp":"2026-07-19 06:12:10"}
{"level":"info","message":{"ip":"::1","method":"OPTIONS","url":"/api/v1/categories"},"service":"purely-ceylon-backend-ecosystem","timestamp":"2026-07-19 06:12:10"}
{"level":"info","message":{"ip":"::1","method":"OPTIONS","url":"/api/v1/products?page=1&limit=10"},"service":"purely-ceylon-backend-ecosystem","timestamp":"2026-07-19 06:12:10"}
{"level":"info","message":{"ip":"::1","method":"OPTIONS","url":"/api/v1/categories"},"service":"purely-ceylon-backend-ecosystem","timestamp":"2026-07-19 06:12:10"}
{"level":"info","message":{"ip":"::1","method":"GET","url":"/api/v1/products?page=1&limit=10"},"service":"purely-ceylon-backend-ecosystem","timestamp":"2026-07-19 06:12:10"}
{"level":"info","message":{"ip":"::1","method":"GET","url":"/api/v1/categories"},"service":"purely-ceylon-backend-ecosystem","timestamp":"2026-07-19 06:12:10"}
{"level":"info","message":{"ip":"::1","method":"GET","url":"/api/v1/categories"},"service":"purely-ceylon-backend-ecosystem","timestamp":"2026-07-19 06:12:10"}
{"level":"info","message":{"ip":"::1","method":"GET","url":"/api/v1/products?page=1&limit=10"},"service":"purely-ceylon-backend-ecosystem","timestamp":"2026-07-19 06:12:10"}
{"level":"info","message":{"ip":"::1","method":"OPTIONS","url":"/api/v1/product-images/e942e8c2-2676-4836-b2e2-5bb4f42bf606"},"service":"purely-ceylon-backend-ecosystem","timestamp":"2026-07-19 06:12:18"}
{"level":"info","message":{"ip":"::1","method":"OPTIONS","url":"/api/v1/product-images/e942e8c2-2676-4836-b2e2-5bb4f42bf606"},"service":"purely-ceylon-backend-ecosystem","timestamp":"2026-07-19 06:12:18"}
{"level":"info","message":{"ip":"::1","method":"GET","url":"/api/v1/product-images/e942e8c2-2676-4836-b2e2-5bb4f42bf606"},"service":"purely-ceylon-backend-ecosystem","timestamp":"2026-07-19 06:12:18"}
{"level":"info","message":{"ip":"::1","method":"GET","url":"/api/v1/product-images/e942e8c2-2676-4836-b2e2-5bb4f42bf606"},"service":"purely-ceylon-backend-ecosystem","timestamp":"2026-07-19 06:12:18"}
{"level":"info","message":{"ip":"::1","method":"OPTIONS","url":"/api/v1/product-images/upload"},"service":"purely-ceylon-backend-ecosystem","timestamp":"2026-07-19 06:12:40"}
{"level":"info","message":{"ip":"::1","method":"POST","url":"/api/v1/product-images/upload"},"service":"purely-ceylon-backend-ecosystem","timestamp":"2026-07-19 06:12:40"}
{"level":"info","message":{"ip":"::1","method":"OPTIONS","url":"/api/v1/product-images/e942e8c2-2676-4836-b2e2-5bb4f42bf606"},"service":"purely-ceylon-backend-ecosystem","timestamp":"2026-07-19 06:12:45"}
{"level":"info","message":{"ip":"::1","method":"GET","url":"/api/v1/product-images/e942e8c2-2676-4836-b2e2-5bb4f42bf606"},"service":"purely-ceylon-backend-ecosystem","timestamp":"2026-07-19 06:12:45"}
{"level":"info","message":"📧 Processing Email Queue","service":"purely-ceylon-backend-ecosystem","timestamp":"2026-07-19 06:15:00"}
{"level":"info","message":"✅ Email credentials loaded successfully.","service":"purely-ceylon-backend-ecosystem","timestamp":"2026-07-19 06:19:26"}
{"level":"info","message":"🚀 Server running on port 5000","service":"purely-ceylon-backend-ecosystem","timestamp":"2026-07-19 06:19:26"}
{"level":"info","message":"✅ All Background Jobs Started Successfully","service":"purely-ceylon-backend-ecosystem","timestamp":"2026-07-19 06:19:27"}
{"level":"info","message":"⚙️ Background Jobs Started","service":"purely-ceylon-backend-ecosystem","timestamp":"2026-07-19 06:19:27"}
{"level":"info","message":"📧 Processing Email Queue","service":"purely-ceylon-backend-ecosystem","timestamp":"2026-07-19 06:20:00"}
{"level":"info","message":"✅ Email credentials loaded successfully.","service":"purely-ceylon-backend-ecosystem","timestamp":"2026-07-19 06:36:25"}
{"level":"info","message":"🚀 Server running on port 5000","service":"purely-ceylon-backend-ecosystem","timestamp":"2026-07-19 06:36:25"}
{"level":"info","message":"✅ All Background Jobs Started Successfully","service":"purely-ceylon-backend-ecosystem","timestamp":"2026-07-19 06:36:25"}
{"level":"info","message":"⚙️ Background Jobs Started","service":"purely-ceylon-backend-ecosystem","timestamp":"2026-07-19 06:36:25"}
{"level":"info","message":"📧 Processing Email Queue","service":"purely-ceylon-backend-ecosystem","timestamp":"2026-07-19 06:40:00"}
{"level":"info","message":"📧 Processing Email Queue","service":"purely-ceylon-backend-ecosystem","timestamp":"2026-07-19 06:45:00"}
{"level":"info","message":"📧 Processing Email Queue","service":"purely-ceylon-backend-ecosystem","timestamp":"2026-07-19 06:50:00"}
{"level":"info","message":"✅ Email credentials loaded successfully.","service":"purely-ceylon-backend-ecosystem","timestamp":"2026-07-19 06:50:17"}
{"level":"info","message":"🚀 Server running on port 5000","service":"purely-ceylon-backend-ecosystem","timestamp":"2026-07-19 06:50:17"}
{"level":"info","message":"✅ All Background Jobs Started Successfully","service":"purely-ceylon-backend-ecosystem","timestamp":"2026-07-19 06:50:17"}
{"level":"info","message":"⚙️ Background Jobs Started","service":"purely-ceylon-backend-ecosystem","timestamp":"2026-07-19 06:50:17"}
{"level":"info","message":{"ip":"::1","method":"OPTIONS","url":"/api/v1/address"},"service":"purely-ceylon-backend-ecosystem","timestamp":"2026-07-19 06:50:44"}
{"level":"info","message":{"ip":"::1","method":"OPTIONS","url":"/api/v1/wishlist"},"service":"purely-ceylon-backend-ecosystem","timestamp":"2026-07-19 06:50:44"}
{"level":"info","message":{"ip":"::1","method":"OPTIONS","url":"/api/v1/cart"},"service":"purely-ceylon-backend-ecosystem","timestamp":"2026-07-19 06:50:44"}
{"level":"info","message":{"ip":"::1","method":"OPTIONS","url":"/api/v1/address"},"service":"purely-ceylon-backend-ecosystem","timestamp":"2026-07-19 06:50:45"}
{"level":"info","message":{"ip":"::1","method":"OPTIONS","url":"/api/v1/wishlist"},"service":"purely-ceylon-backend-ecosystem","timestamp":"2026-07-19 06:50:45"}
{"level":"info","message":{"ip":"::1","method":"OPTIONS","url":"/api/v1/cart"},"service":"purely-ceylon-backend-ecosystem","timestamp":"2026-07-19 06:50:45"}
{"level":"info","message":{"ip":"::1","method":"OPTIONS","url":"/api/v1/product-images/e942e8c2-2676-4836-b2e2-5bb4f42bf606"},"service":"purely-ceylon-backend-ecosystem","timestamp":"2026-07-19 06:50:45"}
{"level":"info","message":{"ip":"::1","method":"OPTIONS","url":"/api/v1/product-images/e942e8c2-2676-4836-b2e2-5bb4f42bf606"},"service":"purely-ceylon-backend-ecosystem","timestamp":"2026-07-19 06:50:46"}
{"level":"info","message":{"ip":"::1","method":"OPTIONS","url":"/api/v1/profile/me"},"service":"purely-ceylon-backend-ecosystem","timestamp":"2026-07-19 06:50:46"}
{"level":"info","message":{"ip":"::1","method":"OPTIONS","url":"/api/v1/profile/me"},"service":"purely-ceylon-backend-ecosystem","timestamp":"2026-07-19 06:50:46"}
{"level":"info","message":{"ip":"::1","method":"GET","url":"/api/v1/address"},"service":"purely-ceylon-backend-ecosystem","timestamp":"2026-07-19 06:50:46"}
{"level":"info","message":{"ip":"::1","method":"GET","url":"/api/v1/wishlist"},"service":"purely-ceylon-backend-ecosystem","timestamp":"2026-07-19 06:50:47"}
{"level":"info","message":{"ip":"::1","method":"GET","url":"/api/v1/cart"},"service":"purely-ceylon-backend-ecosystem","timestamp":"2026-07-19 06:50:48"}
{"level":"info","message":{"ip":"::1","method":"GET","url":"/api/v1/profile/me"},"service":"purely-ceylon-backend-ecosystem","timestamp":"2026-07-19 06:50:49"}
{"level":"info","message":{"ip":"::1","method":"GET","url":"/api/v1/product-images/e942e8c2-2676-4836-b2e2-5bb4f42bf606"},"service":"purely-ceylon-backend-ecosystem","timestamp":"2026-07-19 06:50:49"}
{"level":"info","message":{"ip":"::1","method":"GET","url":"/api/v1/address"},"service":"purely-ceylon-backend-ecosystem","timestamp":"2026-07-19 06:50:50"}
{"level":"info","message":{"ip":"::1","method":"GET","url":"/api/v1/cart"},"service":"purely-ceylon-backend-ecosystem","timestamp":"2026-07-19 06:50:50"}
{"level":"info","message":{"ip":"::1","method":"GET","url":"/api/v1/wishlist"},"service":"purely-ceylon-backend-ecosystem","timestamp":"2026-07-19 06:50:51"}
{"level":"info","message":{"ip":"::1","method":"GET","url":"/api/v1/product-images/e942e8c2-2676-4836-b2e2-5bb4f42bf606"},"service":"purely-ceylon-backend-ecosystem","timestamp":"2026-07-19 06:50:51"}
{"level":"info","message":{"ip":"::1","method":"GET","url":"/api/v1/cart"},"service":"purely-ceylon-backend-ecosystem","timestamp":"2026-07-19 06:50:51"}
{"level":"info","message":{"ip":"::1","method":"GET","url":"/api/v1/profile/me"},"service":"purely-ceylon-backend-ecosystem","timestamp":"2026-07-19 06:50:51"}
{"level":"info","message":{"ip":"::1","method":"GET","url":"/api/v1/wishlist"},"service":"purely-ceylon-backend-ecosystem","timestamp":"2026-07-19 06:50:51"}
{"level":"info","message":{"ip":"::1","method":"GET","url":"/api/v1/cart"},"service":"purely-ceylon-backend-ecosystem","timestamp":"2026-07-19 06:50:51"}
{"level":"info","message":{"ip":"::1","method":"GET","url":"/api/v1/wishlist"},"service":"purely-ceylon-backend-ecosystem","timestamp":"2026-07-19 06:50:51"}
{"level":"info","message":{"ip":"::1","method":"OPTIONS","url":"/api/v1/auth/login"},"service":"purely-ceylon-backend-ecosystem","timestamp":"2026-07-19 06:50:56"}
{"level":"info","message":{"ip":"::1","method":"POST","url":"/api/v1/auth/login"},"service":"purely-ceylon-backend-ecosystem","timestamp":"2026-07-19 06:50:56"}
{"level":"warn","message":{"email":"musabhafiz995@gmail.com","event":"LOGIN_FAILED"},"service":"purely-ceylon-backend-ecosystem","timestamp":"2026-07-19 06:50:56"}
{"level":"info","message":{"ip":"::1","method":"OPTIONS","url":"/api/v1/auth/login"},"service":"purely-ceylon-backend-ecosystem","timestamp":"2026-07-19 06:51:05"}
{"level":"info","message":{"ip":"::1","method":"POST","url":"/api/v1/auth/login"},"service":"purely-ceylon-backend-ecosystem","timestamp":"2026-07-19 06:51:05"}
{"level":"warn","message":{"email":"musabhafiz995@gmail.com","event":"LOGIN_FAILED"},"service":"purely-ceylon-backend-ecosystem","timestamp":"2026-07-19 06:51:05"}
{"level":"info","message":{"ip":"::1","method":"GET","url":"/api/v1/wishlist"},"service":"purely-ceylon-backend-ecosystem","timestamp":"2026-07-19 06:51:11"}
{"level":"info","message":{"ip":"::1","method":"GET","url":"/api/v1/cart"},"service":"purely-ceylon-backend-ecosystem","timestamp":"2026-07-19 06:51:12"}
{"level":"info","message":{"ip":"::1","method":"GET","url":"/api/v1/address"},"service":"purely-ceylon-backend-ecosystem","timestamp":"2026-07-19 06:51:12"}
{"level":"info","message":{"ip":"::1","method":"GET","url":"/api/v1/wishlist"},"service":"purely-ceylon-backend-ecosystem","timestamp":"2026-07-19 06:51:14"}
{"level":"info","message":{"ip":"::1","method":"GET","url":"/api/v1/cart"},"service":"purely-ceylon-backend-ecosystem","timestamp":"2026-07-19 06:51:14"}
{"level":"info","message":{"ip":"::1","method":"GET","url":"/api/v1/address"},"service":"purely-ceylon-backend-ecosystem","timestamp":"2026-07-19 06:51:14"}
{"level":"info","message":{"ip":"::1","method":"OPTIONS","url":"/api/v1/auth/login"},"service":"purely-ceylon-backend-ecosystem","timestamp":"2026-07-19 06:51:21"}
{"level":"info","message":{"ip":"::1","method":"POST","url":"/api/v1/auth/login"},"service":"purely-ceylon-backend-ecosystem","timestamp":"2026-07-19 06:51:21"}
{"level":"warn","message":{"email":"musabhafiz995@gmail.com","event":"LOGIN_FAILED"},"service":"purely-ceylon-backend-ecosystem","timestamp":"2026-07-19 06:51:21"}
{"level":"info","message":"✅ Email credentials loaded successfully.","service":"purely-ceylon-backend-ecosystem","timestamp":"2026-07-19 06:51:59"}
{"level":"info","message":"🚀 Server running on port 5000","service":"purely-ceylon-backend-ecosystem","timestamp":"2026-07-19 06:51:59"}
{"level":"info","message":"✅ All Background Jobs Started Successfully","service":"purely-ceylon-backend-ecosystem","timestamp":"2026-07-19 06:51:59"}
{"level":"info","message":"⚙️ Background Jobs Started","service":"purely-ceylon-backend-ecosystem","timestamp":"2026-07-19 06:51:59"}
{"level":"info","message":{"ip":"::1","method":"GET","url":"/api/v1/address"},"service":"purely-ceylon-backend-ecosystem","timestamp":"2026-07-19 06:52:11"}
{"level":"info","message":{"ip":"::1","method":"GET","url":"/api/v1/wishlist"},"service":"purely-ceylon-backend-ecosystem","timestamp":"2026-07-19 06:52:12"}
{"level":"info","message":{"ip":"::1","method":"GET","url":"/api/v1/cart"},"service":"purely-ceylon-backend-ecosystem","timestamp":"2026-07-19 06:52:12"}
{"level":"info","message":{"ip":"::1","method":"GET","url":"/api/v1/address"},"service":"purely-ceylon-backend-ecosystem","timestamp":"2026-07-19 06:52:12"}
{"level":"info","message":{"ip":"::1","method":"GET","url":"/api/v1/wishlist"},"service":"purely-ceylon-backend-ecosystem","timestamp":"2026-07-19 06:52:13"}
{"level":"info","message":{"ip":"::1","method":"GET","url":"/api/v1/cart"},"service":"purely-ceylon-backend-ecosystem","timestamp":"2026-07-19 06:52:13"}
{"level":"info","message":{"ip":"::1","method":"OPTIONS","url":"/api/v1/auth/login"},"service":"purely-ceylon-backend-ecosystem","timestamp":"2026-07-19 06:52:16"}
{"level":"info","message":{"ip":"::1","method":"POST","url":"/api/v1/auth/login"},"service":"purely-ceylon-backend-ecosystem","timestamp":"2026-07-19 06:52:16"}
{"level":"warn","message":{"email":"musabhafiz995@gmail.com","event":"LOGIN_FAILED"},"service":"purely-ceylon-backend-ecosystem","timestamp":"2026-07-19 06:52:16"}
{"level":"info","message":{"ip":"::1","method":"OPTIONS","url":"/api/v1/auth/login"},"service":"purely-ceylon-backend-ecosystem","timestamp":"2026-07-19 06:52:31"}
{"level":"info","message":{"ip":"::1","method":"POST","url":"/api/v1/auth/login"},"service":"purely-ceylon-backend-ecosystem","timestamp":"2026-07-19 06:52:31"}
{"level":"warn","message":{"email":"musabhafiz995@gmail.com","event":"LOGIN_FAILED"},"service":"purely-ceylon-backend-ecosystem","timestamp":"2026-07-19 06:52:32"}
{"level":"info","message":{"ip":"::1","method":"OPTIONS","url":"/api/v1/auth/login"},"service":"purely-ceylon-backend-ecosystem","timestamp":"2026-07-19 06:52:46"}
{"level":"info","message":{"ip":"::1","method":"POST","url":"/api/v1/auth/login"},"service":"purely-ceylon-backend-ecosystem","timestamp":"2026-07-19 06:52:46"}
{"level":"warn","message":{"email":"musabhafiz995@gmail.com","event":"LOGIN_FAILED"},"service":"purely-ceylon-backend-ecosystem","timestamp":"2026-07-19 06:52:46"}
{"level":"info","message":"📧 Processing Email Queue","service":"purely-ceylon-backend-ecosystem","timestamp":"2026-07-19 06:55:00"}
{"level":"info","message":{"ip":"::1","method":"GET","url":"/api/v1/address"},"service":"purely-ceylon-backend-ecosystem","timestamp":"2026-07-19 06:55:02"}
{"level":"info","message":{"ip":"::1","method":"GET","url":"/api/v1/wishlist"},"service":"purely-ceylon-backend-ecosystem","timestamp":"2026-07-19 06:55:03"}
{"level":"info","message":{"ip":"::1","method":"GET","url":"/api/v1/cart"},"service":"purely-ceylon-backend-ecosystem","timestamp":"2026-07-19 06:55:03"}
{"level":"info","message":{"ip":"::1","method":"GET","url":"/api/v1/address"},"service":"purely-ceylon-backend-ecosystem","timestamp":"2026-07-19 06:55:04"}
{"level":"info","message":{"ip":"::1","method":"GET","url":"/api/v1/wishlist"},"service":"purely-ceylon-backend-ecosystem","timestamp":"2026-07-19 06:55:05"}
{"level":"info","message":{"ip":"::1","method":"GET","url":"/api/v1/cart"},"service":"purely-ceylon-backend-ecosystem","timestamp":"2026-07-19 06:55:05"}
{"level":"info","message":{"ip":"::1","method":"OPTIONS","url":"/api/v1/auth/login"},"service":"purely-ceylon-backend-ecosystem","timestamp":"2026-07-19 06:55:13"}
{"level":"info","message":{"ip":"::1","method":"POST","url":"/api/v1/auth/login"},"service":"purely-ceylon-backend-ecosystem","timestamp":"2026-07-19 06:55:14"}
{"level":"warn","message":{"email":"musabhafiz995@gmail.com","event":"LOGIN_FAILED"},"service":"purely-ceylon-backend-ecosystem","timestamp":"2026-07-19 06:55:14"}
{"level":"info","message":{"ip":"::1","method":"GET","url":"/api/v1/address"},"service":"purely-ceylon-backend-ecosystem","timestamp":"2026-07-19 06:55:32"}
{"level":"info","message":{"ip":"::1","method":"GET","url":"/api/v1/address"},"service":"purely-ceylon-backend-ecosystem","timestamp":"2026-07-19 06:55:32"}
{"level":"info","message":{"ip":"::1","method":"GET","url":"/api/v1/wishlist"},"service":"purely-ceylon-backend-ecosystem","timestamp":"2026-07-19 06:55:33"}
{"level":"info","message":{"ip":"::1","method":"GET","url":"/api/v1/cart"},"service":"purely-ceylon-backend-ecosystem","timestamp":"2026-07-19 06:55:34"}
{"level":"info","message":{"ip":"::1","method":"GET","url":"/api/v1/wishlist"},"service":"purely-ceylon-backend-ecosystem","timestamp":"2026-07-19 06:55:34"}
{"level":"info","message":{"ip":"::1","method":"GET","url":"/api/v1/cart"},"service":"purely-ceylon-backend-ecosystem","timestamp":"2026-07-19 06:55:34"}
{"level":"info","message":"✅ Email credentials loaded successfully.","service":"purely-ceylon-backend-ecosystem","timestamp":"2026-07-19 06:57:14"}
{"level":"info","message":"🚀 Server running on port 5000","service":"purely-ceylon-backend-ecosystem","timestamp":"2026-07-19 06:57:14"}
{"level":"info","message":"✅ All Background Jobs Started Successfully","service":"purely-ceylon-backend-ecosystem","timestamp":"2026-07-19 06:57:14"}
{"level":"info","message":"⚙️ Background Jobs Started","service":"purely-ceylon-backend-ecosystem","timestamp":"2026-07-19 06:57:14"}
{"level":"info","message":{"ip":"::1","method":"OPTIONS","url":"/api/v1/auth/login"},"service":"purely-ceylon-backend-ecosystem","timestamp":"2026-07-19 06:58:07"}
{"level":"info","message":{"ip":"::1","method":"POST","url":"/api/v1/auth/login"},"service":"purely-ceylon-backend-ecosystem","timestamp":"2026-07-19 06:58:07"}
{"level":"warn","message":{"email":"musabhafiz995@gmail.com","event":"LOGIN_FAILED"},"service":"purely-ceylon-backend-ecosystem","timestamp":"2026-07-19 06:58:07"}
{"level":"info","message":"📧 Processing Email Queue","service":"purely-ceylon-backend-ecosystem","timestamp":"2026-07-19 07:00:00"}
{"level":"info","message":"📄 Checking Expired RFQs","service":"purely-ceylon-backend-ecosystem","timestamp":"2026-07-19 07:00:00"}
{"level":"info","message":{"ip":"::1","method":"OPTIONS","url":"/api/v1/auth/login"},"service":"purely-ceylon-backend-ecosystem","timestamp":"2026-07-19 07:00:57"}
{"level":"info","message":{"ip":"::1","method":"POST","url":"/api/v1/auth/login"},"service":"purely-ceylon-backend-ecosystem","timestamp":"2026-07-19 07:00:57"}
{"level":"warn","message":{"email":"musabhafiz995@gmail.com","event":"LOGIN_FAILED"},"service":"purely-ceylon-backend-ecosystem","timestamp":"2026-07-19 07:00:57"}
{"level":"info","message":{"ip":"::1","method":"OPTIONS","url":"/api/v1/auth/login"},"service":"purely-ceylon-backend-ecosystem","timestamp":"2026-07-19 07:01:05"}
{"level":"info","message":{"ip":"::1","method":"POST","url":"/api/v1/auth/login"},"service":"purely-ceylon-backend-ecosystem","timestamp":"2026-07-19 07:01:05"}
{"level":"warn","message":{"email":"musabhafiz995@gmail.com","event":"LOGIN_FAILED"},"service":"purely-ceylon-backend-ecosystem","timestamp":"2026-07-19 07:01:05"}
{"level":"info","message":{"ip":"::1","method":"OPTIONS","url":"/api/v1/auth/forgot-password"},"service":"purely-ceylon-backend-ecosystem","timestamp":"2026-07-19 07:01:42"}
{"level":"info","message":{"ip":"::1","method":"POST","url":"/api/v1/auth/forgot-password"},"service":"purely-ceylon-backend-ecosystem","timestamp":"2026-07-19 07:01:43"}
{"level":"info","message":{"ip":"::1","method":"OPTIONS","url":"/api/v1/auth/forgot-password"},"service":"purely-ceylon-backend-ecosystem","timestamp":"2026-07-19 07:02:45"}
{"level":"info","message":{"ip":"::1","method":"POST","url":"/api/v1/auth/forgot-password"},"service":"purely-ceylon-backend-ecosystem","timestamp":"2026-07-19 07:02:45"}
{"level":"info","message":{"ip":"::1","method":"GET","url":"/api/v1/address"},"service":"purely-ceylon-backend-ecosystem","timestamp":"2026-07-19 07:03:05"}
{"level":"info","message":{"ip":"::1","method":"GET","url":"/api/v1/wishlist"},"service":"purely-ceylon-backend-ecosystem","timestamp":"2026-07-19 07:03:05"}
{"level":"info","message":{"ip":"::1","method":"GET","url":"/api/v1/cart"},"service":"purely-ceylon-backend-ecosystem","timestamp":"2026-07-19 07:03:06"}
{"level":"info","message":{"ip":"::1","method":"GET","url":"/api/v1/address"},"service":"purely-ceylon-backend-ecosystem","timestamp":"2026-07-19 07:03:06"}
{"level":"info","message":{"ip":"::1","method":"GET","url":"/api/v1/wishlist"},"service":"purely-ceylon-backend-ecosystem","timestamp":"2026-07-19 07:03:07"}
{"level":"info","message":{"ip":"::1","method":"GET","url":"/api/v1/cart"},"service":"purely-ceylon-backend-ecosystem","timestamp":"2026-07-19 07:03:07"}
{"level":"info","message":{"ip":"::1","method":"OPTIONS","url":"/api/v1/auth/forgot-password"},"service":"purely-ceylon-backend-ecosystem","timestamp":"2026-07-19 07:03:21"}
{"level":"info","message":{"ip":"::1","method":"POST","url":"/api/v1/auth/forgot-password"},"service":"purely-ceylon-backend-ecosystem","timestamp":"2026-07-19 07:03:21"}
{"level":"info","message":{"ip":"::1","method":"OPTIONS","url":"/api/v1/auth/forgot-password"},"service":"purely-ceylon-backend-ecosystem","timestamp":"2026-07-19 07:03:42"}
{"level":"info","message":{"ip":"::1","method":"POST","url":"/api/v1/auth/forgot-password"},"service":"purely-ceylon-backend-ecosystem","timestamp":"2026-07-19 07:03:42"}
{"level":"info","message":"📧 Processing Email Queue","service":"purely-ceylon-backend-ecosystem","timestamp":"2026-07-19 07:05:00"}
{"level":"info","message":{"ip":"::1","method":"OPTIONS","url":"/api/v1/auth/login"},"service":"purely-ceylon-backend-ecosystem","timestamp":"2026-07-19 07:05:00"}
{"level":"info","message":{"ip":"::1","method":"POST","url":"/api/v1/auth/login"},"service":"purely-ceylon-backend-ecosystem","timestamp":"2026-07-19 07:05:00"}
{"level":"warn","message":{"email":"musabmohammed678@gmail.com","event":"LOGIN_FAILED"},"service":"purely-ceylon-backend-ecosystem","timestamp":"2026-07-19 07:05:00"}
{"level":"info","message":{"ip":"::1","method":"OPTIONS","url":"/api/v1/auth/login"},"service":"purely-ceylon-backend-ecosystem","timestamp":"2026-07-19 07:05:22"}
{"level":"info","message":{"ip":"::1","method":"POST","url":"/api/v1/auth/login"},"service":"purely-ceylon-backend-ecosystem","timestamp":"2026-07-19 07:05:22"}
{"level":"warn","message":{"email":"mahroofaathiqa@gmail.com","event":"LOGIN_FAILED"},"service":"purely-ceylon-backend-ecosystem","timestamp":"2026-07-19 07:05:22"}
{"level":"info","message":{"ip":"::1","method":"OPTIONS","url":"/api/v1/auth/login"},"service":"purely-ceylon-backend-ecosystem","timestamp":"2026-07-19 07:05:32"}
{"level":"info","message":{"ip":"::1","method":"POST","url":"/api/v1/auth/login"},"service":"purely-ceylon-backend-ecosystem","timestamp":"2026-07-19 07:05:32"}
{"level":"warn","message":{"email":"mahroofaathiqa@gmail.com","event":"LOGIN_FAILED"},"service":"purely-ceylon-backend-ecosystem","timestamp":"2026-07-19 07:05:32"}
{"level":"info","message":"✅ Email credentials loaded successfully.","service":"purely-ceylon-backend-ecosystem","timestamp":"2026-07-19 07:09:32"}
{"level":"info","message":"🚀 Server running on port 5000","service":"purely-ceylon-backend-ecosystem","timestamp":"2026-07-19 07:09:33"}
{"level":"info","message":"✅ All Background Jobs Started Successfully","service":"purely-ceylon-backend-ecosystem","timestamp":"2026-07-19 07:09:33"}
{"level":"info","message":"⚙️ Background Jobs Started","service":"purely-ceylon-backend-ecosystem","timestamp":"2026-07-19 07:09:33"}
{"level":"info","message":{"ip":"::1","method":"OPTIONS","url":"/api/v1/auth/register"},"service":"purely-ceylon-backend-ecosystem","timestamp":"2026-07-19 07:09:45"}
{"level":"info","message":{"ip":"::1","method":"POST","url":"/api/v1/auth/register"},"service":"purely-ceylon-backend-ecosystem","timestamp":"2026-07-19 07:09:45"}
{"level":"info","message":"📧 Processing Email Queue","service":"purely-ceylon-backend-ecosystem","timestamp":"2026-07-19 07:10:00"}
{"level":"info","message":{"ip":"::1","method":"OPTIONS","url":"/api/v1/auth/verify-otp"},"service":"purely-ceylon-backend-ecosystem","timestamp":"2026-07-19 07:10:04"}
{"level":"info","message":{"ip":"::1","method":"POST","url":"/api/v1/auth/verify-otp"},"service":"purely-ceylon-backend-ecosystem","timestamp":"2026-07-19 07:10:04"}
{"level":"info","message":{"ip":"::1","method":"OPTIONS","url":"/api/v1/auth/login"},"service":"purely-ceylon-backend-ecosystem","timestamp":"2026-07-19 07:10:13"}
{"level":"info","message":{"ip":"::1","method":"POST","url":"/api/v1/auth/login"},"service":"purely-ceylon-backend-ecosystem","timestamp":"2026-07-19 07:10:13"}
{"level":"info","message":{"email":"musabhafiz995@gmail.com","event":"LOGIN_SUCCESS"},"service":"purely-ceylon-backend-ecosystem","timestamp":"2026-07-19 07:10:13"}
{"level":"info","message":{"ip":"::1","method":"OPTIONS","url":"/api/v1/profile/me"},"service":"purely-ceylon-backend-ecosystem","timestamp":"2026-07-19 07:10:15"}
{"level":"info","message":{"ip":"::1","method":"OPTIONS","url":"/api/v1/cart"},"service":"purely-ceylon-backend-ecosystem","timestamp":"2026-07-19 07:10:15"}
{"level":"info","message":{"ip":"::1","method":"OPTIONS","url":"/api/v1/wishlist"},"service":"purely-ceylon-backend-ecosystem","timestamp":"2026-07-19 07:10:15"}
{"level":"info","message":{"ip":"::1","method":"OPTIONS","url":"/api/v1/products?page=1&limit=10"},"service":"purely-ceylon-backend-ecosystem","timestamp":"2026-07-19 07:10:15"}
{"level":"info","message":{"ip":"::1","method":"OPTIONS","url":"/api/v1/products?page=1&limit=10"},"service":"purely-ceylon-backend-ecosystem","timestamp":"2026-07-19 07:10:15"}
{"level":"info","message":{"ip":"::1","method":"OPTIONS","url":"/api/v1/categories"},"service":"purely-ceylon-backend-ecosystem","timestamp":"2026-07-19 07:10:15"}
{"level":"info","message":{"ip":"::1","method":"OPTIONS","url":"/api/v1/categories"},"service":"purely-ceylon-backend-ecosystem","timestamp":"2026-07-19 07:10:15"}
{"level":"info","message":{"ip":"::1","method":"GET","url":"/api/v1/profile/me"},"service":"purely-ceylon-backend-ecosystem","timestamp":"2026-07-19 07:10:15"}
{"level":"info","message":{"ip":"::1","method":"GET","url":"/api/v1/cart"},"service":"purely-ceylon-backend-ecosystem","timestamp":"2026-07-19 07:10:15"}
{"level":"info","message":{"ip":"::1","method":"GET","url":"/api/v1/wishlist"},"service":"purely-ceylon-backend-ecosystem","timestamp":"2026-07-19 07:10:15"}
{"level":"info","message":{"ip":"::1","method":"GET","url":"/api/v1/products?page=1&limit=10"},"service":"purely-ceylon-backend-ecosystem","timestamp":"2026-07-19 07:10:15"}
{"level":"info","message":{"ip":"::1","method":"GET","url":"/api/v1/categories"},"service":"purely-ceylon-backend-ecosystem","timestamp":"2026-07-19 07:10:15"}
{"level":"info","message":{"ip":"::1","method":"GET","url":"/api/v1/products?page=1&limit=10"},"service":"purely-ceylon-backend-ecosystem","timestamp":"2026-07-19 07:10:16"}
{"level":"info","message":{"ip":"::1","method":"GET","url":"/api/v1/categories"},"service":"purely-ceylon-backend-ecosystem","timestamp":"2026-07-19 07:10:17"}
{"level":"info","message":{"ip":"::1","method":"OPTIONS","url":"/api/v1/products?page=1&limit=10"},"service":"purely-ceylon-backend-ecosystem","timestamp":"2026-07-19 07:10:39"}
{"level":"info","message":{"ip":"::1","method":"OPTIONS","url":"/api/v1/categories"},"service":"purely-ceylon-backend-ecosystem","timestamp":"2026-07-19 07:10:39"}
{"level":"info","message":{"ip":"::1","method":"OPTIONS","url":"/api/v1/products?page=1&limit=10"},"service":"purely-ceylon-backend-ecosystem","timestamp":"2026-07-19 07:10:39"}
{"level":"info","message":{"ip":"::1","method":"OPTIONS","url":"/api/v1/categories"},"service":"purely-ceylon-backend-ecosystem","timestamp":"2026-07-19 07:10:39"}
{"level":"info","message":{"ip":"::1","method":"GET","url":"/api/v1/products?page=1&limit=10"},"service":"purely-ceylon-backend-ecosystem","timestamp":"2026-07-19 07:10:39"}
{"level":"info","message":{"ip":"::1","method":"GET","url":"/api/v1/categories"},"service":"purely-ceylon-backend-ecosystem","timestamp":"2026-07-19 07:10:39"}
{"level":"info","message":{"ip":"::1","method":"GET","url":"/api/v1/categories"},"service":"purely-ceylon-backend-ecosystem","timestamp":"2026-07-19 07:10:39"}
{"level":"info","message":{"ip":"::1","method":"GET","url":"/api/v1/products?page=1&limit=10"},"service":"purely-ceylon-backend-ecosystem","timestamp":"2026-07-19 07:10:39"}
{"level":"info","message":{"ip":"::1","method":"OPTIONS","url":"/api/v1/categories"},"service":"purely-ceylon-backend-ecosystem","timestamp":"2026-07-19 07:10:57"}
{"level":"info","message":{"ip":"::1","method":"OPTIONS","url":"/api/v1/products?page=1&limit=10"},"service":"purely-ceylon-backend-ecosystem","timestamp":"2026-07-19 07:10:57"}
{"level":"info","message":{"ip":"::1","method":"OPTIONS","url":"/api/v1/categories"},"service":"purely-ceylon-backend-ecosystem","timestamp":"2026-07-19 07:10:57"}
{"level":"info","message":{"ip":"::1","method":"OPTIONS","url":"/api/v1/products?page=1&limit=10"},"service":"purely-ceylon-backend-ecosystem","timestamp":"2026-07-19 07:10:57"}
{"level":"info","message":{"ip":"::1","method":"GET","url":"/api/v1/categories"},"service":"purely-ceylon-backend-ecosystem","timestamp":"2026-07-19 07:10:57"}
{"level":"info","message":{"ip":"::1","method":"GET","url":"/api/v1/products?page=1&limit=10"},"service":"purely-ceylon-backend-ecosystem","timestamp":"2026-07-19 07:10:57"}
{"level":"info","message":{"ip":"::1","method":"GET","url":"/api/v1/categories"},"service":"purely-ceylon-backend-ecosystem","timestamp":"2026-07-19 07:10:57"}
{"level":"info","message":{"ip":"::1","method":"GET","url":"/api/v1/products?page=1&limit=10"},"service":"purely-ceylon-backend-ecosystem","timestamp":"2026-07-19 07:10:57"}
{"level":"info","message":{"ip":"::1","method":"OPTIONS","url":"/api/v1/profile/me"},"service":"purely-ceylon-backend-ecosystem","timestamp":"2026-07-19 07:11:01"}
{"level":"info","message":{"ip":"::1","method":"OPTIONS","url":"/api/v1/profile/me"},"service":"purely-ceylon-backend-ecosystem","timestamp":"2026-07-19 07:11:01"}
{"level":"info","message":{"ip":"::1","method":"OPTIONS","url":"/api/v1/cart"},"service":"purely-ceylon-backend-ecosystem","timestamp":"2026-07-19 07:11:01"}
{"level":"info","message":{"ip":"::1","method":"OPTIONS","url":"/api/v1/wishlist"},"service":"purely-ceylon-backend-ecosystem","timestamp":"2026-07-19 07:11:01"}
{"level":"info","message":{"ip":"::1","method":"GET","url":"/api/v1/products?page=1&limit=10"},"service":"purely-ceylon-backend-ecosystem","timestamp":"2026-07-19 07:11:02"}
{"level":"info","message":{"ip":"::1","method":"GET","url":"/api/v1/categories"},"service":"purely-ceylon-backend-ecosystem","timestamp":"2026-07-19 07:11:02"}
{"level":"info","message":{"ip":"::1","method":"GET","url":"/api/v1/profile/me"},"service":"purely-ceylon-backend-ecosystem","timestamp":"2026-07-19 07:11:02"}
{"level":"info","message":{"ip":"::1","method":"OPTIONS","url":"/api/v1/cart"},"service":"purely-ceylon-backend-ecosystem","timestamp":"2026-07-19 07:11:02"}
{"level":"info","message":{"ip":"::1","method":"OPTIONS","url":"/api/v1/wishlist"},"service":"purely-ceylon-backend-ecosystem","timestamp":"2026-07-19 07:11:02"}
{"level":"info","message":{"ip":"::1","method":"GET","url":"/api/v1/cart"},"service":"purely-ceylon-backend-ecosystem","timestamp":"2026-07-19 07:11:02"}
{"level":"info","message":{"ip":"::1","method":"GET","url":"/api/v1/wishlist"},"service":"purely-ceylon-backend-ecosystem","timestamp":"2026-07-19 07:11:02"}
{"level":"info","message":{"ip":"::1","method":"GET","url":"/api/v1/categories"},"service":"purely-ceylon-backend-ecosystem","timestamp":"2026-07-19 07:11:02"}
{"level":"info","message":{"ip":"::1","method":"GET","url":"/api/v1/profile/me"},"service":"purely-ceylon-backend-ecosystem","timestamp":"2026-07-19 07:11:02"}
{"level":"info","message":{"ip":"::1","method":"GET","url":"/api/v1/cart"},"service":"purely-ceylon-backend-ecosystem","timestamp":"2026-07-19 07:11:02"}
{"level":"info","message":{"ip":"::1","method":"GET","url":"/api/v1/products?page=1&limit=10"},"service":"purely-ceylon-backend-ecosystem","timestamp":"2026-07-19 07:11:02"}
{"level":"info","message":{"ip":"::1","method":"GET","url":"/api/v1/wishlist"},"service":"purely-ceylon-backend-ecosystem","timestamp":"2026-07-19 07:11:02"}
{"level":"info","message":{"ip":"::1","method":"OPTIONS","url":"/api/v1/orders/my-orders"},"service":"purely-ceylon-backend-ecosystem","timestamp":"2026-07-19 07:11:04"}
{"level":"info","message":{"ip":"::1","method":"OPTIONS","url":"/api/v1/address"},"service":"purely-ceylon-backend-ecosystem","timestamp":"2026-07-19 07:11:04"}
{"level":"info","message":{"ip":"::1","method":"OPTIONS","url":"/api/v1/orders/my-orders"},"service":"purely-ceylon-backend-ecosystem","timestamp":"2026-07-19 07:11:04"}
{"level":"info","message":{"ip":"::1","method":"OPTIONS","url":"/api/v1/address"},"service":"purely-ceylon-backend-ecosystem","timestamp":"2026-07-19 07:11:04"}
{"level":"info","message":{"ip":"::1","method":"GET","url":"/api/v1/profile/me"},"service":"purely-ceylon-backend-ecosystem","timestamp":"2026-07-19 07:11:04"}
{"level":"info","message":{"ip":"::1","method":"GET","url":"/api/v1/cart"},"service":"purely-ceylon-backend-ecosystem","timestamp":"2026-07-19 07:11:04"}
{"level":"info","message":{"ip":"::1","method":"GET","url":"/api/v1/wishlist"},"service":"purely-ceylon-backend-ecosystem","timestamp":"2026-07-19 07:11:04"}
{"level":"info","message":{"ip":"::1","method":"GET","url":"/api/v1/address"},"service":"purely-ceylon-backend-ecosystem","timestamp":"2026-07-19 07:11:04"}
{"level":"info","message":{"ip":"::1","method":"GET","url":"/api/v1/orders/my-orders"},"service":"purely-ceylon-backend-ecosystem","timestamp":"2026-07-19 07:11:04"}
{"level":"info","message":{"ip":"::1","method":"GET","url":"/api/v1/profile/me"},"service":"purely-ceylon-backend-ecosystem","timestamp":"2026-07-19 07:11:05"}
{"level":"info","message":{"ip":"::1","method":"GET","url":"/api/v1/cart"},"service":"purely-ceylon-backend-ecosystem","timestamp":"2026-07-19 07:11:05"}
{"level":"info","message":{"ip":"::1","method":"GET","url":"/api/v1/wishlist"},"service":"purely-ceylon-backend-ecosystem","timestamp":"2026-07-19 07:11:05"}
{"level":"info","message":{"ip":"::1","method":"GET","url":"/api/v1/address"},"service":"purely-ceylon-backend-ecosystem","timestamp":"2026-07-19 07:11:06"}
{"level":"info","message":{"ip":"::1","method":"GET","url":"/api/v1/orders/my-orders"},"service":"purely-ceylon-backend-ecosystem","timestamp":"2026-07-19 07:11:06"}
{"level":"info","message":{"ip":"::1","method":"GET","url":"/api/v1/address"},"service":"purely-ceylon-backend-ecosystem","timestamp":"2026-07-19 07:11:06"}
{"level":"info","message":{"ip":"::1","method":"GET","url":"/api/v1/address"},"service":"purely-ceylon-backend-ecosystem","timestamp":"2026-07-19 07:11:06"}
{"level":"info","message":{"ip":"::1","method":"OPTIONS","url":"/api/v1/profile/me"},"service":"purely-ceylon-backend-ecosystem","timestamp":"2026-07-19 07:11:08"}
{"level":"info","message":{"ip":"::1","method":"OPTIONS","url":"/api/v1/profile/me"},"service":"purely-ceylon-backend-ecosystem","timestamp":"2026-07-19 07:11:08"}
{"level":"info","message":{"ip":"::1","method":"OPTIONS","url":"/api/v1/cart"},"service":"purely-ceylon-backend-ecosystem","timestamp":"2026-07-19 07:11:08"}
{"level":"info","message":{"ip":"::1","method":"OPTIONS","url":"/api/v1/wishlist"},"service":"purely-ceylon-backend-ecosystem","timestamp":"2026-07-19 07:11:08"}
{"level":"info","message":{"ip":"::1","method":"OPTIONS","url":"/api/v1/products?page=1&limit=10"},"service":"purely-ceylon-backend-ecosystem","timestamp":"2026-07-19 07:11:08"}
{"level":"info","message":{"ip":"::1","method":"OPTIONS","url":"/api/v1/products?page=1&limit=10"},"service":"purely-ceylon-backend-ecosystem","timestamp":"2026-07-19 07:11:08"}
{"level":"info","message":{"ip":"::1","method":"OPTIONS","url":"/api/v1/categories"},"service":"purely-ceylon-backend-ecosystem","timestamp":"2026-07-19 07:11:08"}
{"level":"info","message":{"ip":"::1","method":"OPTIONS","url":"/api/v1/cart"},"service":"purely-ceylon-backend-ecosystem","timestamp":"2026-07-19 07:11:08"}
{"level":"info","message":{"ip":"::1","method":"OPTIONS","url":"/api/v1/wishlist"},"service":"purely-ceylon-backend-ecosystem","timestamp":"2026-07-19 07:11:08"}
{"level":"info","message":{"ip":"::1","method":"GET","url":"/api/v1/cart"},"service":"purely-ceylon-backend-ecosystem","timestamp":"2026-07-19 07:11:08"}
{"level":"info","message":{"ip":"::1","method":"OPTIONS","url":"/api/v1/categories"},"service":"purely-ceylon-backend-ecosystem","timestamp":"2026-07-19 07:11:08"}
{"level":"info","message":{"ip":"::1","method":"GET","url":"/api/v1/wishlist"},"service":"purely-ceylon-backend-ecosystem","timestamp":"2026-07-19 07:11:08"}
{"level":"info","message":{"ip":"::1","method":"GET","url":"/api/v1/profile/me"},"service":"purely-ceylon-backend-ecosystem","timestamp":"2026-07-19 07:11:08"}
{"level":"info","message":{"ip":"::1","method":"GET","url":"/api/v1/products?page=1&limit=10"},"service":"purely-ceylon-backend-ecosystem","timestamp":"2026-07-19 07:11:08"}
{"level":"info","message":{"ip":"::1","method":"GET","url":"/api/v1/categories"},"service":"purely-ceylon-backend-ecosystem","timestamp":"2026-07-19 07:11:08"}
{"level":"info","message":{"ip":"::1","method":"GET","url":"/api/v1/cart"},"service":"purely-ceylon-backend-ecosystem","timestamp":"2026-07-19 07:11:08"}
{"level":"info","message":{"ip":"::1","method":"GET","url":"/api/v1/wishlist"},"service":"purely-ceylon-backend-ecosystem","timestamp":"2026-07-19 07:11:08"}
{"level":"info","message":{"ip":"::1","method":"GET","url":"/api/v1/profile/me"},"service":"purely-ceylon-backend-ecosystem","timestamp":"2026-07-19 07:11:09"}
{"level":"info","message":{"ip":"::1","method":"GET","url":"/api/v1/categories"},"service":"purely-ceylon-backend-ecosystem","timestamp":"2026-07-19 07:11:09"}
{"level":"info","message":{"ip":"::1","method":"GET","url":"/api/v1/products?page=1&limit=10"},"service":"purely-ceylon-backend-ecosystem","timestamp":"2026-07-19 07:11:09"}
{"level":"info","message":{"ip":"::1","method":"OPTIONS","url":"/api/v1/products/241b18ad-3551-46d8-af5c-aa3140abdedd"},"service":"purely-ceylon-backend-ecosystem","timestamp":"2026-07-19 07:11:10"}
{"level":"info","message":{"ip":"::1","method":"OPTIONS","url":"/api/v1/products/241b18ad-3551-46d8-af5c-aa3140abdedd"},"service":"purely-ceylon-backend-ecosystem","timestamp":"2026-07-19 07:11:10"}
{"level":"info","message":{"ip":"::1","method":"GET","url":"/api/v1/products/241b18ad-3551-46d8-af5c-aa3140abdedd"},"service":"purely-ceylon-backend-ecosystem","timestamp":"2026-07-19 07:11:10"}
{"level":"info","message":{"ip":"::1","method":"GET","url":"/api/v1/products/241b18ad-3551-46d8-af5c-aa3140abdedd"},"service":"purely-ceylon-backend-ecosystem","timestamp":"2026-07-19 07:11:10"}
{"level":"info","message":{"ip":"::1","method":"OPTIONS","url":"/api/v1/reviews/241b18ad-3551-46d8-af5c-aa3140abdedd"},"service":"purely-ceylon-backend-ecosystem","timestamp":"2026-07-19 07:11:10"}
{"level":"info","message":{"ip":"::1","method":"GET","url":"/api/v1/reviews/241b18ad-3551-46d8-af5c-aa3140abdedd"},"service":"purely-ceylon-backend-ecosystem","timestamp":"2026-07-19 07:11:10"}
{"level":"info","message":{"ip":"::1","method":"GET","url":"/api/v1/reviews/241b18ad-3551-46d8-af5c-aa3140abdedd"},"service":"purely-ceylon-backend-ecosystem","timestamp":"2026-07-19 07:11:11"}
{"level":"info","message":{"ip":"::1","method":"OPTIONS","url":"/api/v1/questions/241b18ad-3551-46d8-af5c-aa3140abdedd"},"service":"purely-ceylon-backend-ecosystem","timestamp":"2026-07-19 07:11:11"}
{"level":"info","message":{"ip":"::1","method":"GET","url":"/api/v1/questions/241b18ad-3551-46d8-af5c-aa3140abdedd"},"service":"purely-ceylon-backend-ecosystem","timestamp":"2026-07-19 07:11:11"}
{"level":"info","message":{"ip":"::1","method":"GET","url":"/api/v1/questions/241b18ad-3551-46d8-af5c-aa3140abdedd"},"service":"purely-ceylon-backend-ecosystem","timestamp":"2026-07-19 07:11:11"}
{"level":"info","message":{"ip":"::1","method":"OPTIONS","url":"/api/v1/products?page=1&limit=10"},"service":"purely-ceylon-backend-ecosystem","timestamp":"2026-07-19 07:11:17"}
{"level":"info","message":{"ip":"::1","method":"OPTIONS","url":"/api/v1/categories"},"service":"purely-ceylon-backend-ecosystem","timestamp":"2026-07-19 07:11:17"}
{"level":"info","message":{"ip":"::1","method":"OPTIONS","url":"/api/v1/products?page=1&limit=10"},"service":"purely-ceylon-backend-ecosystem","timestamp":"2026-07-19 07:11:18"}
{"level":"info","message":{"ip":"::1","method":"OPTIONS","url":"/api/v1/categories"},"service":"purely-ceylon-backend-ecosystem","timestamp":"2026-07-19 07:11:18"}
{"level":"info","message":{"ip":"::1","method":"GET","url":"/api/v1/products?page=1&limit=10"},"service":"purely-ceylon-backend-ecosystem","timestamp":"2026-07-19 07:11:18"}
{"level":"info","message":{"ip":"::1","method":"GET","url":"/api/v1/categories"},"service":"purely-ceylon-backend-ecosystem","timestamp":"2026-07-19 07:11:18"}
{"level":"info","message":{"ip":"::1","method":"GET","url":"/api/v1/categories"},"service":"purely-ceylon-backend-ecosystem","timestamp":"2026-07-19 07:11:18"}
{"level":"info","message":{"ip":"::1","method":"GET","url":"/api/v1/products?page=1&limit=10"},"service":"purely-ceylon-backend-ecosystem","timestamp":"2026-07-19 07:11:18"}
{"level":"info","message":{"ip":"::1","method":"OPTIONS","url":"/api/v1/profile/me"},"service":"purely-ceylon-backend-ecosystem","timestamp":"2026-07-19 07:11:22"}
{"level":"info","message":{"ip":"::1","method":"OPTIONS","url":"/api/v1/profile/me"},"service":"purely-ceylon-backend-ecosystem","timestamp":"2026-07-19 07:11:22"}
{"level":"info","message":{"ip":"::1","method":"OPTIONS","url":"/api/v1/cart"},"service":"purely-ceylon-backend-ecosystem","timestamp":"2026-07-19 07:11:22"}
{"level":"info","message":{"ip":"::1","method":"OPTIONS","url":"/api/v1/wishlist"},"service":"purely-ceylon-backend-ecosystem","timestamp":"2026-07-19 07:11:22"}
{"level":"info","message":{"ip":"::1","method":"GET","url":"/api/v1/profile/me"},"service":"purely-ceylon-backend-ecosystem","timestamp":"2026-07-19 07:11:22"}
{"level":"info","message":{"ip":"::1","method":"GET","url":"/api/v1/cart"},"service":"purely-ceylon-backend-ecosystem","timestamp":"2026-07-19 07:11:22"}
{"level":"info","message":{"ip":"::1","method":"OPTIONS","url":"/api/v1/cart"},"service":"purely-ceylon-backend-ecosystem","timestamp":"2026-07-19 07:11:22"}
{"level":"info","message":{"ip":"::1","method":"OPTIONS","url":"/api/v1/wishlist"},"service":"purely-ceylon-backend-ecosystem","timestamp":"2026-07-19 07:11:22"}
{"level":"info","message":{"ip":"::1","method":"GET","url":"/api/v1/wishlist"},"service":"purely-ceylon-backend-ecosystem","timestamp":"2026-07-19 07:11:22"}
{"level":"info","message":{"ip":"::1","method":"GET","url":"/api/v1/profile/me"},"service":"purely-ceylon-backend-ecosystem","timestamp":"2026-07-19 07:11:22"}
{"level":"info","message":{"ip":"::1","method":"GET","url":"/api/v1/cart"},"service":"purely-ceylon-backend-ecosystem","timestamp":"2026-07-19 07:11:22"}
{"level":"info","message":{"ip":"::1","method":"GET","url":"/api/v1/wishlist"},"service":"purely-ceylon-backend-ecosystem","timestamp":"2026-07-19 07:11:22"}
{"level":"info","message":{"ip":"::1","method":"OPTIONS","url":"/api/v1/products?page=1&limit=10"},"service":"purely-ceylon-backend-ecosystem","timestamp":"2026-07-19 07:11:30"}
{"level":"info","message":{"ip":"::1","method":"OPTIONS","url":"/api/v1/categories"},"service":"purely-ceylon-backend-ecosystem","timestamp":"2026-07-19 07:11:30"}
{"level":"info","message":{"ip":"::1","method":"OPTIONS","url":"/api/v1/products?page=1&limit=10"},"service":"purely-ceylon-backend-ecosystem","timestamp":"2026-07-19 07:11:30"}
{"level":"info","message":{"ip":"::1","method":"OPTIONS","url":"/api/v1/categories"},"service":"purely-ceylon-backend-ecosystem","timestamp":"2026-07-19 07:11:30"}
{"level":"info","message":{"ip":"::1","method":"GET","url":"/api/v1/products?page=1&limit=10"},"service":"purely-ceylon-backend-ecosystem","timestamp":"2026-07-19 07:11:30"}
{"level":"info","message":{"ip":"::1","method":"GET","url":"/api/v1/categories"},"service":"purely-ceylon-backend-ecosystem","timestamp":"2026-07-19 07:11:30"}
{"level":"info","message":{"ip":"::1","method":"GET","url":"/api/v1/categories"},"service":"purely-ceylon-backend-ecosystem","timestamp":"2026-07-19 07:11:30"}
{"level":"info","message":{"ip":"::1","method":"GET","url":"/api/v1/products?page=1&limit=10"},"service":"purely-ceylon-backend-ecosystem","timestamp":"2026-07-19 07:11:30"}
{"level":"info","message":"✅ Email credentials loaded successfully.","service":"purely-ceylon-backend-ecosystem","timestamp":"2026-07-19 07:12:36"}
{"level":"info","message":"🚀 Server running on port 5000","service":"purely-ceylon-backend-ecosystem","timestamp":"2026-07-19 07:12:36"}
{"level":"info","message":"✅ All Background Jobs Started Successfully","service":"purely-ceylon-backend-ecosystem","timestamp":"2026-07-19 07:12:36"}
{"level":"info","message":"⚙️ Background Jobs Started","service":"purely-ceylon-backend-ecosystem","timestamp":"2026-07-19 07:12:36"}
{"level":"info","message":{"ip":"::1","method":"OPTIONS","url":"/api/v1/auth/login"},"service":"purely-ceylon-backend-ecosystem","timestamp":"2026-07-19 07:12:43"}
{"level":"info","message":{"ip":"::1","method":"POST","url":"/api/v1/auth/login"},"service":"purely-ceylon-backend-ecosystem","timestamp":"2026-07-19 07:12:43"}
{"level":"info","message":{"email":"musabhafiz995@gmail.com","event":"LOGIN_SUCCESS"},"service":"purely-ceylon-backend-ecosystem","timestamp":"2026-07-19 07:12:43"}
{"level":"info","message":{"ip":"::1","method":"OPTIONS","url":"/api/v1/profile/me"},"service":"purely-ceylon-backend-ecosystem","timestamp":"2026-07-19 07:12:45"}
{"level":"info","message":{"ip":"::1","method":"OPTIONS","url":"/api/v1/cart"},"service":"purely-ceylon-backend-ecosystem","timestamp":"2026-07-19 07:12:45"}
{"level":"info","message":{"ip":"::1","method":"OPTIONS","url":"/api/v1/wishlist"},"service":"purely-ceylon-backend-ecosystem","timestamp":"2026-07-19 07:12:45"}
{"level":"info","message":{"ip":"::1","method":"OPTIONS","url":"/api/v1/orders/admin/dashboard"},"service":"purely-ceylon-backend-ecosystem","timestamp":"2026-07-19 07:12:45"}
{"level":"info","message":{"ip":"::1","method":"OPTIONS","url":"/api/v1/orders/admin/dashboard"},"service":"purely-ceylon-backend-ecosystem","timestamp":"2026-07-19 07:12:45"}
{"level":"info","message":{"ip":"::1","method":"GET","url":"/api/v1/profile/me"},"service":"purely-ceylon-backend-ecosystem","timestamp":"2026-07-19 07:12:45"}
{"level":"info","message":{"ip":"::1","method":"GET","url":"/api/v1/cart"},"service":"purely-ceylon-backend-ecosystem","timestamp":"2026-07-19 07:12:45"}
{"level":"info","message":{"ip":"::1","method":"GET","url":"/api/v1/wishlist"},"service":"purely-ceylon-backend-ecosystem","timestamp":"2026-07-19 07:12:45"}
{"level":"info","message":{"ip":"::1","method":"GET","url":"/api/v1/orders/admin/dashboard"},"service":"purely-ceylon-backend-ecosystem","timestamp":"2026-07-19 07:12:46"}
{"level":"info","message":{"ip":"::1","method":"GET","url":"/api/v1/orders/admin/dashboard"},"service":"purely-ceylon-backend-ecosystem","timestamp":"2026-07-19 07:12:46"}
{"level":"info","message":{"ip":"::1","method":"OPTIONS","url":"/api/v1/admin/monthly-sales"},"service":"purely-ceylon-backend-ecosystem","timestamp":"2026-07-19 07:12:46"}
{"level":"info","message":{"ip":"::1","method":"OPTIONS","url":"/api/v1/admin/top-products"},"service":"purely-ceylon-backend-ecosystem","timestamp":"2026-07-19 07:12:46"}
{"level":"info","message":{"ip":"::1","method":"GET","url":"/api/v1/admin/top-products"},"service":"purely-ceylon-backend-ecosystem","timestamp":"2026-07-19 07:12:46"}
{"level":"info","message":{"ip":"::1","method":"GET","url":"/api/v1/admin/monthly-sales"},"service":"purely-ceylon-backend-ecosystem","timestamp":"2026-07-19 07:12:46"}
{"level":"info","message":{"ip":"::1","method":"GET","url":"/api/v1/admin/monthly-sales"},"service":"purely-ceylon-backend-ecosystem","timestamp":"2026-07-19 07:12:46"}
{"level":"info","message":{"ip":"::1","method":"GET","url":"/api/v1/admin/top-products"},"service":"purely-ceylon-backend-ecosystem","timestamp":"2026-07-19 07:12:47"}
{"level":"info","message":{"ip":"::1","method":"GET","url":"/api/v1/admin/top-analytics"},"service":"purely-ceylon-backend-ecosystem","timestamp":"2026-07-19 07:12:47"}
{"level":"info","message":{"ip":"::1","method":"GET","url":"/api/v1/admin/top-analytics"},"service":"purely-ceylon-backend-ecosystem","timestamp":"2026-07-19 07:12:47"}
{"level":"info","message":{"ip":"::1","method":"OPTIONS","url":"/api/v1/products?page=1&limit=10"},"service":"purely-ceylon-backend-ecosystem","timestamp":"2026-07-19 07:12:49"}
{"level":"info","message":{"ip":"::1","method":"OPTIONS","url":"/api/v1/categories"},"service":"purely-ceylon-backend-ecosystem","timestamp":"2026-07-19 07:12:49"}
{"level":"info","message":{"ip":"::1","method":"OPTIONS","url":"/api/v1/products?page=1&limit=10"},"service":"purely-ceylon-backend-ecosystem","timestamp":"2026-07-19 07:12:49"}
{"level":"info","message":{"ip":"::1","method":"OPTIONS","url":"/api/v1/categories"},"service":"purely-ceylon-backend-ecosystem","timestamp":"2026-07-19 07:12:49"}
{"level":"info","message":{"ip":"::1","method":"GET","url":"/api/v1/products?page=1&limit=10"},"service":"purely-ceylon-backend-ecosystem","timestamp":"2026-07-19 07:12:49"}
{"level":"info","message":{"ip":"::1","method":"GET","url":"/api/v1/categories"},"service":"purely-ceylon-backend-ecosystem","timestamp":"2026-07-19 07:12:49"}
{"level":"info","message":{"ip":"::1","method":"GET","url":"/api/v1/products?page=1&limit=10"},"service":"purely-ceylon-backend-ecosystem","timestamp":"2026-07-19 07:12:49"}
{"level":"info","message":{"ip":"::1","method":"GET","url":"/api/v1/categories"},"service":"purely-ceylon-backend-ecosystem","timestamp":"2026-07-19 07:12:49"}
{"level":"info","message":{"ip":"::1","method":"OPTIONS","url":"/api/v1/product-images/241b18ad-3551-46d8-af5c-aa3140abdedd"},"service":"purely-ceylon-backend-ecosystem","timestamp":"2026-07-19 07:12:55"}
{"level":"info","message":{"ip":"::1","method":"OPTIONS","url":"/api/v1/product-images/241b18ad-3551-46d8-af5c-aa3140abdedd"},"service":"purely-ceylon-backend-ecosystem","timestamp":"2026-07-19 07:12:55"}
{"level":"info","message":{"ip":"::1","method":"GET","url":"/api/v1/product-images/241b18ad-3551-46d8-af5c-aa3140abdedd"},"service":"purely-ceylon-backend-ecosystem","timestamp":"2026-07-19 07:12:55"}
{"level":"info","message":{"ip":"::1","method":"GET","url":"/api/v1/product-images/241b18ad-3551-46d8-af5c-aa3140abdedd"},"service":"purely-ceylon-backend-ecosystem","timestamp":"2026-07-19 07:12:55"}
{"level":"info","message":{"ip":"::1","method":"OPTIONS","url":"/api/v1/product-images/upload"},"service":"purely-ceylon-backend-ecosystem","timestamp":"2026-07-19 07:13:01"}
{"level":"info","message":{"ip":"::1","method":"POST","url":"/api/v1/product-images/upload"},"service":"purely-ceylon-backend-ecosystem","timestamp":"2026-07-19 07:13:01"}
{"level":"error","message":"⚠️ Unhandled Rejection (Promise): [object Object]","service":"purely-ceylon-backend-ecosystem","stack":"Error: [object Object]\n    at process.<anonymous> (C:\\purely-ceylon-ecosystem\\backend\\src\\server.ts:71:88)\n    at process.emit (node:events:509:28)\n    at process.emit (C:\\purely-ceylon-ecosystem\\backend\\node_modules\\source-map-support\\source-map-support.js:516:21)\n    at C:\\purely-ceylon-ecosystem\\backend\\node_modules\\q\\q.js:1079:25\n    at runSingle (C:\\purely-ceylon-ecosystem\\backend\\node_modules\\q\\q.js:137:13)\n    at flush (C:\\purely-ceylon-ecosystem\\backend\\node_modules\\q\\q.js:130:13)\n    at processTicksAndRejections (node:internal/process/task_queues:85:11)","timestamp":"2026-07-19 07:13:13"}
{"level":"info","message":{"ip":"::1","method":"OPTIONS","url":"/api/v1/product-images/upload"},"service":"purely-ceylon-backend-ecosystem","timestamp":"2026-07-19 07:13:24"}
{"level":"info","message":{"ip":"::1","method":"POST","url":"/api/v1/product-images/upload"},"service":"purely-ceylon-backend-ecosystem","timestamp":"2026-07-19 07:13:24"}
{"level":"error","message":"⚠️ Unhandled Rejection (Promise): [object Object]","service":"purely-ceylon-backend-ecosystem","stack":"Error: [object Object]\n    at process.<anonymous> (C:\\purely-ceylon-ecosystem\\backend\\src\\server.ts:71:88)\n    at process.emit (node:events:509:28)\n    at process.emit (C:\\purely-ceylon-ecosystem\\backend\\node_modules\\source-map-support\\source-map-support.js:516:21)\n    at C:\\purely-ceylon-ecosystem\\backend\\node_modules\\q\\q.js:1079:25\n    at runSingle (C:\\purely-ceylon-ecosystem\\backend\\node_modules\\q\\q.js:137:13)\n    at flush (C:\\purely-ceylon-ecosystem\\backend\\node_modules\\q\\q.js:130:13)\n    at processTicksAndRejections (node:internal/process/task_queues:85:11)","timestamp":"2026-07-19 07:13:36"}
{"level":"info","message":"✅ Email credentials loaded successfully.","service":"purely-ceylon-backend-ecosystem","timestamp":"2026-07-19 13:03:36"}
{"level":"info","message":"🚀 Server running on port 5000","service":"purely-ceylon-backend-ecosystem","timestamp":"2026-07-19 13:03:37"}
{"level":"info","message":"✅ All Background Jobs Started Successfully","service":"purely-ceylon-backend-ecosystem","timestamp":"2026-07-19 13:03:37"}
{"level":"info","message":"⚙️ Background Jobs Started","service":"purely-ceylon-backend-ecosystem","timestamp":"2026-07-19 13:03:37"}
{"level":"info","message":"📧 Processing Email Queue","service":"purely-ceylon-backend-ecosystem","timestamp":"2026-07-19 13:05:00"}
{"level":"info","message":{"ip":"::1","method":"OPTIONS","url":"/api/v1/auth/login"},"service":"purely-ceylon-backend-ecosystem","timestamp":"2026-07-19 13:05:08"}
{"level":"info","message":{"ip":"::1","method":"POST","url":"/api/v1/auth/login"},"service":"purely-ceylon-backend-ecosystem","timestamp":"2026-07-19 13:05:08"}
{"level":"info","message":{"email":"musabhafiz995@gmail.com","event":"LOGIN_SUCCESS"},"service":"purely-ceylon-backend-ecosystem","timestamp":"2026-07-19 13:05:10"}
{"level":"info","message":{"ip":"::1","method":"OPTIONS","url":"/api/v1/profile/me"},"service":"purely-ceylon-backend-ecosystem","timestamp":"2026-07-19 13:05:13"}
{"level":"info","message":{"ip":"::1","method":"GET","url":"/api/v1/profile/me"},"service":"purely-ceylon-backend-ecosystem","timestamp":"2026-07-19 13:05:14"}
{"level":"info","message":{"ip":"::1","method":"OPTIONS","url":"/api/v1/cart"},"service":"purely-ceylon-backend-ecosystem","timestamp":"2026-07-19 13:05:14"}
{"level":"info","message":{"ip":"::1","method":"OPTIONS","url":"/api/v1/wishlist"},"service":"purely-ceylon-backend-ecosystem","timestamp":"2026-07-19 13:05:14"}
{"level":"info","message":{"ip":"::1","method":"OPTIONS","url":"/api/v1/orders/admin/dashboard"},"service":"purely-ceylon-backend-ecosystem","timestamp":"2026-07-19 13:05:14"}
{"level":"info","message":{"ip":"::1","method":"OPTIONS","url":"/api/v1/orders/admin/dashboard"},"service":"purely-ceylon-backend-ecosystem","timestamp":"2026-07-19 13:05:15"}
{"level":"info","message":{"ip":"::1","method":"GET","url":"/api/v1/cart"},"service":"purely-ceylon-backend-ecosystem","timestamp":"2026-07-19 13:05:15"}
{"level":"info","message":{"ip":"::1","method":"GET","url":"/api/v1/wishlist"},"service":"purely-ceylon-backend-ecosystem","timestamp":"2026-07-19 13:05:15"}
{"level":"info","message":{"ip":"::1","method":"GET","url":"/api/v1/orders/admin/dashboard"},"service":"purely-ceylon-backend-ecosystem","timestamp":"2026-07-19 13:05:16"}
{"level":"info","message":{"ip":"::1","method":"OPTIONS","url":"/api/v1/admin/monthly-sales"},"service":"purely-ceylon-backend-ecosystem","timestamp":"2026-07-19 13:05:17"}
{"level":"info","message":{"ip":"::1","method":"OPTIONS","url":"/api/v1/admin/top-products"},"service":"purely-ceylon-backend-ecosystem","timestamp":"2026-07-19 13:05:17"}
{"level":"info","message":{"ip":"::1","method":"GET","url":"/api/v1/orders/admin/dashboard"},"service":"purely-ceylon-backend-ecosystem","timestamp":"2026-07-19 13:05:17"}
{"level":"info","message":{"ip":"::1","method":"GET","url":"/api/v1/admin/monthly-sales"},"service":"purely-ceylon-backend-ecosystem","timestamp":"2026-07-19 13:05:17"}
{"level":"info","message":{"ip":"::1","method":"GET","url":"/api/v1/admin/top-products"},"service":"purely-ceylon-backend-ecosystem","timestamp":"2026-07-19 13:05:17"}
{"level":"info","message":{"ip":"::1","method":"GET","url":"/api/v1/admin/monthly-sales"},"service":"purely-ceylon-backend-ecosystem","timestamp":"2026-07-19 13:05:18"}
{"level":"info","message":{"ip":"::1","method":"GET","url":"/api/v1/admin/top-products"},"service":"purely-ceylon-backend-ecosystem","timestamp":"2026-07-19 13:05:18"}
{"level":"info","message":{"ip":"::1","method":"GET","url":"/api/v1/admin/top-analytics"},"service":"purely-ceylon-backend-ecosystem","timestamp":"2026-07-19 13:05:18"}
{"level":"info","message":{"ip":"::1","method":"GET","url":"/api/v1/admin/top-analytics"},"service":"purely-ceylon-backend-ecosystem","timestamp":"2026-07-19 13:05:18"}
{"level":"info","message":{"ip":"::1","method":"OPTIONS","url":"/api/v1/products?page=1&limit=10"},"service":"purely-ceylon-backend-ecosystem","timestamp":"2026-07-19 13:05:34"}
{"level":"info","message":{"ip":"::1","method":"OPTIONS","url":"/api/v1/categories"},"service":"purely-ceylon-backend-ecosystem","timestamp":"2026-07-19 13:05:34"}
{"level":"info","message":{"ip":"::1","method":"OPTIONS","url":"/api/v1/products?page=1&limit=10"},"service":"purely-ceylon-backend-ecosystem","timestamp":"2026-07-19 13:05:34"}
{"level":"info","message":{"ip":"::1","method":"OPTIONS","url":"/api/v1/categories"},"service":"purely-ceylon-backend-ecosystem","timestamp":"2026-07-19 13:05:34"}
{"level":"info","message":{"ip":"::1","method":"GET","url":"/api/v1/categories"},"service":"purely-ceylon-backend-ecosystem","timestamp":"2026-07-19 13:05:34"}
{"level":"info","message":{"ip":"::1","method":"GET","url":"/api/v1/products?page=1&limit=10"},"service":"purely-ceylon-backend-ecosystem","timestamp":"2026-07-19 13:05:34"}
{"level":"info","message":{"ip":"::1","method":"GET","url":"/api/v1/categories"},"service":"purely-ceylon-backend-ecosystem","timestamp":"2026-07-19 13:05:35"}
{"level":"info","message":{"ip":"::1","method":"GET","url":"/api/v1/products?page=1&limit=10"},"service":"purely-ceylon-backend-ecosystem","timestamp":"2026-07-19 13:05:35"}
{"level":"info","message":{"ip":"::1","method":"OPTIONS","url":"/api/v1/orders/admin/all"},"service":"purely-ceylon-backend-ecosystem","timestamp":"2026-07-19 13:05:41"}
{"level":"info","message":{"ip":"::1","method":"OPTIONS","url":"/api/v1/orders/admin/all"},"service":"purely-ceylon-backend-ecosystem","timestamp":"2026-07-19 13:05:41"}
{"level":"info","message":{"ip":"::1","method":"GET","url":"/api/v1/orders/admin/all"},"service":"purely-ceylon-backend-ecosystem","timestamp":"2026-07-19 13:05:41"}
{"level":"info","message":{"ip":"::1","method":"GET","url":"/api/v1/orders/admin/all"},"service":"purely-ceylon-backend-ecosystem","timestamp":"2026-07-19 13:05:41"}
{"level":"info","message":{"ip":"::1","method":"OPTIONS","url":"/api/v1/orders/admin/all"},"service":"purely-ceylon-backend-ecosystem","timestamp":"2026-07-19 13:05:47"}
{"level":"info","message":{"ip":"::1","method":"OPTIONS","url":"/api/v1/orders/admin/all"},"service":"purely-ceylon-backend-ecosystem","timestamp":"2026-07-19 13:05:47"}
{"level":"info","message":{"ip":"::1","method":"GET","url":"/api/v1/orders/admin/all"},"service":"purely-ceylon-backend-ecosystem","timestamp":"2026-07-19 13:05:47"}
{"level":"info","message":{"ip":"::1","method":"GET","url":"/api/v1/orders/admin/all"},"service":"purely-ceylon-backend-ecosystem","timestamp":"2026-07-19 13:05:48"}
{"level":"info","message":{"ip":"::1","method":"OPTIONS","url":"/api/v1/products?page=1&limit=10"},"service":"purely-ceylon-backend-ecosystem","timestamp":"2026-07-19 13:05:48"}
{"level":"info","message":{"ip":"::1","method":"OPTIONS","url":"/api/v1/categories"},"service":"purely-ceylon-backend-ecosystem","timestamp":"2026-07-19 13:05:48"}
{"level":"info","message":{"ip":"::1","method":"OPTIONS","url":"/api/v1/categories"},"service":"purely-ceylon-backend-ecosystem","timestamp":"2026-07-19 13:05:49"}
{"level":"info","message":{"ip":"::1","method":"OPTIONS","url":"/api/v1/products?page=1&limit=10"},"service":"purely-ceylon-backend-ecosystem","timestamp":"2026-07-19 13:05:49"}
{"level":"info","message":{"ip":"::1","method":"GET","url":"/api/v1/products?page=1&limit=10"},"service":"purely-ceylon-backend-ecosystem","timestamp":"2026-07-19 13:05:49"}
{"level":"info","message":{"ip":"::1","method":"GET","url":"/api/v1/categories"},"service":"purely-ceylon-backend-ecosystem","timestamp":"2026-07-19 13:05:49"}
{"level":"info","message":{"ip":"::1","method":"GET","url":"/api/v1/categories"},"service":"purely-ceylon-backend-ecosystem","timestamp":"2026-07-19 13:05:49"}
{"level":"info","message":{"ip":"::1","method":"GET","url":"/api/v1/products?page=1&limit=10"},"service":"purely-ceylon-backend-ecosystem","timestamp":"2026-07-19 13:05:49"}
{"level":"info","message":{"ip":"::1","method":"OPTIONS","url":"/api/v1/profile/me"},"service":"purely-ceylon-backend-ecosystem","timestamp":"2026-07-19 13:05:50"}
{"level":"info","message":{"ip":"::1","method":"OPTIONS","url":"/api/v1/profile/me"},"service":"purely-ceylon-backend-ecosystem","timestamp":"2026-07-19 13:05:51"}
{"level":"info","message":{"ip":"::1","method":"OPTIONS","url":"/api/v1/cart"},"service":"purely-ceylon-backend-ecosystem","timestamp":"2026-07-19 13:05:51"}
{"level":"info","message":{"ip":"::1","method":"OPTIONS","url":"/api/v1/wishlist"},"service":"purely-ceylon-backend-ecosystem","timestamp":"2026-07-19 13:05:51"}
{"level":"info","message":{"ip":"::1","method":"OPTIONS","url":"/api/v1/wishlist"},"service":"purely-ceylon-backend-ecosystem","timestamp":"2026-07-19 13:05:52"}
{"level":"info","message":{"ip":"::1","method":"OPTIONS","url":"/api/v1/products/241b18ad-3551-46d8-af5c-aa3140abdedd"},"service":"purely-ceylon-backend-ecosystem","timestamp":"2026-07-19 13:05:52"}
{"level":"info","message":{"ip":"::1","method":"GET","url":"/api/v1/profile/me"},"service":"purely-ceylon-backend-ecosystem","timestamp":"2026-07-19 13:05:52"}
{"level":"info","message":{"ip":"::1","method":"OPTIONS","url":"/api/v1/cart"},"service":"purely-ceylon-backend-ecosystem","timestamp":"2026-07-19 13:05:52"}
{"level":"info","message":{"ip":"::1","method":"OPTIONS","url":"/api/v1/products/241b18ad-3551-46d8-af5c-aa3140abdedd"},"service":"purely-ceylon-backend-ecosystem","timestamp":"2026-07-19 13:05:52"}
{"level":"info","message":{"ip":"::1","method":"GET","url":"/api/v1/cart"},"service":"purely-ceylon-backend-ecosystem","timestamp":"2026-07-19 13:05:52"}
{"level":"info","message":{"ip":"::1","method":"GET","url":"/api/v1/wishlist"},"service":"purely-ceylon-backend-ecosystem","timestamp":"2026-07-19 13:05:52"}
{"level":"info","message":{"ip":"::1","method":"GET","url":"/api/v1/products/241b18ad-3551-46d8-af5c-aa3140abdedd"},"service":"purely-ceylon-backend-ecosystem","timestamp":"2026-07-19 13:05:53"}
{"level":"info","message":{"ip":"::1","method":"GET","url":"/api/v1/profile/me"},"service":"purely-ceylon-backend-ecosystem","timestamp":"2026-07-19 13:05:53"}
{"level":"info","message":{"ip":"::1","method":"GET","url":"/api/v1/cart"},"service":"purely-ceylon-backend-ecosystem","timestamp":"2026-07-19 13:05:53"}
{"level":"info","message":{"ip":"::1","method":"GET","url":"/api/v1/wishlist"},"service":"purely-ceylon-backend-ecosystem","timestamp":"2026-07-19 13:05:53"}
{"level":"info","message":{"ip":"::1","method":"GET","url":"/api/v1/products/241b18ad-3551-46d8-af5c-aa3140abdedd"},"service":"purely-ceylon-backend-ecosystem","timestamp":"2026-07-19 13:05:53"}
{"level":"info","message":{"ip":"::1","method":"OPTIONS","url":"/api/v1/reviews/241b18ad-3551-46d8-af5c-aa3140abdedd"},"service":"purely-ceylon-backend-ecosystem","timestamp":"2026-07-19 13:05:53"}
{"level":"info","message":{"ip":"::1","method":"GET","url":"/api/v1/reviews/241b18ad-3551-46d8-af5c-aa3140abdedd"},"service":"purely-ceylon-backend-ecosystem","timestamp":"2026-07-19 13:05:54"}
{"level":"info","message":{"ip":"::1","method":"OPTIONS","url":"/api/v1/questions/241b18ad-3551-46d8-af5c-aa3140abdedd"},"service":"purely-ceylon-backend-ecosystem","timestamp":"2026-07-19 13:05:54"}
{"level":"info","message":{"ip":"::1","method":"GET","url":"/api/v1/reviews/241b18ad-3551-46d8-af5c-aa3140abdedd"},"service":"purely-ceylon-backend-ecosystem","timestamp":"2026-07-19 13:05:54"}
{"level":"info","message":{"ip":"::1","method":"GET","url":"/api/v1/questions/241b18ad-3551-46d8-af5c-aa3140abdedd"},"service":"purely-ceylon-backend-ecosystem","timestamp":"2026-07-19 13:05:54"}
{"level":"info","message":{"ip":"::1","method":"GET","url":"/api/v1/questions/241b18ad-3551-46d8-af5c-aa3140abdedd"},"service":"purely-ceylon-backend-ecosystem","timestamp":"2026-07-19 13:05:55"}
{"level":"info","message":{"ip":"::1","method":"OPTIONS","url":"/api/v1/products?page=1&limit=10"},"service":"purely-ceylon-backend-ecosystem","timestamp":"2026-07-19 13:06:01"}
{"level":"info","message":{"ip":"::1","method":"OPTIONS","url":"/api/v1/categories"},"service":"purely-ceylon-backend-ecosystem","timestamp":"2026-07-19 13:06:01"}
{"level":"info","message":{"ip":"::1","method":"OPTIONS","url":"/api/v1/products?page=1&limit=10"},"service":"purely-ceylon-backend-ecosystem","timestamp":"2026-07-19 13:06:02"}
{"level":"info","message":{"ip":"::1","method":"OPTIONS","url":"/api/v1/categories"},"service":"purely-ceylon-backend-ecosystem","timestamp":"2026-07-19 13:06:02"}
{"level":"info","message":{"ip":"::1","method":"GET","url":"/api/v1/products?page=1&limit=10"},"service":"purely-ceylon-backend-ecosystem","timestamp":"2026-07-19 13:06:02"}
{"level":"info","message":{"ip":"::1","method":"GET","url":"/api/v1/categories"},"service":"purely-ceylon-backend-ecosystem","timestamp":"2026-07-19 13:06:02"}
{"level":"info","message":{"ip":"::1","method":"GET","url":"/api/v1/products?page=1&limit=10"},"service":"purely-ceylon-backend-ecosystem","timestamp":"2026-07-19 13:06:03"}
{"level":"info","message":{"ip":"::1","method":"GET","url":"/api/v1/categories"},"service":"purely-ceylon-backend-ecosystem","timestamp":"2026-07-19 13:06:03"}
{"level":"info","message":{"ip":"::1","method":"OPTIONS","url":"/api/v1/product-images/241b18ad-3551-46d8-af5c-aa3140abdedd"},"service":"purely-ceylon-backend-ecosystem","timestamp":"2026-07-19 13:06:04"}
{"level":"info","message":{"ip":"::1","method":"OPTIONS","url":"/api/v1/product-images/241b18ad-3551-46d8-af5c-aa3140abdedd"},"service":"purely-ceylon-backend-ecosystem","timestamp":"2026-07-19 13:06:04"}
{"level":"info","message":{"ip":"::1","method":"GET","url":"/api/v1/product-images/241b18ad-3551-46d8-af5c-aa3140abdedd"},"service":"purely-ceylon-backend-ecosystem","timestamp":"2026-07-19 13:06:04"}
{"level":"info","message":{"ip":"::1","method":"GET","url":"/api/v1/product-images/241b18ad-3551-46d8-af5c-aa3140abdedd"},"service":"purely-ceylon-backend-ecosystem","timestamp":"2026-07-19 13:06:05"}
{"level":"info","message":{"ip":"::1","method":"OPTIONS","url":"/api/v1/product-images/upload"},"service":"purely-ceylon-backend-ecosystem","timestamp":"2026-07-19 13:06:17"}
{"level":"info","message":{"ip":"::1","method":"POST","url":"/api/v1/product-images/upload"},"service":"purely-ceylon-backend-ecosystem","timestamp":"2026-07-19 13:06:17"}
{"level":"info","message":"✅ Email credentials loaded successfully.","service":"purely-ceylon-backend-ecosystem","timestamp":"2026-07-19 13:29:21"}
{"level":"info","message":"🚀 Server running on port 5000","service":"purely-ceylon-backend-ecosystem","timestamp":"2026-07-19 13:29:21"}
{"level":"info","message":"✅ All Background Jobs Started Successfully","service":"purely-ceylon-backend-ecosystem","timestamp":"2026-07-19 13:29:22"}
{"level":"info","message":"⚙️ Background Jobs Started","service":"purely-ceylon-backend-ecosystem","timestamp":"2026-07-19 13:29:22"}
{"level":"info","message":{"ip":"::1","method":"OPTIONS","url":"/api/v1/product-images/upload"},"service":"purely-ceylon-backend-ecosystem","timestamp":"2026-07-19 13:29:45"}
{"level":"info","message":{"ip":"::1","method":"POST","url":"/api/v1/product-images/upload"},"service":"purely-ceylon-backend-ecosystem","timestamp":"2026-07-19 13:29:45"}
{"level":"info","message":{"ip":"::1","method":"OPTIONS","url":"/api/v1/product-images/241b18ad-3551-46d8-af5c-aa3140abdedd"},"service":"purely-ceylon-backend-ecosystem","timestamp":"2026-07-19 13:29:51"}
{"level":"info","message":{"ip":"::1","method":"GET","url":"/api/v1/product-images/241b18ad-3551-46d8-af5c-aa3140abdedd"},"service":"purely-ceylon-backend-ecosystem","timestamp":"2026-07-19 13:29:51"}
{"level":"info","message":{"ip":"::1","method":"OPTIONS","url":"/api/v1/orders/admin/dashboard"},"service":"purely-ceylon-backend-ecosystem","timestamp":"2026-07-19 13:29:59"}
{"level":"info","message":{"ip":"::1","method":"OPTIONS","url":"/api/v1/orders/admin/dashboard"},"service":"purely-ceylon-backend-ecosystem","timestamp":"2026-07-19 13:29:59"}
{"level":"info","message":{"ip":"::1","method":"GET","url":"/api/v1/orders/admin/dashboard"},"service":"purely-ceylon-backend-ecosystem","timestamp":"2026-07-19 13:29:59"}
{"level":"info","message":{"ip":"::1","method":"GET","url":"/api/v1/orders/admin/dashboard"},"service":"purely-ceylon-backend-ecosystem","timestamp":"2026-07-19 13:29:59"}
{"level":"info","message":"📧 Processing Email Queue","service":"purely-ceylon-backend-ecosystem","timestamp":"2026-07-19 13:30:00"}
{"level":"info","message":{"ip":"::1","method":"OPTIONS","url":"/api/v1/admin/monthly-sales"},"service":"purely-ceylon-backend-ecosystem","timestamp":"2026-07-19 13:30:00"}
{"level":"info","message":{"ip":"::1","method":"OPTIONS","url":"/api/v1/admin/top-products"},"service":"purely-ceylon-backend-ecosystem","timestamp":"2026-07-19 13:30:00"}
{"level":"info","message":{"ip":"::1","method":"GET","url":"/api/v1/admin/monthly-sales"},"service":"purely-ceylon-backend-ecosystem","timestamp":"2026-07-19 13:30:00"}
{"level":"info","message":{"ip":"::1","method":"GET","url":"/api/v1/admin/top-products"},"service":"purely-ceylon-backend-ecosystem","timestamp":"2026-07-19 13:30:00"}
{"level":"info","message":{"ip":"::1","method":"GET","url":"/api/v1/admin/monthly-sales"},"service":"purely-ceylon-backend-ecosystem","timestamp":"2026-07-19 13:30:01"}
{"level":"info","message":{"ip":"::1","method":"GET","url":"/api/v1/admin/top-products"},"service":"purely-ceylon-backend-ecosystem","timestamp":"2026-07-19 13:30:01"}
{"level":"info","message":{"ip":"::1","method":"GET","url":"/api/v1/admin/top-analytics"},"service":"purely-ceylon-backend-ecosystem","timestamp":"2026-07-19 13:30:01"}
{"level":"info","message":{"ip":"::1","method":"GET","url":"/api/v1/admin/top-analytics"},"service":"purely-ceylon-backend-ecosystem","timestamp":"2026-07-19 13:30:01"}
{"level":"info","message":{"ip":"::1","method":"OPTIONS","url":"/api/v1/categories"},"service":"purely-ceylon-backend-ecosystem","timestamp":"2026-07-19 13:30:07"}
{"level":"info","message":{"ip":"::1","method":"OPTIONS","url":"/api/v1/categories"},"service":"purely-ceylon-backend-ecosystem","timestamp":"2026-07-19 13:30:07"}
{"level":"info","message":{"ip":"::1","method":"GET","url":"/api/v1/categories"},"service":"purely-ceylon-backend-ecosystem","timestamp":"2026-07-19 13:30:07"}
{"level":"info","message":{"ip":"::1","method":"GET","url":"/api/v1/categories"},"service":"purely-ceylon-backend-ecosystem","timestamp":"2026-07-19 13:30:07"}
{"level":"info","message":{"ip":"::1","method":"OPTIONS","url":"/api/v1/orders/admin/all"},"service":"purely-ceylon-backend-ecosystem","timestamp":"2026-07-19 13:30:16"}
{"level":"info","message":{"ip":"::1","method":"OPTIONS","url":"/api/v1/orders/admin/all"},"service":"purely-ceylon-backend-ecosystem","timestamp":"2026-07-19 13:30:16"}
{"level":"info","message":{"ip":"::1","method":"GET","url":"/api/v1/orders/admin/all"},"service":"purely-ceylon-backend-ecosystem","timestamp":"2026-07-19 13:30:16"}
{"level":"info","message":{"ip":"::1","method":"GET","url":"/api/v1/orders/admin/all"},"service":"purely-ceylon-backend-ecosystem","timestamp":"2026-07-19 13:30:17"}
{"level":"info","message":{"ip":"::1","method":"OPTIONS","url":"/api/v1/orders/admin/dashboard"},"service":"purely-ceylon-backend-ecosystem","timestamp":"2026-07-19 13:30:18"}
{"level":"info","message":{"ip":"::1","method":"OPTIONS","url":"/api/v1/orders/admin/dashboard"},"service":"purely-ceylon-backend-ecosystem","timestamp":"2026-07-19 13:30:18"}
{"level":"info","message":{"ip":"::1","method":"GET","url":"/api/v1/orders/admin/dashboard"},"service":"purely-ceylon-backend-ecosystem","timestamp":"2026-07-19 13:30:18"}
{"level":"info","message":{"ip":"::1","method":"OPTIONS","url":"/api/v1/admin/monthly-sales"},"service":"purely-ceylon-backend-ecosystem","timestamp":"2026-07-19 13:30:18"}
{"level":"info","message":{"ip":"::1","method":"OPTIONS","url":"/api/v1/admin/top-products"},"service":"purely-ceylon-backend-ecosystem","timestamp":"2026-07-19 13:30:18"}
{"level":"info","message":{"ip":"::1","method":"GET","url":"/api/v1/orders/admin/dashboard"},"service":"purely-ceylon-backend-ecosystem","timestamp":"2026-07-19 13:30:18"}
{"level":"info","message":{"ip":"::1","method":"GET","url":"/api/v1/admin/monthly-sales"},"service":"purely-ceylon-backend-ecosystem","timestamp":"2026-07-19 13:30:18"}
{"level":"info","message":{"ip":"::1","method":"GET","url":"/api/v1/admin/top-products"},"service":"purely-ceylon-backend-ecosystem","timestamp":"2026-07-19 13:30:18"}
{"level":"info","message":{"ip":"::1","method":"GET","url":"/api/v1/admin/top-analytics"},"service":"purely-ceylon-backend-ecosystem","timestamp":"2026-07-19 13:30:19"}
{"level":"info","message":{"ip":"::1","method":"GET","url":"/api/v1/admin/monthly-sales"},"service":"purely-ceylon-backend-ecosystem","timestamp":"2026-07-19 13:30:19"}
{"level":"info","message":{"ip":"::1","method":"GET","url":"/api/v1/admin/top-products"},"service":"purely-ceylon-backend-ecosystem","timestamp":"2026-07-19 13:30:19"}
{"level":"info","message":{"ip":"::1","method":"GET","url":"/api/v1/admin/top-analytics"},"service":"purely-ceylon-backend-ecosystem","timestamp":"2026-07-19 13:30:22"}
{"level":"info","message":{"ip":"::1","method":"OPTIONS","url":"/api/v1/products?page=1&limit=10"},"service":"purely-ceylon-backend-ecosystem","timestamp":"2026-07-19 13:30:29"}
{"level":"info","message":{"ip":"::1","method":"OPTIONS","url":"/api/v1/categories"},"service":"purely-ceylon-backend-ecosystem","timestamp":"2026-07-19 13:30:29"}
{"level":"info","message":{"ip":"::1","method":"OPTIONS","url":"/api/v1/products?page=1&limit=10"},"service":"purely-ceylon-backend-ecosystem","timestamp":"2026-07-19 13:30:29"}
{"level":"info","message":{"ip":"::1","method":"OPTIONS","url":"/api/v1/categories"},"service":"purely-ceylon-backend-ecosystem","timestamp":"2026-07-19 13:30:29"}
{"level":"info","message":{"ip":"::1","method":"GET","url":"/api/v1/products?page=1&limit=10"},"service":"purely-ceylon-backend-ecosystem","timestamp":"2026-07-19 13:30:30"}
{"level":"info","message":{"ip":"::1","method":"GET","url":"/api/v1/categories"},"service":"purely-ceylon-backend-ecosystem","timestamp":"2026-07-19 13:30:30"}
{"level":"info","message":{"ip":"::1","method":"GET","url":"/api/v1/categories"},"service":"purely-ceylon-backend-ecosystem","timestamp":"2026-07-19 13:30:30"}
{"level":"info","message":{"ip":"::1","method":"GET","url":"/api/v1/products?page=1&limit=10"},"service":"purely-ceylon-backend-ecosystem","timestamp":"2026-07-19 13:30:31"}
{"level":"info","message":{"ip":"::1","method":"OPTIONS","url":"/api/v1/orders/admin/dashboard"},"service":"purely-ceylon-backend-ecosystem","timestamp":"2026-07-19 13:30:43"}
{"level":"info","message":{"ip":"::1","method":"OPTIONS","url":"/api/v1/orders/admin/dashboard"},"service":"purely-ceylon-backend-ecosystem","timestamp":"2026-07-19 13:30:43"}
{"level":"info","message":{"ip":"::1","method":"GET","url":"/api/v1/orders/admin/dashboard"},"service":"purely-ceylon-backend-ecosystem","timestamp":"2026-07-19 13:30:43"}
{"level":"info","message":{"ip":"::1","method":"OPTIONS","url":"/api/v1/admin/monthly-sales"},"service":"purely-ceylon-backend-ecosystem","timestamp":"2026-07-19 13:30:44"}
{"level":"info","message":{"ip":"::1","method":"OPTIONS","url":"/api/v1/admin/top-products"},"service":"purely-ceylon-backend-ecosystem","timestamp":"2026-07-19 13:30:44"}
{"level":"info","message":{"ip":"::1","method":"GET","url":"/api/v1/orders/admin/dashboard"},"service":"purely-ceylon-backend-ecosystem","timestamp":"2026-07-19 13:30:44"}
{"level":"info","message":{"ip":"::1","method":"GET","url":"/api/v1/admin/monthly-sales"},"service":"purely-ceylon-backend-ecosystem","timestamp":"2026-07-19 13:30:45"}
{"level":"info","message":{"ip":"::1","method":"GET","url":"/api/v1/admin/top-products"},"service":"purely-ceylon-backend-ecosystem","timestamp":"2026-07-19 13:30:45"}
{"level":"info","message":{"ip":"::1","method":"GET","url":"/api/v1/admin/top-analytics"},"service":"purely-ceylon-backend-ecosystem","timestamp":"2026-07-19 13:30:45"}
{"level":"info","message":{"ip":"::1","method":"GET","url":"/api/v1/admin/monthly-sales"},"service":"purely-ceylon-backend-ecosystem","timestamp":"2026-07-19 13:30:45"}
{"level":"info","message":{"ip":"::1","method":"GET","url":"/api/v1/admin/top-products"},"service":"purely-ceylon-backend-ecosystem","timestamp":"2026-07-19 13:30:47"}
{"level":"info","message":{"ip":"::1","method":"GET","url":"/api/v1/admin/top-analytics"},"service":"purely-ceylon-backend-ecosystem","timestamp":"2026-07-19 13:30:48"}
{"level":"info","message":{"ip":"::1","method":"OPTIONS","url":"/api/v1/orders/admin/all"},"service":"purely-ceylon-backend-ecosystem","timestamp":"2026-07-19 13:30:48"}
{"level":"info","message":{"ip":"::1","method":"OPTIONS","url":"/api/v1/orders/admin/all"},"service":"purely-ceylon-backend-ecosystem","timestamp":"2026-07-19 13:30:48"}
{"level":"info","message":{"ip":"::1","method":"GET","url":"/api/v1/orders/admin/all"},"service":"purely-ceylon-backend-ecosystem","timestamp":"2026-07-19 13:30:48"}
{"level":"info","message":{"ip":"::1","method":"GET","url":"/api/v1/orders/admin/all"},"service":"purely-ceylon-backend-ecosystem","timestamp":"2026-07-19 13:30:48"}
{"level":"info","message":{"ip":"::1","method":"OPTIONS","url":"/api/v1/categories"},"service":"purely-ceylon-backend-ecosystem","timestamp":"2026-07-19 13:30:49"}
{"level":"info","message":{"ip":"::1","method":"OPTIONS","url":"/api/v1/categories"},"service":"purely-ceylon-backend-ecosystem","timestamp":"2026-07-19 13:30:49"}
{"level":"info","message":{"ip":"::1","method":"OPTIONS","url":"/api/v1/orders/admin/dashboard"},"service":"purely-ceylon-backend-ecosystem","timestamp":"2026-07-19 13:30:50"}
{"level":"info","message":{"ip":"::1","method":"OPTIONS","url":"/api/v1/orders/admin/dashboard"},"service":"purely-ceylon-backend-ecosystem","timestamp":"2026-07-19 13:30:50"}
{"level":"info","message":{"ip":"::1","method":"GET","url":"/api/v1/categories"},"service":"purely-ceylon-backend-ecosystem","timestamp":"2026-07-19 13:30:50"}
{"level":"info","message":{"ip":"::1","method":"OPTIONS","url":"/api/v1/product-images/241b18ad-3551-46d8-af5c-aa3140abdedd"},"service":"purely-ceylon-backend-ecosystem","timestamp":"2026-07-19 13:30:50"}
{"level":"info","message":{"ip":"::1","method":"GET","url":"/api/v1/orders/admin/dashboard"},"service":"purely-ceylon-backend-ecosystem","timestamp":"2026-07-19 13:30:50"}
{"level":"info","message":{"ip":"::1","method":"OPTIONS","url":"/api/v1/product-images/241b18ad-3551-46d8-af5c-aa3140abdedd"},"service":"purely-ceylon-backend-ecosystem","timestamp":"2026-07-19 13:30:51"}
{"level":"info","message":{"ip":"::1","method":"GET","url":"/api/v1/product-images/241b18ad-3551-46d8-af5c-aa3140abdedd"},"service":"purely-ceylon-backend-ecosystem","timestamp":"2026-07-19 13:30:51"}
{"level":"info","message":{"ip":"::1","method":"GET","url":"/api/v1/categories"},"service":"purely-ceylon-backend-ecosystem","timestamp":"2026-07-19 13:30:51"}
{"level":"info","message":{"ip":"::1","method":"OPTIONS","url":"/api/v1/products?page=1&limit=10"},"service":"purely-ceylon-backend-ecosystem","timestamp":"2026-07-19 13:30:51"}
{"level":"info","message":{"ip":"::1","method":"OPTIONS","url":"/api/v1/products?page=1&limit=10"},"service":"purely-ceylon-backend-ecosystem","timestamp":"2026-07-19 13:30:51"}
{"level":"info","message":{"ip":"::1","method":"GET","url":"/api/v1/product-images/241b18ad-3551-46d8-af5c-aa3140abdedd"},"service":"purely-ceylon-backend-ecosystem","timestamp":"2026-07-19 13:30:51"}
{"level":"info","message":{"ip":"::1","method":"GET","url":"/api/v1/products?page=1&limit=10"},"service":"purely-ceylon-backend-ecosystem","timestamp":"2026-07-19 13:30:52"}
{"level":"info","message":{"ip":"::1","method":"GET","url":"/api/v1/categories"},"service":"purely-ceylon-backend-ecosystem","timestamp":"2026-07-19 13:30:52"}
{"level":"info","message":{"ip":"::1","method":"GET","url":"/api/v1/orders/admin/all"},"service":"purely-ceylon-backend-ecosystem","timestamp":"2026-07-19 13:30:52"}
{"level":"info","message":{"ip":"::1","method":"GET","url":"/api/v1/categories"},"service":"purely-ceylon-backend-ecosystem","timestamp":"2026-07-19 13:30:53"}
{"level":"info","message":{"ip":"::1","method":"GET","url":"/api/v1/orders/admin/all"},"service":"purely-ceylon-backend-ecosystem","timestamp":"2026-07-19 13:30:53"}
{"level":"info","message":{"ip":"::1","method":"GET","url":"/api/v1/orders/admin/dashboard"},"service":"purely-ceylon-backend-ecosystem","timestamp":"2026-07-19 13:30:53"}
{"level":"info","message":{"ip":"::1","method":"OPTIONS","url":"/api/v1/admin/monthly-sales"},"service":"purely-ceylon-backend-ecosystem","timestamp":"2026-07-19 13:30:53"}
{"level":"info","message":{"ip":"::1","method":"OPTIONS","url":"/api/v1/admin/top-products"},"service":"purely-ceylon-backend-ecosystem","timestamp":"2026-07-19 13:30:53"}
{"level":"info","message":{"ip":"::1","method":"GET","url":"/api/v1/admin/top-products"},"service":"purely-ceylon-backend-ecosystem","timestamp":"2026-07-19 13:30:53"}
{"level":"info","message":{"ip":"::1","method":"GET","url":"/api/v1/products?page=1&limit=10"},"service":"purely-ceylon-backend-ecosystem","timestamp":"2026-07-19 13:30:53"}
{"level":"info","message":{"ip":"::1","method":"GET","url":"/api/v1/admin/monthly-sales"},"service":"purely-ceylon-backend-ecosystem","timestamp":"2026-07-19 13:30:54"}
{"level":"info","message":{"ip":"::1","method":"GET","url":"/api/v1/admin/top-analytics"},"service":"purely-ceylon-backend-ecosystem","timestamp":"2026-07-19 13:30:54"}
{"level":"info","message":{"ip":"::1","method":"GET","url":"/api/v1/admin/monthly-sales"},"service":"purely-ceylon-backend-ecosystem","timestamp":"2026-07-19 13:30:54"}
{"level":"info","message":{"ip":"::1","method":"GET","url":"/api/v1/admin/top-products"},"service":"purely-ceylon-backend-ecosystem","timestamp":"2026-07-19 13:30:54"}
{"level":"info","message":{"ip":"::1","method":"GET","url":"/api/v1/admin/top-analytics"},"service":"purely-ceylon-backend-ecosystem","timestamp":"2026-07-19 13:30:54"}
{"level":"info","message":{"ip":"::1","method":"GET","url":"/api/v1/products?page=1&limit=10"},"service":"purely-ceylon-backend-ecosystem","timestamp":"2026-07-19 13:30:54"}
{"level":"info","message":{"ip":"::1","method":"GET","url":"/api/v1/categories"},"service":"purely-ceylon-backend-ecosystem","timestamp":"2026-07-19 13:30:54"}
{"level":"info","message":{"ip":"::1","method":"GET","url":"/api/v1/categories"},"service":"purely-ceylon-backend-ecosystem","timestamp":"2026-07-19 13:30:54"}
{"level":"info","message":{"ip":"::1","method":"GET","url":"/api/v1/products?page=1&limit=10"},"service":"purely-ceylon-backend-ecosystem","timestamp":"2026-07-19 13:30:55"}
{"level":"info","message":{"ip":"::1","method":"OPTIONS","url":"/api/v1/profile/me"},"service":"purely-ceylon-backend-ecosystem","timestamp":"2026-07-19 13:31:09"}
{"level":"info","message":{"ip":"::1","method":"OPTIONS","url":"/api/v1/profile/me"},"service":"purely-ceylon-backend-ecosystem","timestamp":"2026-07-19 13:31:10"}
{"level":"info","message":{"ip":"::1","method":"OPTIONS","url":"/api/v1/cart"},"service":"purely-ceylon-backend-ecosystem","timestamp":"2026-07-19 13:31:10"}
{"level":"info","message":{"ip":"::1","method":"OPTIONS","url":"/api/v1/wishlist"},"service":"purely-ceylon-backend-ecosystem","timestamp":"2026-07-19 13:31:11"}
{"level":"info","message":{"ip":"::1","method":"OPTIONS","url":"/api/v1/address"},"service":"purely-ceylon-backend-ecosystem","timestamp":"2026-07-19 13:31:11"}
{"level":"info","message":{"ip":"::1","method":"OPTIONS","url":"/api/v1/wishlist"},"service":"purely-ceylon-backend-ecosystem","timestamp":"2026-07-19 13:31:11"}
{"level":"info","message":{"ip":"::1","method":"OPTIONS","url":"/api/v1/cart"},"service":"purely-ceylon-backend-ecosystem","timestamp":"2026-07-19 13:31:11"}
{"level":"info","message":{"ip":"::1","method":"OPTIONS","url":"/api/v1/cart"},"service":"purely-ceylon-backend-ecosystem","timestamp":"2026-07-19 13:31:11"}
{"level":"info","message":{"ip":"::1","method":"OPTIONS","url":"/api/v1/wishlist"},"service":"purely-ceylon-backend-ecosystem","timestamp":"2026-07-19 13:31:11"}
{"level":"info","message":{"ip":"::1","method":"OPTIONS","url":"/api/v1/address"},"service":"purely-ceylon-backend-ecosystem","timestamp":"2026-07-19 13:31:11"}
{"level":"info","message":{"ip":"::1","method":"GET","url":"/api/v1/profile/me"},"service":"purely-ceylon-backend-ecosystem","timestamp":"2026-07-19 13:31:11"}
{"level":"info","message":{"ip":"::1","method":"OPTIONS","url":"/api/v1/wishlist"},"service":"purely-ceylon-backend-ecosystem","timestamp":"2026-07-19 13:31:12"}
{"level":"info","message":{"ip":"::1","method":"OPTIONS","url":"/api/v1/cart"},"service":"purely-ceylon-backend-ecosystem","timestamp":"2026-07-19 13:31:12"}
{"level":"info","message":{"ip":"::1","method":"GET","url":"/api/v1/cart"},"service":"purely-ceylon-backend-ecosystem","timestamp":"2026-07-19 13:31:12"}
{"level":"info","message":{"ip":"::1","method":"GET","url":"/api/v1/wishlist"},"service":"purely-ceylon-backend-ecosystem","timestamp":"2026-07-19 13:31:13"}
{"level":"info","message":{"ip":"::1","method":"GET","url":"/api/v1/address"},"service":"purely-ceylon-backend-ecosystem","timestamp":"2026-07-19 13:31:13"}
{"level":"info","message":{"ip":"::1","method":"GET","url":"/api/v1/profile/me"},"service":"purely-ceylon-backend-ecosystem","timestamp":"2026-07-19 13:31:15"}
{"level":"info","message":{"ip":"::1","method":"GET","url":"/api/v1/wishlist"},"service":"purely-ceylon-backend-ecosystem","timestamp":"2026-07-19 13:31:16"}
{"level":"info","message":{"ip":"::1","method":"GET","url":"/api/v1/cart"},"service":"purely-ceylon-backend-ecosystem","timestamp":"2026-07-19 13:31:16"}
{"level":"info","message":{"ip":"::1","method":"GET","url":"/api/v1/wishlist"},"service":"purely-ceylon-backend-ecosystem","timestamp":"2026-07-19 13:31:17"}
{"level":"info","message":{"ip":"::1","method":"GET","url":"/api/v1/cart"},"service":"purely-ceylon-backend-ecosystem","timestamp":"2026-07-19 13:31:17"}
{"level":"info","message":{"ip":"::1","method":"GET","url":"/api/v1/address"},"service":"purely-ceylon-backend-ecosystem","timestamp":"2026-07-19 13:31:18"}
{"level":"info","message":{"ip":"::1","method":"GET","url":"/api/v1/wishlist"},"service":"purely-ceylon-backend-ecosystem","timestamp":"2026-07-19 13:31:19"}
{"level":"info","message":{"ip":"::1","method":"OPTIONS","url":"/api/v1/auth/register"},"service":"purely-ceylon-backend-ecosystem","timestamp":"2026-07-19 13:31:29"}
{"level":"info","message":{"ip":"::1","method":"POST","url":"/api/v1/auth/register"},"service":"purely-ceylon-backend-ecosystem","timestamp":"2026-07-19 13:31:30"}
{"level":"info","message":{"ip":"::1","method":"OPTIONS","url":"/api/v1/auth/verify-otp"},"service":"purely-ceylon-backend-ecosystem","timestamp":"2026-07-19 13:31:57"}
{"level":"info","message":{"ip":"::1","method":"POST","url":"/api/v1/auth/verify-otp"},"service":"purely-ceylon-backend-ecosystem","timestamp":"2026-07-19 13:31:58"}
{"level":"info","message":{"ip":"::1","method":"OPTIONS","url":"/api/v1/auth/login"},"service":"purely-ceylon-backend-ecosystem","timestamp":"2026-07-19 13:32:06"}
{"level":"info","message":{"ip":"::1","method":"POST","url":"/api/v1/auth/login"},"service":"purely-ceylon-backend-ecosystem","timestamp":"2026-07-19 13:32:06"}
{"level":"info","message":{"email":"musabmohammed678@gmail.com","event":"LOGIN_SUCCESS"},"service":"purely-ceylon-backend-ecosystem","timestamp":"2026-07-19 13:32:07"}
{"level":"info","message":{"ip":"::1","method":"OPTIONS","url":"/api/v1/profile/me"},"service":"purely-ceylon-backend-ecosystem","timestamp":"2026-07-19 13:32:09"}
{"level":"info","message":{"ip":"::1","method":"OPTIONS","url":"/api/v1/categories"},"service":"purely-ceylon-backend-ecosystem","timestamp":"2026-07-19 13:32:09"}
{"level":"info","message":{"ip":"::1","method":"OPTIONS","url":"/api/v1/cart"},"service":"purely-ceylon-backend-ecosystem","timestamp":"2026-07-19 13:32:09"}
{"level":"info","message":{"ip":"::1","method":"OPTIONS","url":"/api/v1/wishlist"},"service":"purely-ceylon-backend-ecosystem","timestamp":"2026-07-19 13:32:09"}
{"level":"info","message":{"ip":"::1","method":"OPTIONS","url":"/api/v1/products?page=1&limit=10"},"service":"purely-ceylon-backend-ecosystem","timestamp":"2026-07-19 13:32:09"}
{"level":"info","message":{"ip":"::1","method":"OPTIONS","url":"/api/v1/categories"},"service":"purely-ceylon-backend-ecosystem","timestamp":"2026-07-19 13:32:09"}
{"level":"info","message":{"ip":"::1","method":"OPTIONS","url":"/api/v1/products?page=1&limit=10"},"service":"purely-ceylon-backend-ecosystem","timestamp":"2026-07-19 13:32:09"}
{"level":"info","message":{"ip":"::1","method":"GET","url":"/api/v1/profile/me"},"service":"purely-ceylon-backend-ecosystem","timestamp":"2026-07-19 13:32:09"}
{"level":"info","message":{"ip":"::1","method":"GET","url":"/api/v1/categories"},"service":"purely-ceylon-backend-ecosystem","timestamp":"2026-07-19 13:32:09"}
{"level":"info","message":{"ip":"::1","method":"GET","url":"/api/v1/cart"},"service":"purely-ceylon-backend-ecosystem","timestamp":"2026-07-19 13:32:09"}
{"level":"info","message":{"ip":"::1","method":"GET","url":"/api/v1/wishlist"},"service":"purely-ceylon-backend-ecosystem","timestamp":"2026-07-19 13:32:09"}
{"level":"info","message":{"ip":"::1","method":"GET","url":"/api/v1/products?page=1&limit=10"},"service":"purely-ceylon-backend-ecosystem","timestamp":"2026-07-19 13:32:09"}
{"level":"info","message":{"ip":"::1","method":"GET","url":"/api/v1/categories"},"service":"purely-ceylon-backend-ecosystem","timestamp":"2026-07-19 13:32:10"}
{"level":"info","message":{"ip":"::1","method":"GET","url":"/api/v1/products?page=1&limit=10"},"service":"purely-ceylon-backend-ecosystem","timestamp":"2026-07-19 13:32:10"}
{"level":"info","message":{"ip":"::1","method":"OPTIONS","url":"/api/v1/products?page=1&limit=10"},"service":"purely-ceylon-backend-ecosystem","timestamp":"2026-07-19 13:32:31"}
{"level":"info","message":{"ip":"::1","method":"OPTIONS","url":"/api/v1/categories"},"service":"purely-ceylon-backend-ecosystem","timestamp":"2026-07-19 13:32:31"}
{"level":"info","message":{"ip":"::1","method":"OPTIONS","url":"/api/v1/products?page=1&limit=10"},"service":"purely-ceylon-backend-ecosystem","timestamp":"2026-07-19 13:32:31"}
{"level":"info","message":{"ip":"::1","method":"OPTIONS","url":"/api/v1/categories"},"service":"purely-ceylon-backend-ecosystem","timestamp":"2026-07-19 13:32:31"}
{"level":"info","message":{"ip":"::1","method":"GET","url":"/api/v1/products?page=1&limit=10"},"service":"purely-ceylon-backend-ecosystem","timestamp":"2026-07-19 13:32:31"}
{"level":"info","message":{"ip":"::1","method":"GET","url":"/api/v1/categories"},"service":"purely-ceylon-backend-ecosystem","timestamp":"2026-07-19 13:32:31"}
{"level":"info","message":{"ip":"::1","method":"GET","url":"/api/v1/categories"},"service":"purely-ceylon-backend-ecosystem","timestamp":"2026-07-19 13:32:31"}
{"level":"info","message":{"ip":"::1","method":"GET","url":"/api/v1/products?page=1&limit=10"},"service":"purely-ceylon-backend-ecosystem","timestamp":"2026-07-19 13:32:32"}
{"level":"info","message":{"ip":"::1","method":"OPTIONS","url":"/api/v1/profile/me"},"service":"purely-ceylon-backend-ecosystem","timestamp":"2026-07-19 13:32:35"}
{"level":"info","message":{"ip":"::1","method":"OPTIONS","url":"/api/v1/profile/me"},"service":"purely-ceylon-backend-ecosystem","timestamp":"2026-07-19 13:32:35"}
{"level":"info","message":{"ip":"::1","method":"OPTIONS","url":"/api/v1/cart"},"service":"purely-ceylon-backend-ecosystem","timestamp":"2026-07-19 13:32:35"}
{"level":"info","message":{"ip":"::1","method":"OPTIONS","url":"/api/v1/wishlist"},"service":"purely-ceylon-backend-ecosystem","timestamp":"2026-07-19 13:32:36"}
{"level":"info","message":{"ip":"::1","method":"GET","url":"/api/v1/profile/me"},"service":"purely-ceylon-backend-ecosystem","timestamp":"2026-07-19 13:32:36"}
{"level":"info","message":{"ip":"::1","method":"OPTIONS","url":"/api/v1/cart"},"service":"purely-ceylon-backend-ecosystem","timestamp":"2026-07-19 13:32:36"}
{"level":"info","message":{"ip":"::1","method":"GET","url":"/api/v1/products?page=1&limit=10"},"service":"purely-ceylon-backend-ecosystem","timestamp":"2026-07-19 13:32:37"}
{"level":"info","message":{"ip":"::1","method":"GET","url":"/api/v1/categories"},"service":"purely-ceylon-backend-ecosystem","timestamp":"2026-07-19 13:32:37"}
{"level":"info","message":{"ip":"::1","method":"OPTIONS","url":"/api/v1/wishlist"},"service":"purely-ceylon-backend-ecosystem","timestamp":"2026-07-19 13:32:37"}
{"level":"info","message":{"ip":"::1","method":"GET","url":"/api/v1/cart"},"service":"purely-ceylon-backend-ecosystem","timestamp":"2026-07-19 13:32:37"}
{"level":"info","message":{"ip":"::1","method":"GET","url":"/api/v1/wishlist"},"service":"purely-ceylon-backend-ecosystem","timestamp":"2026-07-19 13:32:37"}
{"level":"info","message":{"ip":"::1","method":"GET","url":"/api/v1/profile/me"},"service":"purely-ceylon-backend-ecosystem","timestamp":"2026-07-19 13:32:37"}
{"level":"info","message":{"ip":"::1","method":"GET","url":"/api/v1/categories"},"service":"purely-ceylon-backend-ecosystem","timestamp":"2026-07-19 13:32:38"}
{"level":"info","message":{"ip":"::1","method":"GET","url":"/api/v1/cart"},"service":"purely-ceylon-backend-ecosystem","timestamp":"2026-07-19 13:32:38"}
{"level":"info","message":{"ip":"::1","method":"GET","url":"/api/v1/wishlist"},"service":"purely-ceylon-backend-ecosystem","timestamp":"2026-07-19 13:32:38"}
{"level":"info","message":{"ip":"::1","method":"GET","url":"/api/v1/products?page=1&limit=10"},"service":"purely-ceylon-backend-ecosystem","timestamp":"2026-07-19 13:32:38"}
{"level":"info","message":"📧 Processing Email Queue","service":"purely-ceylon-backend-ecosystem","timestamp":"2026-07-19 13:35:00"}
{"level":"info","message":"📧 Processing Email Queue","service":"purely-ceylon-backend-ecosystem","timestamp":"2026-07-19 13:40:00"}
{"level":"info","message":"📧 Processing Email Queue","service":"purely-ceylon-backend-ecosystem","timestamp":"2026-07-19 13:45:00"}
{"level":"info","message":"📧 Processing Email Queue","service":"purely-ceylon-backend-ecosystem","timestamp":"2026-07-19 13:50:00"}
{"level":"info","message":"📧 Processing Email Queue","service":"purely-ceylon-backend-ecosystem","timestamp":"2026-07-19 13:55:00"}
{"level":"info","message":"📄 Checking Expired RFQs","service":"purely-ceylon-backend-ecosystem","timestamp":"2026-07-19 14:00:00"}
{"level":"info","message":"📧 Processing Email Queue","service":"purely-ceylon-backend-ecosystem","timestamp":"2026-07-19 14:00:00"}
{"level":"info","message":"📧 Processing Email Queue","service":"purely-ceylon-backend-ecosystem","timestamp":"2026-07-19 14:05:00"}
{"level":"info","message":"📧 Processing Email Queue","service":"purely-ceylon-backend-ecosystem","timestamp":"2026-07-19 14:10:00"}
{"level":"info","message":"📧 Processing Email Queue","service":"purely-ceylon-backend-ecosystem","timestamp":"2026-07-19 14:15:00"}
{"level":"info","message":"📧 Processing Email Queue","service":"purely-ceylon-backend-ecosystem","timestamp":"2026-07-19 14:20:00"}
{"level":"info","message":{"ip":"::1","method":"OPTIONS","url":"/api/v1/profile/me"},"service":"purely-ceylon-backend-ecosystem","timestamp":"2026-07-19 14:21:58"}
{"level":"info","message":{"ip":"::1","method":"OPTIONS","url":"/api/v1/profile/me"},"service":"purely-ceylon-backend-ecosystem","timestamp":"2026-07-19 14:21:59"}
{"level":"info","message":{"ip":"::1","method":"OPTIONS","url":"/api/v1/cart"},"service":"purely-ceylon-backend-ecosystem","timestamp":"2026-07-19 14:22:00"}
{"level":"info","message":{"ip":"::1","method":"OPTIONS","url":"/api/v1/wishlist"},"service":"purely-ceylon-backend-ecosystem","timestamp":"2026-07-19 14:22:00"}
{"level":"info","message":{"ip":"::1","method":"OPTIONS","url":"/api/v1/address"},"service":"purely-ceylon-backend-ecosystem","timestamp":"2026-07-19 14:22:01"}
{"level":"info","message":{"ip":"::1","method":"OPTIONS","url":"/api/v1/wishlist"},"service":"purely-ceylon-backend-ecosystem","timestamp":"2026-07-19 14:22:01"}
{"level":"info","message":{"ip":"::1","method":"OPTIONS","url":"/api/v1/wishlist"},"service":"purely-ceylon-backend-ecosystem","timestamp":"2026-07-19 14:22:01"}
{"level":"info","message":{"ip":"::1","method":"OPTIONS","url":"/api/v1/address"},"service":"purely-ceylon-backend-ecosystem","timestamp":"2026-07-19 14:22:01"}
{"level":"info","message":{"ip":"::1","method":"OPTIONS","url":"/api/v1/wishlist"},"service":"purely-ceylon-backend-ecosystem","timestamp":"2026-07-19 14:22:02"}
{"level":"info","message":{"ip":"::1","method":"OPTIONS","url":"/api/v1/cart"},"service":"purely-ceylon-backend-ecosystem","timestamp":"2026-07-19 14:22:02"}
{"level":"info","message":{"ip":"::1","method":"OPTIONS","url":"/api/v1/cart"},"service":"purely-ceylon-backend-ecosystem","timestamp":"2026-07-19 14:22:02"}
{"level":"info","message":{"ip":"::1","method":"OPTIONS","url":"/api/v1/cart"},"service":"purely-ceylon-backend-ecosystem","timestamp":"2026-07-19 14:22:03"}
{"level":"info","message":{"ip":"::1","method":"GET","url":"/api/v1/profile/me"},"service":"purely-ceylon-backend-ecosystem","timestamp":"2026-07-19 14:22:03"}
{"level":"info","message":{"ip":"::1","method":"GET","url":"/api/v1/cart"},"service":"purely-ceylon-backend-ecosystem","timestamp":"2026-07-19 14:22:04"}
{"level":"info","message":{"ip":"::1","method":"GET","url":"/api/v1/wishlist"},"service":"purely-ceylon-backend-ecosystem","timestamp":"2026-07-19 14:22:04"}
{"level":"info","message":{"ip":"::1","method":"GET","url":"/api/v1/address"},"service":"purely-ceylon-backend-ecosystem","timestamp":"2026-07-19 14:22:04"}
{"level":"info","message":{"ip":"::1","method":"GET","url":"/api/v1/cart"},"service":"purely-ceylon-backend-ecosystem","timestamp":"2026-07-19 14:22:05"}
{"level":"info","message":{"ip":"::1","method":"GET","url":"/api/v1/profile/me"},"service":"purely-ceylon-backend-ecosystem","timestamp":"2026-07-19 14:22:06"}
{"level":"info","message":{"ip":"::1","method":"GET","url":"/api/v1/wishlist"},"service":"purely-ceylon-backend-ecosystem","timestamp":"2026-07-19 14:22:06"}
{"level":"info","message":{"ip":"::1","method":"OPTIONS","url":"/api/v1/categories"},"service":"purely-ceylon-backend-ecosystem","timestamp":"2026-07-19 14:22:07"}
{"level":"info","message":{"ip":"::1","method":"OPTIONS","url":"/api/v1/products?page=1&limit=10"},"service":"purely-ceylon-backend-ecosystem","timestamp":"2026-07-19 14:22:07"}
{"level":"info","message":{"ip":"::1","method":"OPTIONS","url":"/api/v1/categories"},"service":"purely-ceylon-backend-ecosystem","timestamp":"2026-07-19 14:22:08"}
{"level":"info","message":{"ip":"::1","method":"OPTIONS","url":"/api/v1/products?page=1&limit=10"},"service":"purely-ceylon-backend-ecosystem","timestamp":"2026-07-19 14:22:08"}
{"level":"info","message":{"ip":"::1","method":"GET","url":"/api/v1/address"},"service":"purely-ceylon-backend-ecosystem","timestamp":"2026-07-19 14:22:08"}
{"level":"info","message":{"ip":"::1","method":"GET","url":"/api/v1/cart"},"service":"purely-ceylon-backend-ecosystem","timestamp":"2026-07-19 14:22:09"}
{"level":"info","message":{"ip":"::1","method":"GET","url":"/api/v1/categories"},"service":"purely-ceylon-backend-ecosystem","timestamp":"2026-07-19 14:22:09"}
{"level":"info","message":{"ip":"::1","method":"GET","url":"/api/v1/products?page=1&limit=10"},"service":"purely-ceylon-backend-ecosystem","timestamp":"2026-07-19 14:22:09"}
{"level":"info","message":{"ip":"::1","method":"GET","url":"/api/v1/wishlist"},"service":"purely-ceylon-backend-ecosystem","timestamp":"2026-07-19 14:22:09"}
{"level":"info","message":{"ip":"::1","method":"GET","url":"/api/v1/cart"},"service":"purely-ceylon-backend-ecosystem","timestamp":"2026-07-19 14:22:09"}
{"level":"info","message":{"ip":"::1","method":"GET","url":"/api/v1/wishlist"},"service":"purely-ceylon-backend-ecosystem","timestamp":"2026-07-19 14:22:09"}
{"level":"info","message":{"ip":"::1","method":"GET","url":"/api/v1/categories"},"service":"purely-ceylon-backend-ecosystem","timestamp":"2026-07-19 14:22:10"}
{"level":"info","message":{"ip":"::1","method":"GET","url":"/api/v1/products?page=1&limit=10"},"service":"purely-ceylon-backend-ecosystem","timestamp":"2026-07-19 14:22:10"}
{"level":"info","message":{"ip":"::1","method":"OPTIONS","url":"/api/v1/products/241b18ad-3551-46d8-af5c-aa3140abdedd"},"service":"purely-ceylon-backend-ecosystem","timestamp":"2026-07-19 14:22:16"}
{"level":"info","message":{"ip":"::1","method":"OPTIONS","url":"/api/v1/products/241b18ad-3551-46d8-af5c-aa3140abdedd"},"service":"purely-ceylon-backend-ecosystem","timestamp":"2026-07-19 14:22:16"}
{"level":"info","message":{"ip":"::1","method":"GET","url":"/api/v1/products/241b18ad-3551-46d8-af5c-aa3140abdedd"},"service":"purely-ceylon-backend-ecosystem","timestamp":"2026-07-19 14:22:17"}
{"level":"info","message":{"ip":"::1","method":"GET","url":"/api/v1/products/241b18ad-3551-46d8-af5c-aa3140abdedd"},"service":"purely-ceylon-backend-ecosystem","timestamp":"2026-07-19 14:22:17"}
{"level":"info","message":{"ip":"::1","method":"OPTIONS","url":"/api/v1/reviews/241b18ad-3551-46d8-af5c-aa3140abdedd"},"service":"purely-ceylon-backend-ecosystem","timestamp":"2026-07-19 14:22:17"}
{"level":"info","message":{"ip":"::1","method":"GET","url":"/api/v1/reviews/241b18ad-3551-46d8-af5c-aa3140abdedd"},"service":"purely-ceylon-backend-ecosystem","timestamp":"2026-07-19 14:22:17"}
{"level":"info","message":{"ip":"::1","method":"GET","url":"/api/v1/reviews/241b18ad-3551-46d8-af5c-aa3140abdedd"},"service":"purely-ceylon-backend-ecosystem","timestamp":"2026-07-19 14:22:17"}
{"level":"info","message":{"ip":"::1","method":"OPTIONS","url":"/api/v1/questions/241b18ad-3551-46d8-af5c-aa3140abdedd"},"service":"purely-ceylon-backend-ecosystem","timestamp":"2026-07-19 14:22:18"}
{"level":"info","message":{"ip":"::1","method":"GET","url":"/api/v1/questions/241b18ad-3551-46d8-af5c-aa3140abdedd"},"service":"purely-ceylon-backend-ecosystem","timestamp":"2026-07-19 14:22:18"}
{"level":"info","message":{"ip":"::1","method":"GET","url":"/api/v1/questions/241b18ad-3551-46d8-af5c-aa3140abdedd"},"service":"purely-ceylon-backend-ecosystem","timestamp":"2026-07-19 14:22:18"}
{"level":"info","message":{"ip":"::1","method":"OPTIONS","url":"/api/v1/profile/me"},"service":"purely-ceylon-backend-ecosystem","timestamp":"2026-07-19 14:22:30"}
{"level":"info","message":{"ip":"::1","method":"OPTIONS","url":"/api/v1/profile/me"},"service":"purely-ceylon-backend-ecosystem","timestamp":"2026-07-19 14:22:30"}
{"level":"info","message":{"ip":"::1","method":"OPTIONS","url":"/api/v1/cart"},"service":"purely-ceylon-backend-ecosystem","timestamp":"2026-07-19 14:22:31"}
{"level":"info","message":{"ip":"::1","method":"OPTIONS","url":"/api/v1/wishlist"},"service":"purely-ceylon-backend-ecosystem","timestamp":"2026-07-19 14:22:31"}
{"level":"info","message":{"ip":"::1","method":"OPTIONS","url":"/api/v1/orders/my-orders"},"service":"purely-ceylon-backend-ecosystem","timestamp":"2026-07-19 14:22:31"}
{"level":"info","message":{"ip":"::1","method":"OPTIONS","url":"/api/v1/address"},"service":"purely-ceylon-backend-ecosystem","timestamp":"2026-07-19 14:22:31"}
{"level":"info","message":{"ip":"::1","method":"OPTIONS","url":"/api/v1/cart"},"service":"purely-ceylon-backend-ecosystem","timestamp":"2026-07-19 14:22:32"}
{"level":"info","message":{"ip":"::1","method":"OPTIONS","url":"/api/v1/wishlist"},"service":"purely-ceylon-backend-ecosystem","timestamp":"2026-07-19 14:22:32"}
{"level":"info","message":{"ip":"::1","method":"GET","url":"/api/v1/profile/me"},"service":"purely-ceylon-backend-ecosystem","timestamp":"2026-07-19 14:22:32"}
{"level":"info","message":{"ip":"::1","method":"OPTIONS","url":"/api/v1/orders/my-orders"},"service":"purely-ceylon-backend-ecosystem","timestamp":"2026-07-19 14:22:32"}
{"level":"info","message":{"ip":"::1","method":"OPTIONS","url":"/api/v1/address"},"service":"purely-ceylon-backend-ecosystem","timestamp":"2026-07-19 14:22:32"}
{"level":"info","message":{"ip":"::1","method":"GET","url":"/api/v1/cart"},"service":"purely-ceylon-backend-ecosystem","timestamp":"2026-07-19 14:22:32"}
{"level":"info","message":{"ip":"::1","method":"GET","url":"/api/v1/wishlist"},"service":"purely-ceylon-backend-ecosystem","timestamp":"2026-07-19 14:22:32"}
{"level":"info","message":{"ip":"::1","method":"GET","url":"/api/v1/orders/my-orders"},"service":"purely-ceylon-backend-ecosystem","timestamp":"2026-07-19 14:22:33"}
{"level":"info","message":{"ip":"::1","method":"GET","url":"/api/v1/address"},"service":"purely-ceylon-backend-ecosystem","timestamp":"2026-07-19 14:22:33"}
{"level":"info","message":{"ip":"::1","method":"GET","url":"/api/v1/profile/me"},"service":"purely-ceylon-backend-ecosystem","timestamp":"2026-07-19 14:22:33"}
{"level":"info","message":{"ip":"::1","method":"GET","url":"/api/v1/cart"},"service":"purely-ceylon-backend-ecosystem","timestamp":"2026-07-19 14:22:33"}
{"level":"info","message":{"ip":"::1","method":"GET","url":"/api/v1/wishlist"},"service":"purely-ceylon-backend-ecosystem","timestamp":"2026-07-19 14:22:33"}
{"level":"info","message":{"ip":"::1","method":"GET","url":"/api/v1/address"},"service":"purely-ceylon-backend-ecosystem","timestamp":"2026-07-19 14:22:33"}
{"level":"info","message":{"ip":"::1","method":"GET","url":"/api/v1/orders/my-orders"},"service":"purely-ceylon-backend-ecosystem","timestamp":"2026-07-19 14:22:34"}
{"level":"info","message":{"ip":"::1","method":"GET","url":"/api/v1/address"},"service":"purely-ceylon-backend-ecosystem","timestamp":"2026-07-19 14:22:34"}
{"level":"info","message":{"ip":"::1","method":"GET","url":"/api/v1/address"},"service":"purely-ceylon-backend-ecosystem","timestamp":"2026-07-19 14:22:36"}
{"level":"info","message":{"ip":"::1","method":"OPTIONS","url":"/api/v1/profile/me"},"service":"purely-ceylon-backend-ecosystem","timestamp":"2026-07-19 14:22:36"}
{"level":"info","message":{"ip":"::1","method":"OPTIONS","url":"/api/v1/profile/me"},"service":"purely-ceylon-backend-ecosystem","timestamp":"2026-07-19 14:22:37"}
{"level":"info","message":{"ip":"::1","method":"GET","url":"/api/v1/profile/me"},"service":"purely-ceylon-backend-ecosystem","timestamp":"2026-07-19 14:22:37"}
{"level":"info","message":{"ip":"::1","method":"GET","url":"/api/v1/profile/me"},"service":"purely-ceylon-backend-ecosystem","timestamp":"2026-07-19 14:22:37"}
{"level":"info","message":{"ip":"::1","method":"OPTIONS","url":"/api/v1/payment-methods"},"service":"purely-ceylon-backend-ecosystem","timestamp":"2026-07-19 14:22:46"}
{"level":"info","message":{"ip":"::1","method":"OPTIONS","url":"/api/v1/payment-methods"},"service":"purely-ceylon-backend-ecosystem","timestamp":"2026-07-19 14:22:46"}
{"level":"info","message":{"ip":"::1","method":"GET","url":"/api/v1/payment-methods"},"service":"purely-ceylon-backend-ecosystem","timestamp":"2026-07-19 14:22:46"}
{"level":"info","message":{"ip":"::1","method":"GET","url":"/api/v1/payment-methods"},"service":"purely-ceylon-backend-ecosystem","timestamp":"2026-07-19 14:22:46"}
{"level":"info","message":{"ip":"::1","method":"OPTIONS","url":"/api/v1/profile/me"},"service":"purely-ceylon-backend-ecosystem","timestamp":"2026-07-19 14:22:48"}
{"level":"info","message":{"ip":"::1","method":"OPTIONS","url":"/api/v1/profile/me"},"service":"purely-ceylon-backend-ecosystem","timestamp":"2026-07-19 14:22:48"}
{"level":"info","message":{"ip":"::1","method":"GET","url":"/api/v1/profile/me"},"service":"purely-ceylon-backend-ecosystem","timestamp":"2026-07-19 14:22:49"}
{"level":"info","message":{"ip":"::1","method":"GET","url":"/api/v1/profile/me"},"service":"purely-ceylon-backend-ecosystem","timestamp":"2026-07-19 14:22:49"}
{"level":"info","message":{"ip":"::1","method":"OPTIONS","url":"/api/v1/cart"},"service":"purely-ceylon-backend-ecosystem","timestamp":"2026-07-19 14:22:53"}
{"level":"info","message":{"ip":"::1","method":"OPTIONS","url":"/api/v1/cart"},"service":"purely-ceylon-backend-ecosystem","timestamp":"2026-07-19 14:22:53"}
{"level":"info","message":{"ip":"::1","method":"GET","url":"/api/v1/cart"},"service":"purely-ceylon-backend-ecosystem","timestamp":"2026-07-19 14:22:53"}
{"level":"info","message":{"ip":"::1","method":"GET","url":"/api/v1/cart"},"service":"purely-ceylon-backend-ecosystem","timestamp":"2026-07-19 14:22:53"}
{"level":"info","message":{"ip":"::1","method":"GET","url":"/api/v1/cart"},"service":"purely-ceylon-backend-ecosystem","timestamp":"2026-07-19 14:22:54"}
{"level":"info","message":{"ip":"::1","method":"GET","url":"/api/v1/cart"},"service":"purely-ceylon-backend-ecosystem","timestamp":"2026-07-19 14:22:54"}
{"level":"info","message":{"ip":"::1","method":"OPTIONS","url":"/api/v1/profile/me"},"service":"purely-ceylon-backend-ecosystem","timestamp":"2026-07-19 14:22:57"}
{"level":"info","message":{"ip":"::1","method":"OPTIONS","url":"/api/v1/profile/me"},"service":"purely-ceylon-backend-ecosystem","timestamp":"2026-07-19 14:22:57"}
{"level":"info","message":{"ip":"::1","method":"GET","url":"/api/v1/cart"},"service":"purely-ceylon-backend-ecosystem","timestamp":"2026-07-19 14:22:57"}
{"level":"info","message":{"ip":"::1","method":"OPTIONS","url":"/api/v1/categories"},"service":"purely-ceylon-backend-ecosystem","timestamp":"2026-07-19 14:22:57"}
{"level":"info","message":{"ip":"::1","method":"OPTIONS","url":"/api/v1/products?page=1&limit=10"},"service":"purely-ceylon-backend-ecosystem","timestamp":"2026-07-19 14:22:57"}
{"level":"info","message":{"ip":"::1","method":"OPTIONS","url":"/api/v1/wishlist"},"service":"purely-ceylon-backend-ecosystem","timestamp":"2026-07-19 14:22:57"}
{"level":"info","message":{"ip":"::1","method":"OPTIONS","url":"/api/v1/categories"},"service":"purely-ceylon-backend-ecosystem","timestamp":"2026-07-19 14:22:57"}
{"level":"info","message":{"ip":"::1","method":"OPTIONS","url":"/api/v1/products?page=1&limit=10"},"service":"purely-ceylon-backend-ecosystem","timestamp":"2026-07-19 14:22:58"}
{"level":"info","message":{"ip":"::1","method":"OPTIONS","url":"/api/v1/wishlist"},"service":"purely-ceylon-backend-ecosystem","timestamp":"2026-07-19 14:22:58"}
{"level":"info","message":{"ip":"::1","method":"GET","url":"/api/v1/profile/me"},"service":"purely-ceylon-backend-ecosystem","timestamp":"2026-07-19 14:22:58"}
{"level":"info","message":{"ip":"::1","method":"GET","url":"/api/v1/categories"},"service":"purely-ceylon-backend-ecosystem","timestamp":"2026-07-19 14:22:58"}
{"level":"info","message":{"ip":"::1","method":"GET","url":"/api/v1/products?page=1&limit=10"},"service":"purely-ceylon-backend-ecosystem","timestamp":"2026-07-19 14:22:58"}
{"level":"info","message":{"ip":"::1","method":"GET","url":"/api/v1/wishlist"},"service":"purely-ceylon-backend-ecosystem","timestamp":"2026-07-19 14:22:58"}
{"level":"info","message":{"ip":"::1","method":"GET","url":"/api/v1/cart"},"service":"purely-ceylon-backend-ecosystem","timestamp":"2026-07-19 14:22:58"}
{"level":"info","message":{"ip":"::1","method":"GET","url":"/api/v1/profile/me"},"service":"purely-ceylon-backend-ecosystem","timestamp":"2026-07-19 14:22:59"}
{"level":"info","message":{"ip":"::1","method":"GET","url":"/api/v1/categories"},"service":"purely-ceylon-backend-ecosystem","timestamp":"2026-07-19 14:22:59"}
{"level":"info","message":{"ip":"::1","method":"GET","url":"/api/v1/wishlist"},"service":"purely-ceylon-backend-ecosystem","timestamp":"2026-07-19 14:22:59"}
{"level":"info","message":{"ip":"::1","method":"GET","url":"/api/v1/products?page=1&limit=10"},"service":"purely-ceylon-backend-ecosystem","timestamp":"2026-07-19 14:23:00"}
{"level":"info","message":{"ip":"::1","method":"OPTIONS","url":"/api/v1/cart/add"},"service":"purely-ceylon-backend-ecosystem","timestamp":"2026-07-19 14:23:02"}
{"level":"info","message":{"ip":"::1","method":"POST","url":"/api/v1/cart/add"},"service":"purely-ceylon-backend-ecosystem","timestamp":"2026-07-19 14:23:02"}
{"level":"info","message":{"ip":"::1","method":"OPTIONS","url":"/api/v1/profile/me"},"service":"purely-ceylon-backend-ecosystem","timestamp":"2026-07-19 14:23:06"}
{"level":"info","message":{"ip":"::1","method":"OPTIONS","url":"/api/v1/wishlist"},"service":"purely-ceylon-backend-ecosystem","timestamp":"2026-07-19 14:23:07"}
{"level":"info","message":{"ip":"::1","method":"OPTIONS","url":"/api/v1/profile/me"},"service":"purely-ceylon-backend-ecosystem","timestamp":"2026-07-19 14:23:07"}
{"level":"info","message":{"ip":"::1","method":"OPTIONS","url":"/api/v1/cart"},"service":"purely-ceylon-backend-ecosystem","timestamp":"2026-07-19 14:23:07"}
{"level":"info","message":{"ip":"::1","method":"OPTIONS","url":"/api/v1/wishlist"},"service":"purely-ceylon-backend-ecosystem","timestamp":"2026-07-19 14:23:07"}
{"level":"info","message":{"ip":"::1","method":"OPTIONS","url":"/api/v1/cart"},"service":"purely-ceylon-backend-ecosystem","timestamp":"2026-07-19 14:23:07"}
{"level":"info","message":{"ip":"::1","method":"OPTIONS","url":"/api/v1/cart"},"service":"purely-ceylon-backend-ecosystem","timestamp":"2026-07-19 14:23:07"}
{"level":"info","message":{"ip":"::1","method":"OPTIONS","url":"/api/v1/cart"},"service":"purely-ceylon-backend-ecosystem","timestamp":"2026-07-19 14:23:07"}
{"level":"info","message":{"ip":"::1","method":"GET","url":"/api/v1/profile/me"},"service":"purely-ceylon-backend-ecosystem","timestamp":"2026-07-19 14:23:07"}
{"level":"info","message":{"ip":"::1","method":"GET","url":"/api/v1/wishlist"},"service":"purely-ceylon-backend-ecosystem","timestamp":"2026-07-19 14:23:08"}
{"level":"info","message":{"ip":"::1","method":"GET","url":"/api/v1/cart"},"service":"purely-ceylon-backend-ecosystem","timestamp":"2026-07-19 14:23:08"}
{"level":"info","message":{"ip":"::1","method":"GET","url":"/api/v1/profile/me"},"service":"purely-ceylon-backend-ecosystem","timestamp":"2026-07-19 14:23:08"}
{"level":"info","message":{"ip":"::1","method":"GET","url":"/api/v1/wishlist"},"service":"purely-ceylon-backend-ecosystem","timestamp":"2026-07-19 14:23:09"}
{"level":"info","message":{"ip":"::1","method":"GET","url":"/api/v1/cart"},"service":"purely-ceylon-backend-ecosystem","timestamp":"2026-07-19 14:23:09"}
{"level":"info","message":{"ip":"::1","method":"GET","url":"/api/v1/cart"},"service":"purely-ceylon-backend-ecosystem","timestamp":"2026-07-19 14:23:09"}
{"level":"info","message":{"ip":"::1","method":"GET","url":"/api/v1/cart"},"service":"purely-ceylon-backend-ecosystem","timestamp":"2026-07-19 14:23:10"}
{"level":"info","message":{"ip":"::1","method":"GET","url":"/api/v1/cart"},"service":"purely-ceylon-backend-ecosystem","timestamp":"2026-07-19 14:23:11"}
{"level":"info","message":{"ip":"::1","method":"GET","url":"/api/v1/cart"},"service":"purely-ceylon-backend-ecosystem","timestamp":"2026-07-19 14:23:11"}
{"level":"info","message":{"ip":"::1","method":"OPTIONS","url":"/api/v1/wishlist"},"service":"purely-ceylon-backend-ecosystem","timestamp":"2026-07-19 14:23:15"}
{"level":"info","message":{"ip":"::1","method":"OPTIONS","url":"/api/v1/wishlist"},"service":"purely-ceylon-backend-ecosystem","timestamp":"2026-07-19 14:23:15"}
{"level":"info","message":{"ip":"::1","method":"GET","url":"/api/v1/wishlist"},"service":"purely-ceylon-backend-ecosystem","timestamp":"2026-07-19 14:23:15"}
{"level":"info","message":{"ip":"::1","method":"GET","url":"/api/v1/wishlist"},"service":"purely-ceylon-backend-ecosystem","timestamp":"2026-07-19 14:23:16"}
{"level":"info","message":{"ip":"::1","method":"GET","url":"/api/v1/wishlist"},"service":"purely-ceylon-backend-ecosystem","timestamp":"2026-07-19 14:23:16"}
{"level":"info","message":{"ip":"::1","method":"GET","url":"/api/v1/wishlist"},"service":"purely-ceylon-backend-ecosystem","timestamp":"2026-07-19 14:23:16"}
{"level":"info","message":{"ip":"::1","method":"OPTIONS","url":"/api/v1/cart"},"service":"purely-ceylon-backend-ecosystem","timestamp":"2026-07-19 14:23:18"}
{"level":"info","message":{"ip":"::1","method":"OPTIONS","url":"/api/v1/cart"},"service":"purely-ceylon-backend-ecosystem","timestamp":"2026-07-19 14:23:18"}
{"level":"info","message":{"ip":"::1","method":"GET","url":"/api/v1/cart"},"service":"purely-ceylon-backend-ecosystem","timestamp":"2026-07-19 14:23:18"}
{"level":"info","message":{"ip":"::1","method":"GET","url":"/api/v1/cart"},"service":"purely-ceylon-backend-ecosystem","timestamp":"2026-07-19 14:23:18"}
{"level":"info","message":{"ip":"::1","method":"GET","url":"/api/v1/cart"},"service":"purely-ceylon-backend-ecosystem","timestamp":"2026-07-19 14:23:19"}
{"level":"info","message":{"ip":"::1","method":"GET","url":"/api/v1/cart"},"service":"purely-ceylon-backend-ecosystem","timestamp":"2026-07-19 14:23:19"}
{"level":"info","message":{"ip":"::1","method":"OPTIONS","url":"/api/v1/address"},"service":"purely-ceylon-backend-ecosystem","timestamp":"2026-07-19 14:23:20"}
{"level":"info","message":{"ip":"::1","method":"OPTIONS","url":"/api/v1/address"},"service":"purely-ceylon-backend-ecosystem","timestamp":"2026-07-19 14:23:20"}
{"level":"info","message":{"ip":"::1","method":"GET","url":"/api/v1/cart"},"service":"purely-ceylon-backend-ecosystem","timestamp":"2026-07-19 14:23:21"}
{"level":"info","message":{"ip":"::1","method":"GET","url":"/api/v1/address"},"service":"purely-ceylon-backend-ecosystem","timestamp":"2026-07-19 14:23:21"}
{"level":"info","message":{"ip":"::1","method":"GET","url":"/api/v1/address"},"service":"purely-ceylon-backend-ecosystem","timestamp":"2026-07-19 14:23:21"}
{"level":"info","message":{"ip":"::1","method":"GET","url":"/api/v1/cart"},"service":"purely-ceylon-backend-ecosystem","timestamp":"2026-07-19 14:23:22"}
{"level":"info","message":{"ip":"::1","method":"OPTIONS","url":"/api/v1/orders/my-orders"},"service":"purely-ceylon-backend-ecosystem","timestamp":"2026-07-19 14:23:25"}
{"level":"info","message":{"ip":"::1","method":"OPTIONS","url":"/api/v1/orders/my-orders"},"service":"purely-ceylon-backend-ecosystem","timestamp":"2026-07-19 14:23:25"}
{"level":"info","message":{"ip":"::1","method":"GET","url":"/api/v1/orders/my-orders"},"service":"purely-ceylon-backend-ecosystem","timestamp":"2026-07-19 14:23:25"}
{"level":"info","message":{"ip":"::1","method":"GET","url":"/api/v1/orders/my-orders"},"service":"purely-ceylon-backend-ecosystem","timestamp":"2026-07-19 14:23:25"}
{"level":"info","message":"📧 Processing Email Queue","service":"purely-ceylon-backend-ecosystem","timestamp":"2026-07-19 14:25:00"}
{"level":"info","message":"📧 Processing Email Queue","service":"purely-ceylon-backend-ecosystem","timestamp":"2026-07-19 14:30:00"}
{"level":"info","message":"📧 Processing Email Queue","service":"purely-ceylon-backend-ecosystem","timestamp":"2026-07-19 14:35:00"}
{"level":"info","message":"📧 Processing Email Queue","service":"purely-ceylon-backend-ecosystem","timestamp":"2026-07-19 14:40:00"}
{"level":"info","message":"📧 Processing Email Queue","service":"purely-ceylon-backend-ecosystem","timestamp":"2026-07-19 14:45:00"}
{"level":"info","message":"📧 Processing Email Queue","service":"purely-ceylon-backend-ecosystem","timestamp":"2026-07-19 14:50:00"}
{"level":"info","message":"📧 Processing Email Queue","service":"purely-ceylon-backend-ecosystem","timestamp":"2026-07-19 14:55:00"}
{"level":"info","message":"✅ Email credentials loaded successfully.","service":"purely-ceylon-backend-ecosystem","timestamp":"2026-07-19 14:57:24"}
{"level":"info","message":"🚀 Server running on port 5000","service":"purely-ceylon-backend-ecosystem","timestamp":"2026-07-19 14:57:24"}
{"level":"info","message":"✅ All Background Jobs Started Successfully","service":"purely-ceylon-backend-ecosystem","timestamp":"2026-07-19 14:57:24"}
{"level":"info","message":"⚙️ Background Jobs Started","service":"purely-ceylon-backend-ecosystem","timestamp":"2026-07-19 14:57:24"}
{"level":"info","message":"📧 Processing Email Queue","service":"purely-ceylon-backend-ecosystem","timestamp":"2026-07-19 15:00:00"}
{"level":"info","message":"📄 Checking Expired RFQs","service":"purely-ceylon-backend-ecosystem","timestamp":"2026-07-19 15:00:00"}
{"level":"info","message":"📧 Processing Email Queue","service":"purely-ceylon-backend-ecosystem","timestamp":"2026-07-19 15:05:00"}
{"level":"info","message":"📧 Processing Email Queue","service":"purely-ceylon-backend-ecosystem","timestamp":"2026-07-19 15:10:00"}
{"level":"info","message":"📧 Processing Email Queue","service":"purely-ceylon-backend-ecosystem","timestamp":"2026-07-19 15:15:00"}
{"level":"info","message":{"ip":"::1","method":"OPTIONS","url":"/api/v1/auth/login"},"service":"purely-ceylon-backend-ecosystem","timestamp":"2026-07-19 15:17:09"}
{"level":"info","message":{"ip":"::1","method":"POST","url":"/api/v1/auth/login"},"service":"purely-ceylon-backend-ecosystem","timestamp":"2026-07-19 15:17:10"}
{"level":"info","message":{"email":"musabhafiz995@gmail.com","event":"LOGIN_SUCCESS"},"service":"purely-ceylon-backend-ecosystem","timestamp":"2026-07-19 15:17:11"}
{"level":"info","message":{"ip":"::1","method":"OPTIONS","url":"/api/v1/profile/me"},"service":"purely-ceylon-backend-ecosystem","timestamp":"2026-07-19 15:17:13"}
{"level":"info","message":{"ip":"::1","method":"OPTIONS","url":"/api/v1/cart"},"service":"purely-ceylon-backend-ecosystem","timestamp":"2026-07-19 15:17:13"}
{"level":"info","message":{"ip":"::1","method":"OPTIONS","url":"/api/v1/wishlist"},"service":"purely-ceylon-backend-ecosystem","timestamp":"2026-07-19 15:17:13"}
{"level":"info","message":{"ip":"::1","method":"OPTIONS","url":"/api/v1/orders/admin/dashboard"},"service":"purely-ceylon-backend-ecosystem","timestamp":"2026-07-19 15:17:13"}
{"level":"info","message":{"ip":"::1","method":"OPTIONS","url":"/api/v1/orders/admin/dashboard"},"service":"purely-ceylon-backend-ecosystem","timestamp":"2026-07-19 15:17:13"}
{"level":"info","message":{"ip":"::1","method":"GET","url":"/api/v1/profile/me"},"service":"purely-ceylon-backend-ecosystem","timestamp":"2026-07-19 15:17:13"}
{"level":"info","message":{"ip":"::1","method":"GET","url":"/api/v1/cart"},"service":"purely-ceylon-backend-ecosystem","timestamp":"2026-07-19 15:17:13"}
{"level":"info","message":{"ip":"::1","method":"GET","url":"/api/v1/wishlist"},"service":"purely-ceylon-backend-ecosystem","timestamp":"2026-07-19 15:17:13"}
{"level":"info","message":{"ip":"::1","method":"GET","url":"/api/v1/orders/admin/dashboard"},"service":"purely-ceylon-backend-ecosystem","timestamp":"2026-07-19 15:17:14"}
{"level":"info","message":{"ip":"::1","method":"GET","url":"/api/v1/orders/admin/dashboard"},"service":"purely-ceylon-backend-ecosystem","timestamp":"2026-07-19 15:17:14"}
{"level":"info","message":{"ip":"::1","method":"OPTIONS","url":"/api/v1/admin/monthly-sales"},"service":"purely-ceylon-backend-ecosystem","timestamp":"2026-07-19 15:17:14"}
{"level":"info","message":{"ip":"::1","method":"OPTIONS","url":"/api/v1/admin/top-products"},"service":"purely-ceylon-backend-ecosystem","timestamp":"2026-07-19 15:17:14"}
{"level":"info","message":{"ip":"::1","method":"GET","url":"/api/v1/admin/monthly-sales"},"service":"purely-ceylon-backend-ecosystem","timestamp":"2026-07-19 15:17:14"}
{"level":"info","message":{"ip":"::1","method":"GET","url":"/api/v1/admin/top-products"},"service":"purely-ceylon-backend-ecosystem","timestamp":"2026-07-19 15:17:14"}
{"level":"info","message":{"ip":"::1","method":"GET","url":"/api/v1/admin/monthly-sales"},"service":"purely-ceylon-backend-ecosystem","timestamp":"2026-07-19 15:17:14"}
{"level":"info","message":{"ip":"::1","method":"GET","url":"/api/v1/admin/top-products"},"service":"purely-ceylon-backend-ecosystem","timestamp":"2026-07-19 15:17:14"}
{"level":"info","message":{"ip":"::1","method":"GET","url":"/api/v1/admin/top-analytics"},"service":"purely-ceylon-backend-ecosystem","timestamp":"2026-07-19 15:17:14"}
{"level":"info","message":{"ip":"::1","method":"GET","url":"/api/v1/admin/top-analytics"},"service":"purely-ceylon-backend-ecosystem","timestamp":"2026-07-19 15:17:15"}
{"level":"info","message":{"ip":"::1","method":"OPTIONS","url":"/api/v1/products?page=1&limit=10"},"service":"purely-ceylon-backend-ecosystem","timestamp":"2026-07-19 15:17:16"}
{"level":"info","message":{"ip":"::1","method":"OPTIONS","url":"/api/v1/categories"},"service":"purely-ceylon-backend-ecosystem","timestamp":"2026-07-19 15:17:16"}
{"level":"info","message":{"ip":"::1","method":"OPTIONS","url":"/api/v1/products?page=1&limit=10"},"service":"purely-ceylon-backend-ecosystem","timestamp":"2026-07-19 15:17:16"}
{"level":"info","message":{"ip":"::1","method":"OPTIONS","url":"/api/v1/categories"},"service":"purely-ceylon-backend-ecosystem","timestamp":"2026-07-19 15:17:16"}
{"level":"info","message":{"ip":"::1","method":"GET","url":"/api/v1/products?page=1&limit=10"},"service":"purely-ceylon-backend-ecosystem","timestamp":"2026-07-19 15:17:16"}
{"level":"info","message":{"ip":"::1","method":"GET","url":"/api/v1/categories"},"service":"purely-ceylon-backend-ecosystem","timestamp":"2026-07-19 15:17:16"}
{"level":"info","message":{"ip":"::1","method":"GET","url":"/api/v1/categories"},"service":"purely-ceylon-backend-ecosystem","timestamp":"2026-07-19 15:17:17"}
{"level":"info","message":{"ip":"::1","method":"GET","url":"/api/v1/products?page=1&limit=10"},"service":"purely-ceylon-backend-ecosystem","timestamp":"2026-07-19 15:17:17"}
{"level":"info","message":{"ip":"::1","method":"OPTIONS","url":"/api/v1/product-images/241b18ad-3551-46d8-af5c-aa3140abdedd"},"service":"purely-ceylon-backend-ecosystem","timestamp":"2026-07-19 15:17:29"}
{"level":"info","message":{"ip":"::1","method":"OPTIONS","url":"/api/v1/product-images/241b18ad-3551-46d8-af5c-aa3140abdedd"},"service":"purely-ceylon-backend-ecosystem","timestamp":"2026-07-19 15:17:29"}
{"level":"info","message":{"ip":"::1","method":"GET","url":"/api/v1/product-images/241b18ad-3551-46d8-af5c-aa3140abdedd"},"service":"purely-ceylon-backend-ecosystem","timestamp":"2026-07-19 15:17:29"}
{"level":"info","message":{"ip":"::1","method":"GET","url":"/api/v1/product-images/241b18ad-3551-46d8-af5c-aa3140abdedd"},"service":"purely-ceylon-backend-ecosystem","timestamp":"2026-07-19 15:17:29"}
{"level":"info","message":{"ip":"::1","method":"OPTIONS","url":"/api/v1/product-images/19f877c7-4797-4a55-95da-1d73059238e1"},"service":"purely-ceylon-backend-ecosystem","timestamp":"2026-07-19 15:17:32"}
{"level":"info","message":{"ip":"::1","method":"DELETE","url":"/api/v1/product-images/19f877c7-4797-4a55-95da-1d73059238e1"},"service":"purely-ceylon-backend-ecosystem","timestamp":"2026-07-19 15:17:32"}
{"level":"info","message":{"ip":"::1","method":"OPTIONS","url":"/api/v1/product-images/241b18ad-3551-46d8-af5c-aa3140abdedd"},"service":"purely-ceylon-backend-ecosystem","timestamp":"2026-07-19 15:17:34"}
{"level":"info","message":{"ip":"::1","method":"GET","url":"/api/v1/product-images/241b18ad-3551-46d8-af5c-aa3140abdedd"},"service":"purely-ceylon-backend-ecosystem","timestamp":"2026-07-19 15:17:34"}
{"level":"info","message":{"ip":"::1","method":"OPTIONS","url":"/api/v1/orders/admin/dashboard"},"service":"purely-ceylon-backend-ecosystem","timestamp":"2026-07-19 15:18:18"}
{"level":"info","message":{"ip":"::1","method":"OPTIONS","url":"/api/v1/orders/admin/dashboard"},"service":"purely-ceylon-backend-ecosystem","timestamp":"2026-07-19 15:18:18"}
{"level":"info","message":{"ip":"::1","method":"GET","url":"/api/v1/orders/admin/dashboard"},"service":"purely-ceylon-backend-ecosystem","timestamp":"2026-07-19 15:18:18"}
{"level":"info","message":{"ip":"::1","method":"OPTIONS","url":"/api/v1/admin/monthly-sales"},"service":"purely-ceylon-backend-ecosystem","timestamp":"2026-07-19 15:18:18"}
{"level":"info","message":{"ip":"::1","method":"GET","url":"/api/v1/orders/admin/dashboard"},"service":"purely-ceylon-backend-ecosystem","timestamp":"2026-07-19 15:18:18"}
{"level":"info","message":{"ip":"::1","method":"OPTIONS","url":"/api/v1/admin/top-products"},"service":"purely-ceylon-backend-ecosystem","timestamp":"2026-07-19 15:18:18"}
{"level":"info","message":{"ip":"::1","method":"GET","url":"/api/v1/admin/monthly-sales"},"service":"purely-ceylon-backend-ecosystem","timestamp":"2026-07-19 15:18:18"}
{"level":"info","message":{"ip":"::1","method":"GET","url":"/api/v1/admin/top-products"},"service":"purely-ceylon-backend-ecosystem","timestamp":"2026-07-19 15:18:19"}
{"level":"info","message":{"ip":"::1","method":"GET","url":"/api/v1/admin/top-analytics"},"service":"purely-ceylon-backend-ecosystem","timestamp":"2026-07-19 15:18:19"}
{"level":"info","message":{"ip":"::1","method":"GET","url":"/api/v1/admin/monthly-sales"},"service":"purely-ceylon-backend-ecosystem","timestamp":"2026-07-19 15:18:19"}
{"level":"info","message":{"ip":"::1","method":"GET","url":"/api/v1/admin/top-products"},"service":"purely-ceylon-backend-ecosystem","timestamp":"2026-07-19 15:18:19"}
{"level":"info","message":{"ip":"::1","method":"GET","url":"/api/v1/admin/top-analytics"},"service":"purely-ceylon-backend-ecosystem","timestamp":"2026-07-19 15:18:20"}
{"level":"info","message":{"ip":"::1","method":"OPTIONS","url":"/api/v1/orders/admin/all"},"service":"purely-ceylon-backend-ecosystem","timestamp":"2026-07-19 15:18:29"}
{"level":"info","message":{"ip":"::1","method":"OPTIONS","url":"/api/v1/orders/admin/all"},"service":"purely-ceylon-backend-ecosystem","timestamp":"2026-07-19 15:18:29"}
{"level":"info","message":{"ip":"::1","method":"GET","url":"/api/v1/orders/admin/all"},"service":"purely-ceylon-backend-ecosystem","timestamp":"2026-07-19 15:18:29"}
{"level":"info","message":{"ip":"::1","method":"GET","url":"/api/v1/orders/admin/all"},"service":"purely-ceylon-backend-ecosystem","timestamp":"2026-07-19 15:18:29"}
{"level":"info","message":{"ip":"::1","method":"OPTIONS","url":"/api/v1/products?page=1&limit=10"},"service":"purely-ceylon-backend-ecosystem","timestamp":"2026-07-19 15:18:30"}
{"level":"info","message":{"ip":"::1","method":"OPTIONS","url":"/api/v1/categories"},"service":"purely-ceylon-backend-ecosystem","timestamp":"2026-07-19 15:18:30"}
{"level":"info","message":{"ip":"::1","method":"OPTIONS","url":"/api/v1/products?page=1&limit=10"},"service":"purely-ceylon-backend-ecosystem","timestamp":"2026-07-19 15:18:30"}
{"level":"info","message":{"ip":"::1","method":"OPTIONS","url":"/api/v1/categories"},"service":"purely-ceylon-backend-ecosystem","timestamp":"2026-07-19 15:18:30"}
{"level":"info","message":{"ip":"::1","method":"GET","url":"/api/v1/products?page=1&limit=10"},"service":"purely-ceylon-backend-ecosystem","timestamp":"2026-07-19 15:18:30"}
{"level":"info","message":{"ip":"::1","method":"GET","url":"/api/v1/categories"},"service":"purely-ceylon-backend-ecosystem","timestamp":"2026-07-19 15:18:30"}
{"level":"info","message":{"ip":"::1","method":"GET","url":"/api/v1/products?page=1&limit=10"},"service":"purely-ceylon-backend-ecosystem","timestamp":"2026-07-19 15:18:30"}
{"level":"info","message":{"ip":"::1","method":"GET","url":"/api/v1/categories"},"service":"purely-ceylon-backend-ecosystem","timestamp":"2026-07-19 15:18:30"}
{"level":"info","message":{"ip":"::1","method":"OPTIONS","url":"/api/v1/orders/admin/dashboard"},"service":"purely-ceylon-backend-ecosystem","timestamp":"2026-07-19 15:18:32"}
{"level":"info","message":{"ip":"::1","method":"OPTIONS","url":"/api/v1/orders/admin/dashboard"},"service":"purely-ceylon-backend-ecosystem","timestamp":"2026-07-19 15:18:32"}
{"level":"info","message":{"ip":"::1","method":"GET","url":"/api/v1/orders/admin/dashboard"},"service":"purely-ceylon-backend-ecosystem","timestamp":"2026-07-19 15:18:32"}
{"level":"info","message":{"ip":"::1","method":"GET","url":"/api/v1/orders/admin/dashboard"},"service":"purely-ceylon-backend-ecosystem","timestamp":"2026-07-19 15:18:32"}
{"level":"info","message":{"ip":"::1","method":"OPTIONS","url":"/api/v1/admin/monthly-sales"},"service":"purely-ceylon-backend-ecosystem","timestamp":"2026-07-19 15:18:32"}
{"level":"info","message":{"ip":"::1","method":"OPTIONS","url":"/api/v1/admin/top-products"},"service":"purely-ceylon-backend-ecosystem","timestamp":"2026-07-19 15:18:32"}
{"level":"info","message":{"ip":"::1","method":"GET","url":"/api/v1/admin/top-products"},"service":"purely-ceylon-backend-ecosystem","timestamp":"2026-07-19 15:18:33"}
{"level":"info","message":{"ip":"::1","method":"GET","url":"/api/v1/admin/monthly-sales"},"service":"purely-ceylon-backend-ecosystem","timestamp":"2026-07-19 15:18:33"}
{"level":"info","message":{"ip":"::1","method":"GET","url":"/api/v1/admin/top-analytics"},"service":"purely-ceylon-backend-ecosystem","timestamp":"2026-07-19 15:18:33"}
{"level":"info","message":{"ip":"::1","method":"GET","url":"/api/v1/admin/monthly-sales"},"service":"purely-ceylon-backend-ecosystem","timestamp":"2026-07-19 15:18:33"}
{"level":"info","message":{"ip":"::1","method":"GET","url":"/api/v1/admin/top-products"},"service":"purely-ceylon-backend-ecosystem","timestamp":"2026-07-19 15:18:33"}
{"level":"info","message":{"ip":"::1","method":"GET","url":"/api/v1/admin/top-analytics"},"service":"purely-ceylon-backend-ecosystem","timestamp":"2026-07-19 15:18:33"}
{"level":"info","message":{"ip":"::1","method":"OPTIONS","url":"/api/v1/profile/me"},"service":"purely-ceylon-backend-ecosystem","timestamp":"2026-07-19 15:19:11"}
{"level":"info","message":{"ip":"::1","method":"OPTIONS","url":"/api/v1/profile/me"},"service":"purely-ceylon-backend-ecosystem","timestamp":"2026-07-19 15:19:11"}
{"level":"info","message":{"ip":"::1","method":"OPTIONS","url":"/api/v1/cart"},"service":"purely-ceylon-backend-ecosystem","timestamp":"2026-07-19 15:19:11"}
{"level":"info","message":{"ip":"::1","method":"OPTIONS","url":"/api/v1/wishlist"},"service":"purely-ceylon-backend-ecosystem","timestamp":"2026-07-19 15:19:11"}
{"level":"info","message":{"ip":"::1","method":"OPTIONS","url":"/api/v1/address"},"service":"purely-ceylon-backend-ecosystem","timestamp":"2026-07-19 15:19:11"}
{"level":"info","message":{"ip":"::1","method":"OPTIONS","url":"/api/v1/cart"},"service":"purely-ceylon-backend-ecosystem","timestamp":"2026-07-19 15:19:11"}
{"level":"info","message":{"ip":"::1","method":"OPTIONS","url":"/api/v1/cart"},"service":"purely-ceylon-backend-ecosystem","timestamp":"2026-07-19 15:19:11"}
{"level":"info","message":{"ip":"::1","method":"OPTIONS","url":"/api/v1/wishlist"},"service":"purely-ceylon-backend-ecosystem","timestamp":"2026-07-19 15:19:11"}
{"level":"info","message":{"ip":"::1","method":"OPTIONS","url":"/api/v1/wishlist"},"service":"purely-ceylon-backend-ecosystem","timestamp":"2026-07-19 15:19:11"}
{"level":"info","message":{"ip":"::1","method":"GET","url":"/api/v1/cart"},"service":"purely-ceylon-backend-ecosystem","timestamp":"2026-07-19 15:19:11"}
{"level":"info","message":{"ip":"::1","method":"OPTIONS","url":"/api/v1/address"},"service":"purely-ceylon-backend-ecosystem","timestamp":"2026-07-19 15:19:12"}
{"level":"info","message":{"ip":"::1","method":"OPTIONS","url":"/api/v1/wishlist"},"service":"purely-ceylon-backend-ecosystem","timestamp":"2026-07-19 15:19:12"}
{"level":"info","message":{"ip":"::1","method":"GET","url":"/api/v1/profile/me"},"service":"purely-ceylon-backend-ecosystem","timestamp":"2026-07-19 15:19:12"}
{"level":"info","message":{"ip":"::1","method":"GET","url":"/api/v1/wishlist"},"service":"purely-ceylon-backend-ecosystem","timestamp":"2026-07-19 15:19:13"}
{"level":"info","message":{"ip":"::1","method":"GET","url":"/api/v1/address"},"service":"purely-ceylon-backend-ecosystem","timestamp":"2026-07-19 15:19:13"}
{"level":"info","message":{"ip":"::1","method":"GET","url":"/api/v1/cart"},"service":"purely-ceylon-backend-ecosystem","timestamp":"2026-07-19 15:19:13"}
{"level":"info","message":{"ip":"::1","method":"GET","url":"/api/v1/profile/me"},"service":"purely-ceylon-backend-ecosystem","timestamp":"2026-07-19 15:19:14"}
{"level":"info","message":{"ip":"::1","method":"GET","url":"/api/v1/wishlist"},"service":"purely-ceylon-backend-ecosystem","timestamp":"2026-07-19 15:19:14"}
{"level":"info","message":{"ip":"::1","method":"GET","url":"/api/v1/cart"},"service":"purely-ceylon-backend-ecosystem","timestamp":"2026-07-19 15:19:14"}
{"level":"info","message":{"ip":"::1","method":"GET","url":"/api/v1/wishlist"},"service":"purely-ceylon-backend-ecosystem","timestamp":"2026-07-19 15:19:14"}
{"level":"info","message":{"ip":"::1","method":"GET","url":"/api/v1/cart"},"service":"purely-ceylon-backend-ecosystem","timestamp":"2026-07-19 15:19:15"}
{"level":"info","message":{"ip":"::1","method":"GET","url":"/api/v1/address"},"service":"purely-ceylon-backend-ecosystem","timestamp":"2026-07-19 15:19:16"}
{"level":"info","message":{"ip":"::1","method":"GET","url":"/api/v1/wishlist"},"service":"purely-ceylon-backend-ecosystem","timestamp":"2026-07-19 15:19:16"}
{"level":"info","message":"📧 Processing Email Queue","service":"purely-ceylon-backend-ecosystem","timestamp":"2026-07-19 15:20:00"}
{"level":"info","message":"✅ Email credentials loaded successfully.","service":"purely-ceylon-backend-ecosystem","timestamp":"2026-07-19 15:25:04"}
{"level":"info","message":"🚀 Server running on port 5000","service":"purely-ceylon-backend-ecosystem","timestamp":"2026-07-19 15:25:05"}
{"level":"info","message":"✅ All Background Jobs Started Successfully","service":"purely-ceylon-backend-ecosystem","timestamp":"2026-07-19 15:25:06"}
{"level":"info","message":"⚙️ Background Jobs Started","service":"purely-ceylon-backend-ecosystem","timestamp":"2026-07-19 15:25:06"}
{"level":"info","message":{"ip":"::1","method":"OPTIONS","url":"/api/v1/auth/login"},"service":"purely-ceylon-backend-ecosystem","timestamp":"2026-07-19 15:28:26"}
{"level":"info","message":{"ip":"::1","method":"POST","url":"/api/v1/auth/login"},"service":"purely-ceylon-backend-ecosystem","timestamp":"2026-07-19 15:28:26"}
{"level":"info","message":{"email":"musabmohammed678@gmail.com","event":"LOGIN_SUCCESS"},"service":"purely-ceylon-backend-ecosystem","timestamp":"2026-07-19 15:28:27"}
{"level":"info","message":{"ip":"::1","method":"OPTIONS","url":"/api/v1/profile/me"},"service":"purely-ceylon-backend-ecosystem","timestamp":"2026-07-19 15:28:29"}
{"level":"info","message":{"ip":"::1","method":"OPTIONS","url":"/api/v1/products?page=1&limit=10"},"service":"purely-ceylon-backend-ecosystem","timestamp":"2026-07-19 15:28:29"}
{"level":"info","message":{"ip":"::1","method":"OPTIONS","url":"/api/v1/cart"},"service":"purely-ceylon-backend-ecosystem","timestamp":"2026-07-19 15:28:29"}
{"level":"info","message":{"ip":"::1","method":"OPTIONS","url":"/api/v1/wishlist"},"service":"purely-ceylon-backend-ecosystem","timestamp":"2026-07-19 15:28:29"}
{"level":"info","message":{"ip":"::1","method":"OPTIONS","url":"/api/v1/categories"},"service":"purely-ceylon-backend-ecosystem","timestamp":"2026-07-19 15:28:29"}
{"level":"info","message":{"ip":"::1","method":"OPTIONS","url":"/api/v1/products?page=1&limit=10"},"service":"purely-ceylon-backend-ecosystem","timestamp":"2026-07-19 15:28:29"}
{"level":"info","message":{"ip":"::1","method":"OPTIONS","url":"/api/v1/categories"},"service":"purely-ceylon-backend-ecosystem","timestamp":"2026-07-19 15:28:30"}
{"level":"info","message":{"ip":"::1","method":"GET","url":"/api/v1/profile/me"},"service":"purely-ceylon-backend-ecosystem","timestamp":"2026-07-19 15:28:30"}
{"level":"info","message":{"ip":"::1","method":"GET","url":"/api/v1/products?page=1&limit=10"},"service":"purely-ceylon-backend-ecosystem","timestamp":"2026-07-19 15:28:30"}
{"level":"info","message":{"ip":"::1","method":"GET","url":"/api/v1/cart"},"service":"purely-ceylon-backend-ecosystem","timestamp":"2026-07-19 15:28:30"}
{"level":"info","message":{"ip":"::1","method":"GET","url":"/api/v1/wishlist"},"service":"purely-ceylon-backend-ecosystem","timestamp":"2026-07-19 15:28:32"}
{"level":"info","message":{"ip":"::1","method":"GET","url":"/api/v1/categories"},"service":"purely-ceylon-backend-ecosystem","timestamp":"2026-07-19 15:28:35"}
{"level":"info","message":{"ip":"::1","method":"GET","url":"/api/v1/products?page=1&limit=10"},"service":"purely-ceylon-backend-ecosystem","timestamp":"2026-07-19 15:28:36"}
{"level":"info","message":{"ip":"::1","method":"GET","url":"/api/v1/categories"},"service":"purely-ceylon-backend-ecosystem","timestamp":"2026-07-19 15:28:37"}
{"level":"info","message":{"ip":"::1","method":"OPTIONS","url":"/api/v1/products?page=1&limit=10"},"service":"purely-ceylon-backend-ecosystem","timestamp":"2026-07-19 15:28:40"}
{"level":"info","message":{"ip":"::1","method":"OPTIONS","url":"/api/v1/categories"},"service":"purely-ceylon-backend-ecosystem","timestamp":"2026-07-19 15:28:40"}
{"level":"info","message":{"ip":"::1","method":"OPTIONS","url":"/api/v1/products?page=1&limit=10"},"service":"purely-ceylon-backend-ecosystem","timestamp":"2026-07-19 15:28:40"}
{"level":"info","message":{"ip":"::1","method":"OPTIONS","url":"/api/v1/categories"},"service":"purely-ceylon-backend-ecosystem","timestamp":"2026-07-19 15:28:40"}
{"level":"info","message":{"ip":"::1","method":"GET","url":"/api/v1/products?page=1&limit=10"},"service":"purely-ceylon-backend-ecosystem","timestamp":"2026-07-19 15:28:40"}
{"level":"info","message":{"ip":"::1","method":"GET","url":"/api/v1/categories"},"service":"purely-ceylon-backend-ecosystem","timestamp":"2026-07-19 15:28:40"}
{"level":"info","message":{"ip":"::1","method":"GET","url":"/api/v1/categories"},"service":"purely-ceylon-backend-ecosystem","timestamp":"2026-07-19 15:28:40"}
{"level":"info","message":{"ip":"::1","method":"GET","url":"/api/v1/products?page=1&limit=10"},"service":"purely-ceylon-backend-ecosystem","timestamp":"2026-07-19 15:28:40"}
{"level":"info","message":{"ip":"::1","method":"OPTIONS","url":"/api/v1/product-images/241b18ad-3551-46d8-af5c-aa3140abdedd"},"service":"purely-ceylon-backend-ecosystem","timestamp":"2026-07-19 15:28:43"}
{"level":"info","message":{"ip":"::1","method":"OPTIONS","url":"/api/v1/product-images/241b18ad-3551-46d8-af5c-aa3140abdedd"},"service":"purely-ceylon-backend-ecosystem","timestamp":"2026-07-19 15:28:43"}
{"level":"info","message":{"ip":"::1","method":"GET","url":"/api/v1/product-images/241b18ad-3551-46d8-af5c-aa3140abdedd"},"service":"purely-ceylon-backend-ecosystem","timestamp":"2026-07-19 15:28:43"}
{"level":"info","message":{"ip":"::1","method":"GET","url":"/api/v1/product-images/241b18ad-3551-46d8-af5c-aa3140abdedd"},"service":"purely-ceylon-backend-ecosystem","timestamp":"2026-07-19 15:28:43"}
{"level":"info","message":{"ip":"::1","method":"OPTIONS","url":"/api/v1/product-images/upload"},"service":"purely-ceylon-backend-ecosystem","timestamp":"2026-07-19 15:28:56"}
{"level":"info","message":{"ip":"::1","method":"POST","url":"/api/v1/product-images/upload"},"service":"purely-ceylon-backend-ecosystem","timestamp":"2026-07-19 15:28:56"}
{"level":"info","message":{"ip":"::1","method":"OPTIONS","url":"/api/v1/product-images/241b18ad-3551-46d8-af5c-aa3140abdedd"},"service":"purely-ceylon-backend-ecosystem","timestamp":"2026-07-19 15:29:01"}
{"level":"info","message":{"ip":"::1","method":"GET","url":"/api/v1/product-images/241b18ad-3551-46d8-af5c-aa3140abdedd"},"service":"purely-ceylon-backend-ecosystem","timestamp":"2026-07-19 15:29:01"}
{"level":"info","message":{"ip":"::1","method":"OPTIONS","url":"/api/v1/product-images/3e11af48-5686-478a-accc-ace9ced5ba38/primary"},"service":"purely-ceylon-backend-ecosystem","timestamp":"2026-07-19 15:29:03"}
{"level":"info","message":{"ip":"::1","method":"PUT","url":"/api/v1/product-images/3e11af48-5686-478a-accc-ace9ced5ba38/primary"},"service":"purely-ceylon-backend-ecosystem","timestamp":"2026-07-19 15:29:03"}
{"level":"info","message":{"ip":"::1","method":"GET","url":"/api/v1/product-images/241b18ad-3551-46d8-af5c-aa3140abdedd"},"service":"purely-ceylon-backend-ecosystem","timestamp":"2026-07-19 15:29:03"}
{"level":"info","message":{"ip":"::1","method":"OPTIONS","url":"/api/v1/profile/me"},"service":"purely-ceylon-backend-ecosystem","timestamp":"2026-07-19 15:29:10"}
{"level":"info","message":{"ip":"::1","method":"OPTIONS","url":"/api/v1/profile/me"},"service":"purely-ceylon-backend-ecosystem","timestamp":"2026-07-19 15:29:10"}
{"level":"info","message":{"ip":"::1","method":"OPTIONS","url":"/api/v1/cart"},"service":"purely-ceylon-backend-ecosystem","timestamp":"2026-07-19 15:29:11"}
{"level":"info","message":{"ip":"::1","method":"OPTIONS","url":"/api/v1/wishlist"},"service":"purely-ceylon-backend-ecosystem","timestamp":"2026-07-19 15:29:11"}
{"level":"info","message":{"ip":"::1","method":"OPTIONS","url":"/api/v1/categories"},"service":"purely-ceylon-backend-ecosystem","timestamp":"2026-07-19 15:29:11"}
{"level":"info","message":{"ip":"::1","method":"OPTIONS","url":"/api/v1/products?page=1&limit=10"},"service":"purely-ceylon-backend-ecosystem","timestamp":"2026-07-19 15:29:11"}
{"level":"info","message":{"ip":"::1","method":"OPTIONS","url":"/api/v1/wishlist"},"service":"purely-ceylon-backend-ecosystem","timestamp":"2026-07-19 15:29:11"}
{"level":"info","message":{"ip":"::1","method":"OPTIONS","url":"/api/v1/cart"},"service":"purely-ceylon-backend-ecosystem","timestamp":"2026-07-19 15:29:11"}
{"level":"info","message":{"ip":"::1","method":"OPTIONS","url":"/api/v1/categories"},"service":"purely-ceylon-backend-ecosystem","timestamp":"2026-07-19 15:29:11"}
{"level":"info","message":{"ip":"::1","method":"OPTIONS","url":"/api/v1/products?page=1&limit=10"},"service":"purely-ceylon-backend-ecosystem","timestamp":"2026-07-19 15:29:11"}
{"level":"info","message":{"ip":"::1","method":"OPTIONS","url":"/api/v1/address"},"service":"purely-ceylon-backend-ecosystem","timestamp":"2026-07-19 15:29:11"}
{"level":"info","message":{"ip":"::1","method":"OPTIONS","url":"/api/v1/wishlist"},"service":"purely-ceylon-backend-ecosystem","timestamp":"2026-07-19 15:29:11"}
{"level":"info","message":{"ip":"::1","method":"GET","url":"/api/v1/profile/me"},"service":"purely-ceylon-backend-ecosystem","timestamp":"2026-07-19 15:29:11"}
{"level":"info","message":{"ip":"::1","method":"OPTIONS","url":"/api/v1/address"},"service":"purely-ceylon-backend-ecosystem","timestamp":"2026-07-19 15:29:12"}
{"level":"info","message":{"ip":"::1","method":"OPTIONS","url":"/api/v1/cart"},"service":"purely-ceylon-backend-ecosystem","timestamp":"2026-07-19 15:29:12"}
{"level":"info","message":{"ip":"::1","method":"OPTIONS","url":"/api/v1/wishlist"},"service":"purely-ceylon-backend-ecosystem","timestamp":"2026-07-19 15:29:12"}
{"level":"info","message":{"ip":"::1","method":"OPTIONS","url":"/api/v1/cart"},"service":"purely-ceylon-backend-ecosystem","timestamp":"2026-07-19 15:29:12"}
{"level":"info","message":{"ip":"::1","method":"GET","url":"/api/v1/cart"},"service":"purely-ceylon-backend-ecosystem","timestamp":"2026-07-19 15:29:12"}
{"level":"info","message":{"ip":"::1","method":"GET","url":"/api/v1/wishlist"},"service":"purely-ceylon-backend-ecosystem","timestamp":"2026-07-19 15:29:13"}
{"level":"info","message":{"ip":"::1","method":"GET","url":"/api/v1/categories"},"service":"purely-ceylon-backend-ecosystem","timestamp":"2026-07-19 15:29:14"}
{"level":"info","message":{"ip":"::1","method":"GET","url":"/api/v1/products?page=1&limit=10"},"service":"purely-ceylon-backend-ecosystem","timestamp":"2026-07-19 15:29:14"}
{"level":"info","message":{"ip":"::1","method":"GET","url":"/api/v1/address"},"service":"purely-ceylon-backend-ecosystem","timestamp":"2026-07-19 15:29:14"}
{"level":"info","message":{"ip":"::1","method":"GET","url":"/api/v1/profile/me"},"service":"purely-ceylon-backend-ecosystem","timestamp":"2026-07-19 15:29:14"}
{"level":"info","message":{"ip":"::1","method":"GET","url":"/api/v1/wishlist"},"service":"purely-ceylon-backend-ecosystem","timestamp":"2026-07-19 15:29:15"}
{"level":"info","message":{"ip":"::1","method":"GET","url":"/api/v1/categories"},"service":"purely-ceylon-backend-ecosystem","timestamp":"2026-07-19 15:29:15"}
{"level":"info","message":{"ip":"::1","method":"GET","url":"/api/v1/cart"},"service":"purely-ceylon-backend-ecosystem","timestamp":"2026-07-19 15:29:15"}
{"level":"info","message":{"ip":"::1","method":"GET","url":"/api/v1/wishlist"},"service":"purely-ceylon-backend-ecosystem","timestamp":"2026-07-19 15:29:15"}
{"level":"info","message":{"ip":"::1","method":"GET","url":"/api/v1/address"},"service":"purely-ceylon-backend-ecosystem","timestamp":"2026-07-19 15:29:15"}
{"level":"info","message":{"ip":"::1","method":"GET","url":"/api/v1/products?page=1&limit=10"},"service":"purely-ceylon-backend-ecosystem","timestamp":"2026-07-19 15:29:15"}
{"level":"info","message":{"ip":"::1","method":"GET","url":"/api/v1/wishlist"},"service":"purely-ceylon-backend-ecosystem","timestamp":"2026-07-19 15:29:16"}
{"level":"info","message":{"ip":"::1","method":"GET","url":"/api/v1/cart"},"service":"purely-ceylon-backend-ecosystem","timestamp":"2026-07-19 15:29:16"}
{"level":"info","message":{"ip":"::1","method":"GET","url":"/api/v1/cart"},"service":"purely-ceylon-backend-ecosystem","timestamp":"2026-07-19 15:29:16"}
{"level":"info","message":{"ip":"::1","method":"OPTIONS","url":"/api/v1/products/241b18ad-3551-46d8-af5c-aa3140abdedd"},"service":"purely-ceylon-backend-ecosystem","timestamp":"2026-07-19 15:29:18"}
{"level":"info","message":{"ip":"::1","method":"OPTIONS","url":"/api/v1/products/241b18ad-3551-46d8-af5c-aa3140abdedd"},"service":"purely-ceylon-backend-ecosystem","timestamp":"2026-07-19 15:29:18"}
{"level":"info","message":{"ip":"::1","method":"GET","url":"/api/v1/products/241b18ad-3551-46d8-af5c-aa3140abdedd"},"service":"purely-ceylon-backend-ecosystem","timestamp":"2026-07-19 15:29:18"}
{"level":"info","message":{"ip":"::1","method":"GET","url":"/api/v1/products/241b18ad-3551-46d8-af5c-aa3140abdedd"},"service":"purely-ceylon-backend-ecosystem","timestamp":"2026-07-19 15:29:18"}
{"level":"info","message":{"ip":"::1","method":"OPTIONS","url":"/api/v1/reviews/241b18ad-3551-46d8-af5c-aa3140abdedd"},"service":"purely-ceylon-backend-ecosystem","timestamp":"2026-07-19 15:29:18"}
{"level":"info","message":{"ip":"::1","method":"GET","url":"/api/v1/reviews/241b18ad-3551-46d8-af5c-aa3140abdedd"},"service":"purely-ceylon-backend-ecosystem","timestamp":"2026-07-19 15:29:18"}
{"level":"info","message":{"ip":"::1","method":"GET","url":"/api/v1/reviews/241b18ad-3551-46d8-af5c-aa3140abdedd"},"service":"purely-ceylon-backend-ecosystem","timestamp":"2026-07-19 15:29:19"}
{"level":"info","message":{"ip":"::1","method":"OPTIONS","url":"/api/v1/questions/241b18ad-3551-46d8-af5c-aa3140abdedd"},"service":"purely-ceylon-backend-ecosystem","timestamp":"2026-07-19 15:29:19"}
{"level":"info","message":{"ip":"::1","method":"GET","url":"/api/v1/questions/241b18ad-3551-46d8-af5c-aa3140abdedd"},"service":"purely-ceylon-backend-ecosystem","timestamp":"2026-07-19 15:29:19"}
{"level":"info","message":{"ip":"::1","method":"GET","url":"/api/v1/questions/241b18ad-3551-46d8-af5c-aa3140abdedd"},"service":"purely-ceylon-backend-ecosystem","timestamp":"2026-07-19 15:29:19"}
{"level":"info","message":"📧 Processing Email Queue","service":"purely-ceylon-backend-ecosystem","timestamp":"2026-07-19 15:30:00"}
{"level":"info","message":"✅ Email credentials loaded successfully.","service":"purely-ceylon-backend-ecosystem","timestamp":"2026-07-19 15:31:13"}
{"level":"info","message":"🚀 Server running on port 5000","service":"purely-ceylon-backend-ecosystem","timestamp":"2026-07-19 15:31:13"}
{"level":"info","message":"✅ All Background Jobs Started Successfully","service":"purely-ceylon-backend-ecosystem","timestamp":"2026-07-19 15:31:13"}
{"level":"info","message":"⚙️ Background Jobs Started","service":"purely-ceylon-backend-ecosystem","timestamp":"2026-07-19 15:31:13"}
{"level":"info","message":"📧 Processing Email Queue","service":"purely-ceylon-backend-ecosystem","timestamp":"2026-07-19 15:35:00"}
{"level":"info","message":"✅ Email credentials loaded successfully.","service":"purely-ceylon-backend-ecosystem","timestamp":"2026-07-19 15:38:18"}
{"level":"info","message":"🚀 Server running on port 5000","service":"purely-ceylon-backend-ecosystem","timestamp":"2026-07-19 15:38:18"}
{"level":"info","message":"✅ All Background Jobs Started Successfully","service":"purely-ceylon-backend-ecosystem","timestamp":"2026-07-19 15:38:18"}
{"level":"info","message":"⚙️ Background Jobs Started","service":"purely-ceylon-backend-ecosystem","timestamp":"2026-07-19 15:38:18"}
{"level":"info","message":"📧 Processing Email Queue","service":"purely-ceylon-backend-ecosystem","timestamp":"2026-07-19 15:40:00"}
{"level":"info","message":"📧 Processing Email Queue","service":"purely-ceylon-backend-ecosystem","timestamp":"2026-07-19 15:45:00"}
{"level":"info","message":{"ip":"::1","method":"OPTIONS","url":"/api/v1/orders/admin/dashboard"},"service":"purely-ceylon-backend-ecosystem","timestamp":"2026-07-19 15:46:18"}
{"level":"info","message":{"ip":"::1","method":"OPTIONS","url":"/api/v1/orders/admin/dashboard"},"service":"purely-ceylon-backend-ecosystem","timestamp":"2026-07-19 15:46:18"}
{"level":"info","message":{"ip":"::1","method":"GET","url":"/api/v1/orders/admin/dashboard"},"service":"purely-ceylon-backend-ecosystem","timestamp":"2026-07-19 15:46:18"}
{"level":"info","message":{"ip":"::1","method":"GET","url":"/api/v1/orders/admin/dashboard"},"service":"purely-ceylon-backend-ecosystem","timestamp":"2026-07-19 15:46:20"}
{"level":"info","message":{"ip":"::1","method":"OPTIONS","url":"/api/v1/admin/monthly-sales"},"service":"purely-ceylon-backend-ecosystem","timestamp":"2026-07-19 15:46:20"}
{"level":"info","message":{"ip":"::1","method":"OPTIONS","url":"/api/v1/admin/top-products"},"service":"purely-ceylon-backend-ecosystem","timestamp":"2026-07-19 15:46:20"}
{"level":"info","message":{"ip":"::1","method":"GET","url":"/api/v1/admin/monthly-sales"},"service":"purely-ceylon-backend-ecosystem","timestamp":"2026-07-19 15:46:20"}
{"level":"info","message":{"ip":"::1","method":"GET","url":"/api/v1/admin/top-products"},"service":"purely-ceylon-backend-ecosystem","timestamp":"2026-07-19 15:46:20"}
{"level":"info","message":{"ip":"::1","method":"GET","url":"/api/v1/admin/monthly-sales"},"service":"purely-ceylon-backend-ecosystem","timestamp":"2026-07-19 15:46:21"}
{"level":"info","message":{"ip":"::1","method":"GET","url":"/api/v1/admin/top-products"},"service":"purely-ceylon-backend-ecosystem","timestamp":"2026-07-19 15:46:21"}
{"level":"info","message":{"ip":"::1","method":"GET","url":"/api/v1/admin/top-analytics"},"service":"purely-ceylon-backend-ecosystem","timestamp":"2026-07-19 15:46:21"}
{"level":"info","message":{"ip":"::1","method":"GET","url":"/api/v1/admin/top-analytics"},"service":"purely-ceylon-backend-ecosystem","timestamp":"2026-07-19 15:46:21"}
{"level":"info","message":{"ip":"::1","method":"OPTIONS","url":"/api/v1/orders/admin/all"},"service":"purely-ceylon-backend-ecosystem","timestamp":"2026-07-19 15:46:28"}
{"level":"info","message":{"ip":"::1","method":"OPTIONS","url":"/api/v1/orders/admin/all"},"service":"purely-ceylon-backend-ecosystem","timestamp":"2026-07-19 15:46:28"}
{"level":"info","message":{"ip":"::1","method":"GET","url":"/api/v1/orders/admin/all"},"service":"purely-ceylon-backend-ecosystem","timestamp":"2026-07-19 15:46:28"}
{"level":"info","message":{"ip":"::1","method":"GET","url":"/api/v1/orders/admin/all"},"service":"purely-ceylon-backend-ecosystem","timestamp":"2026-07-19 15:46:28"}
{"level":"info","message":{"ip":"::1","method":"OPTIONS","url":"/api/v1/products?page=1&limit=10"},"service":"purely-ceylon-backend-ecosystem","timestamp":"2026-07-19 15:46:29"}
{"level":"info","message":{"ip":"::1","method":"OPTIONS","url":"/api/v1/categories"},"service":"purely-ceylon-backend-ecosystem","timestamp":"2026-07-19 15:46:29"}
{"level":"info","message":{"ip":"::1","method":"OPTIONS","url":"/api/v1/products?page=1&limit=10"},"service":"purely-ceylon-backend-ecosystem","timestamp":"2026-07-19 15:46:29"}
{"level":"info","message":{"ip":"::1","method":"OPTIONS","url":"/api/v1/categories"},"service":"purely-ceylon-backend-ecosystem","timestamp":"2026-07-19 15:46:29"}
{"level":"info","message":{"ip":"::1","method":"GET","url":"/api/v1/products?page=1&limit=10"},"service":"purely-ceylon-backend-ecosystem","timestamp":"2026-07-19 15:46:29"}
{"level":"info","message":{"ip":"::1","method":"GET","url":"/api/v1/categories"},"service":"purely-ceylon-backend-ecosystem","timestamp":"2026-07-19 15:46:29"}
{"level":"info","message":{"ip":"::1","method":"GET","url":"/api/v1/categories"},"service":"purely-ceylon-backend-ecosystem","timestamp":"2026-07-19 15:46:31"}
{"level":"info","message":{"ip":"::1","method":"GET","url":"/api/v1/products?page=1&limit=10"},"service":"purely-ceylon-backend-ecosystem","timestamp":"2026-07-19 15:46:32"}
{"level":"info","message":{"ip":"::1","method":"OPTIONS","url":"/api/v1/orders/admin/dashboard"},"service":"purely-ceylon-backend-ecosystem","timestamp":"2026-07-19 15:46:35"}
{"level":"info","message":{"ip":"::1","method":"OPTIONS","url":"/api/v1/orders/admin/dashboard"},"service":"purely-ceylon-backend-ecosystem","timestamp":"2026-07-19 15:46:36"}
{"level":"info","message":{"ip":"::1","method":"GET","url":"/api/v1/orders/admin/dashboard"},"service":"purely-ceylon-backend-ecosystem","timestamp":"2026-07-19 15:46:36"}
{"level":"info","message":{"ip":"::1","method":"OPTIONS","url":"/api/v1/admin/monthly-sales"},"service":"purely-ceylon-backend-ecosystem","timestamp":"2026-07-19 15:46:36"}
{"level":"info","message":{"ip":"::1","method":"OPTIONS","url":"/api/v1/admin/top-products"},"service":"purely-ceylon-backend-ecosystem","timestamp":"2026-07-19 15:46:36"}
{"level":"info","message":{"ip":"::1","method":"GET","url":"/api/v1/orders/admin/dashboard"},"service":"purely-ceylon-backend-ecosystem","timestamp":"2026-07-19 15:46:36"}
{"level":"info","message":{"ip":"::1","method":"GET","url":"/api/v1/admin/monthly-sales"},"service":"purely-ceylon-backend-ecosystem","timestamp":"2026-07-19 15:46:36"}
{"level":"info","message":{"ip":"::1","method":"GET","url":"/api/v1/admin/top-products"},"service":"purely-ceylon-backend-ecosystem","timestamp":"2026-07-19 15:46:36"}
{"level":"info","message":{"ip":"::1","method":"GET","url":"/api/v1/admin/top-analytics"},"service":"purely-ceylon-backend-ecosystem","timestamp":"2026-07-19 15:46:36"}
{"level":"info","message":{"ip":"::1","method":"GET","url":"/api/v1/admin/monthly-sales"},"service":"purely-ceylon-backend-ecosystem","timestamp":"2026-07-19 15:46:37"}
{"level":"info","message":{"ip":"::1","method":"GET","url":"/api/v1/admin/top-products"},"service":"purely-ceylon-backend-ecosystem","timestamp":"2026-07-19 15:46:37"}
{"level":"info","message":{"ip":"::1","method":"GET","url":"/api/v1/admin/top-analytics"},"service":"purely-ceylon-backend-ecosystem","timestamp":"2026-07-19 15:46:37"}
{"level":"info","message":{"ip":"::1","method":"OPTIONS","url":"/api/v1/products?page=1&limit=10"},"service":"purely-ceylon-backend-ecosystem","timestamp":"2026-07-19 15:49:14"}
{"level":"info","message":{"ip":"::1","method":"OPTIONS","url":"/api/v1/categories"},"service":"purely-ceylon-backend-ecosystem","timestamp":"2026-07-19 15:49:14"}
{"level":"info","message":{"ip":"::1","method":"OPTIONS","url":"/api/v1/products?page=1&limit=10"},"service":"purely-ceylon-backend-ecosystem","timestamp":"2026-07-19 15:49:14"}
{"level":"info","message":{"ip":"::1","method":"OPTIONS","url":"/api/v1/categories"},"service":"purely-ceylon-backend-ecosystem","timestamp":"2026-07-19 15:49:14"}
{"level":"info","message":{"ip":"::1","method":"GET","url":"/api/v1/products?page=1&limit=10"},"service":"purely-ceylon-backend-ecosystem","timestamp":"2026-07-19 15:49:14"}
{"level":"info","message":{"ip":"::1","method":"GET","url":"/api/v1/categories"},"service":"purely-ceylon-backend-ecosystem","timestamp":"2026-07-19 15:49:14"}
{"level":"info","message":{"ip":"::1","method":"GET","url":"/api/v1/products?page=1&limit=10"},"service":"purely-ceylon-backend-ecosystem","timestamp":"2026-07-19 15:49:14"}
{"level":"info","message":{"ip":"::1","method":"GET","url":"/api/v1/categories"},"service":"purely-ceylon-backend-ecosystem","timestamp":"2026-07-19 15:49:14"}
{"level":"info","message":{"ip":"::1","method":"OPTIONS","url":"/api/v1/orders/admin/all"},"service":"purely-ceylon-backend-ecosystem","timestamp":"2026-07-19 15:49:17"}
{"level":"info","message":{"ip":"::1","method":"OPTIONS","url":"/api/v1/orders/admin/all"},"service":"purely-ceylon-backend-ecosystem","timestamp":"2026-07-19 15:49:17"}
{"level":"info","message":{"ip":"::1","method":"GET","url":"/api/v1/orders/admin/all"},"service":"purely-ceylon-backend-ecosystem","timestamp":"2026-07-19 15:49:17"}
{"level":"info","message":{"ip":"::1","method":"GET","url":"/api/v1/orders/admin/all"},"service":"purely-ceylon-backend-ecosystem","timestamp":"2026-07-19 15:49:18"}
{"level":"info","message":{"ip":"::1","method":"GET","url":"/api/v1/products?page=1&limit=10"},"service":"purely-ceylon-backend-ecosystem","timestamp":"2026-07-19 15:49:19"}
{"level":"info","message":{"ip":"::1","method":"GET","url":"/api/v1/categories"},"service":"purely-ceylon-backend-ecosystem","timestamp":"2026-07-19 15:49:19"}
{"level":"info","message":{"ip":"::1","method":"GET","url":"/api/v1/categories"},"service":"purely-ceylon-backend-ecosystem","timestamp":"2026-07-19 15:49:19"}
{"level":"info","message":{"ip":"::1","method":"GET","url":"/api/v1/products?page=1&limit=10"},"service":"purely-ceylon-backend-ecosystem","timestamp":"2026-07-19 15:49:19"}
{"level":"info","message":{"ip":"::1","method":"OPTIONS","url":"/api/v1/profile/me"},"service":"purely-ceylon-backend-ecosystem","timestamp":"2026-07-19 15:49:28"}
{"level":"info","message":{"ip":"::1","method":"OPTIONS","url":"/api/v1/profile/me"},"service":"purely-ceylon-backend-ecosystem","timestamp":"2026-07-19 15:49:28"}
{"level":"info","message":{"ip":"::1","method":"OPTIONS","url":"/api/v1/cart"},"service":"purely-ceylon-backend-ecosystem","timestamp":"2026-07-19 15:49:28"}
{"level":"info","message":{"ip":"::1","method":"OPTIONS","url":"/api/v1/wishlist"},"service":"purely-ceylon-backend-ecosystem","timestamp":"2026-07-19 15:49:28"}
{"level":"info","message":{"ip":"::1","method":"OPTIONS","url":"/api/v1/cart"},"service":"purely-ceylon-backend-ecosystem","timestamp":"2026-07-19 15:49:28"}
{"level":"info","message":{"ip":"::1","method":"OPTIONS","url":"/api/v1/cart"},"service":"purely-ceylon-backend-ecosystem","timestamp":"2026-07-19 15:49:28"}
{"level":"info","message":{"ip":"::1","method":"OPTIONS","url":"/api/v1/wishlist"},"service":"purely-ceylon-backend-ecosystem","timestamp":"2026-07-19 15:49:28"}
{"level":"info","message":{"ip":"::1","method":"OPTIONS","url":"/api/v1/cart"},"service":"purely-ceylon-backend-ecosystem","timestamp":"2026-07-19 15:49:28"}
{"level":"info","message":{"ip":"::1","method":"GET","url":"/api/v1/profile/me"},"service":"purely-ceylon-backend-ecosystem","timestamp":"2026-07-19 15:49:28"}
{"level":"info","message":{"ip":"::1","method":"GET","url":"/api/v1/cart"},"service":"purely-ceylon-backend-ecosystem","timestamp":"2026-07-19 15:49:28"}
{"level":"info","message":{"ip":"::1","method":"GET","url":"/api/v1/wishlist"},"service":"purely-ceylon-backend-ecosystem","timestamp":"2026-07-19 15:49:28"}
{"level":"info","message":{"ip":"::1","method":"GET","url":"/api/v1/profile/me"},"service":"purely-ceylon-backend-ecosystem","timestamp":"2026-07-19 15:49:29"}
{"level":"info","message":{"ip":"::1","method":"GET","url":"/api/v1/cart"},"service":"purely-ceylon-backend-ecosystem","timestamp":"2026-07-19 15:49:29"}
{"level":"info","message":{"ip":"::1","method":"GET","url":"/api/v1/wishlist"},"service":"purely-ceylon-backend-ecosystem","timestamp":"2026-07-19 15:49:29"}
{"level":"info","message":{"ip":"::1","method":"GET","url":"/api/v1/cart"},"service":"purely-ceylon-backend-ecosystem","timestamp":"2026-07-19 15:49:29"}
{"level":"info","message":{"ip":"::1","method":"GET","url":"/api/v1/cart"},"service":"purely-ceylon-backend-ecosystem","timestamp":"2026-07-19 15:49:29"}
{"level":"info","message":{"ip":"::1","method":"GET","url":"/api/v1/cart"},"service":"purely-ceylon-backend-ecosystem","timestamp":"2026-07-19 15:49:29"}
{"level":"info","message":{"ip":"::1","method":"GET","url":"/api/v1/cart"},"service":"purely-ceylon-backend-ecosystem","timestamp":"2026-07-19 15:49:29"}
{"level":"info","message":{"ip":"::1","method":"OPTIONS","url":"/api/v1/address"},"service":"purely-ceylon-backend-ecosystem","timestamp":"2026-07-19 15:49:31"}
{"level":"info","message":{"ip":"::1","method":"OPTIONS","url":"/api/v1/address"},"service":"purely-ceylon-backend-ecosystem","timestamp":"2026-07-19 15:49:31"}
{"level":"info","message":{"ip":"::1","method":"GET","url":"/api/v1/cart"},"service":"purely-ceylon-backend-ecosystem","timestamp":"2026-07-19 15:49:31"}
{"level":"info","message":{"ip":"::1","method":"GET","url":"/api/v1/address"},"service":"purely-ceylon-backend-ecosystem","timestamp":"2026-07-19 15:49:31"}
{"level":"info","message":{"ip":"::1","method":"GET","url":"/api/v1/cart"},"service":"purely-ceylon-backend-ecosystem","timestamp":"2026-07-19 15:49:31"}
{"level":"info","message":{"ip":"::1","method":"GET","url":"/api/v1/address"},"service":"purely-ceylon-backend-ecosystem","timestamp":"2026-07-19 15:49:31"}
{"level":"info","message":{"ip":"::1","method":"GET","url":"/api/v1/address"},"service":"purely-ceylon-backend-ecosystem","timestamp":"2026-07-19 15:49:33"}
{"level":"info","message":{"ip":"::1","method":"GET","url":"/api/v1/address"},"service":"purely-ceylon-backend-ecosystem","timestamp":"2026-07-19 15:49:33"}
{"level":"info","message":{"ip":"::1","method":"OPTIONS","url":"/api/v1/address"},"service":"purely-ceylon-backend-ecosystem","timestamp":"2026-07-19 15:49:48"}
{"level":"info","message":{"ip":"::1","method":"POST","url":"/api/v1/address"},"service":"purely-ceylon-backend-ecosystem","timestamp":"2026-07-19 15:49:48"}
{"level":"info","message":{"ip":"::1","method":"GET","url":"/api/v1/address"},"service":"purely-ceylon-backend-ecosystem","timestamp":"2026-07-19 15:49:48"}
{"level":"info","message":{"ip":"::1","method":"OPTIONS","url":"/api/v1/address/default/8f9bb099-72f8-413b-99e7-80201d0c76f9"},"service":"purely-ceylon-backend-ecosystem","timestamp":"2026-07-19 15:49:52"}
{"level":"info","message":{"ip":"::1","method":"PATCH","url":"/api/v1/address/default/8f9bb099-72f8-413b-99e7-80201d0c76f9"},"service":"purely-ceylon-backend-ecosystem","timestamp":"2026-07-19 15:49:52"}
{"level":"info","message":{"ip":"::1","method":"GET","url":"/api/v1/address"},"service":"purely-ceylon-backend-ecosystem","timestamp":"2026-07-19 15:49:52"}
{"level":"info","message":{"ip":"::1","method":"OPTIONS","url":"/api/v1/cart"},"service":"purely-ceylon-backend-ecosystem","timestamp":"2026-07-19 15:49:54"}
{"level":"info","message":{"ip":"::1","method":"OPTIONS","url":"/api/v1/address"},"service":"purely-ceylon-backend-ecosystem","timestamp":"2026-07-19 15:49:54"}
{"level":"info","message":{"ip":"::1","method":"OPTIONS","url":"/api/v1/cart"},"service":"purely-ceylon-backend-ecosystem","timestamp":"2026-07-19 15:49:54"}
{"level":"info","message":{"ip":"::1","method":"GET","url":"/api/v1/cart"},"service":"purely-ceylon-backend-ecosystem","timestamp":"2026-07-19 15:49:54"}
{"level":"info","message":{"ip":"::1","method":"OPTIONS","url":"/api/v1/address"},"service":"purely-ceylon-backend-ecosystem","timestamp":"2026-07-19 15:49:55"}
{"level":"info","message":{"ip":"::1","method":"GET","url":"/api/v1/address"},"service":"purely-ceylon-backend-ecosystem","timestamp":"2026-07-19 15:49:55"}
{"level":"info","message":{"ip":"::1","method":"GET","url":"/api/v1/address"},"service":"purely-ceylon-backend-ecosystem","timestamp":"2026-07-19 15:49:55"}
{"level":"info","message":{"ip":"::1","method":"OPTIONS","url":"/api/v1/shipping/calculate"},"service":"purely-ceylon-backend-ecosystem","timestamp":"2026-07-19 15:49:55"}
{"level":"info","message":{"ip":"::1","method":"POST","url":"/api/v1/shipping/calculate"},"service":"purely-ceylon-backend-ecosystem","timestamp":"2026-07-19 15:49:55"}
{"level":"info","message":{"ip":"::1","method":"GET","url":"/api/v1/cart"},"service":"purely-ceylon-backend-ecosystem","timestamp":"2026-07-19 15:49:55"}
{"level":"info","message":{"ip":"::1","method":"OPTIONS","url":"/api/v1/shipping/calculate"},"service":"purely-ceylon-backend-ecosystem","timestamp":"2026-07-19 15:49:55"}
{"level":"info","message":{"ip":"::1","method":"POST","url":"/api/v1/shipping/calculate"},"service":"purely-ceylon-backend-ecosystem","timestamp":"2026-07-19 15:49:55"}
{"level":"info","message":{"ip":"::1","method":"POST","url":"/api/v1/shipping/calculate"},"service":"purely-ceylon-backend-ecosystem","timestamp":"2026-07-19 15:49:55"}
{"level":"info","message":{"ip":"::1","method":"POST","url":"/api/v1/shipping/calculate"},"service":"purely-ceylon-backend-ecosystem","timestamp":"2026-07-19 15:49:55"}
{"level":"info","message":{"ip":"::1","method":"OPTIONS","url":"/api/v1/orders/checkout"},"service":"purely-ceylon-backend-ecosystem","timestamp":"2026-07-19 15:49:57"}
{"level":"info","message":{"ip":"::1","method":"POST","url":"/api/v1/orders/checkout"},"service":"purely-ceylon-backend-ecosystem","timestamp":"2026-07-19 15:49:57"}
{"level":"info","message":{"ip":"::1","method":"OPTIONS","url":"/api/v1/orders/my-orders"},"service":"purely-ceylon-backend-ecosystem","timestamp":"2026-07-19 15:49:57"}
{"level":"info","message":{"ip":"::1","method":"OPTIONS","url":"/api/v1/orders/my-orders"},"service":"purely-ceylon-backend-ecosystem","timestamp":"2026-07-19 15:49:57"}
{"level":"info","message":{"ip":"::1","method":"GET","url":"/api/v1/orders/my-orders"},"service":"purely-ceylon-backend-ecosystem","timestamp":"2026-07-19 15:49:57"}
{"level":"info","message":{"ip":"::1","method":"GET","url":"/api/v1/orders/my-orders"},"service":"purely-ceylon-backend-ecosystem","timestamp":"2026-07-19 15:49:57"}
{"level":"info","message":"📧 Processing Email Queue","service":"purely-ceylon-backend-ecosystem","timestamp":"2026-07-19 15:50:00"}
{"level":"info","message":{"ip":"::1","method":"OPTIONS","url":"/api/v1/orders/admin/all"},"service":"purely-ceylon-backend-ecosystem","timestamp":"2026-07-19 15:50:01"}
{"level":"info","message":{"ip":"::1","method":"OPTIONS","url":"/api/v1/orders/admin/all"},"service":"purely-ceylon-backend-ecosystem","timestamp":"2026-07-19 15:50:01"}
{"level":"info","message":{"ip":"::1","method":"GET","url":"/api/v1/orders/admin/all"},"service":"purely-ceylon-backend-ecosystem","timestamp":"2026-07-19 15:50:01"}
{"level":"info","message":{"ip":"::1","method":"GET","url":"/api/v1/orders/admin/all"},"service":"purely-ceylon-backend-ecosystem","timestamp":"2026-07-19 15:50:01"}
{"level":"info","message":{"ip":"::1","method":"OPTIONS","url":"/api/v1/orders/007e5fb3-8b0b-4619-9fff-e801229c1118"},"service":"purely-ceylon-backend-ecosystem","timestamp":"2026-07-19 15:50:04"}
{"level":"info","message":{"ip":"::1","method":"OPTIONS","url":"/api/v1/orders/007e5fb3-8b0b-4619-9fff-e801229c1118"},"service":"purely-ceylon-backend-ecosystem","timestamp":"2026-07-19 15:50:04"}
{"level":"info","message":{"ip":"::1","method":"GET","url":"/api/v1/orders/007e5fb3-8b0b-4619-9fff-e801229c1118"},"service":"purely-ceylon-backend-ecosystem","timestamp":"2026-07-19 15:50:04"}
{"level":"info","message":{"ip":"::1","method":"GET","url":"/api/v1/orders/007e5fb3-8b0b-4619-9fff-e801229c1118"},"service":"purely-ceylon-backend-ecosystem","timestamp":"2026-07-19 15:50:04"}
{"level":"info","message":{"ip":"::1","method":"OPTIONS","url":"/api/v1/orders/admin/all"},"service":"purely-ceylon-backend-ecosystem","timestamp":"2026-07-19 15:50:20"}
{"level":"info","message":{"ip":"::1","method":"OPTIONS","url":"/api/v1/orders/admin/all"},"service":"purely-ceylon-backend-ecosystem","timestamp":"2026-07-19 15:50:20"}
{"level":"info","message":{"ip":"::1","method":"GET","url":"/api/v1/orders/admin/all"},"service":"purely-ceylon-backend-ecosystem","timestamp":"2026-07-19 15:50:20"}
{"level":"info","message":{"ip":"::1","method":"GET","url":"/api/v1/orders/admin/all"},"service":"purely-ceylon-backend-ecosystem","timestamp":"2026-07-19 15:50:20"}
{"level":"info","message":{"ip":"::1","method":"OPTIONS","url":"/api/v1/orders/007e5fb3-8b0b-4619-9fff-e801229c1118/status"},"service":"purely-ceylon-backend-ecosystem","timestamp":"2026-07-19 15:50:23"}
{"level":"info","message":{"ip":"::1","method":"PUT","url":"/api/v1/orders/007e5fb3-8b0b-4619-9fff-e801229c1118/status"},"service":"purely-ceylon-backend-ecosystem","timestamp":"2026-07-19 15:50:23"}
{"level":"info","message":{"ip":"::1","method":"GET","url":"/api/v1/orders/admin/all"},"service":"purely-ceylon-backend-ecosystem","timestamp":"2026-07-19 15:50:24"}
{"level":"info","message":{"ip":"::1","method":"PUT","url":"/api/v1/orders/007e5fb3-8b0b-4619-9fff-e801229c1118/status"},"service":"purely-ceylon-backend-ecosystem","timestamp":"2026-07-19 15:50:27"}
{"level":"info","message":{"ip":"::1","method":"OPTIONS","url":"/api/v1/orders/admin/all"},"service":"purely-ceylon-backend-ecosystem","timestamp":"2026-07-19 15:50:28"}
{"level":"info","message":{"ip":"::1","method":"GET","url":"/api/v1/orders/admin/all"},"service":"purely-ceylon-backend-ecosystem","timestamp":"2026-07-19 15:50:28"}
{"level":"info","message":{"ip":"::1","method":"OPTIONS","url":"/api/v1/orders/007e5fb3-8b0b-4619-9fff-e801229c1118/status"},"service":"purely-ceylon-backend-ecosystem","timestamp":"2026-07-19 15:50:31"}
{"level":"info","message":{"ip":"::1","method":"PUT","url":"/api/v1/orders/007e5fb3-8b0b-4619-9fff-e801229c1118/status"},"service":"purely-ceylon-backend-ecosystem","timestamp":"2026-07-19 15:50:31"}
{"level":"info","message":{"ip":"::1","method":"PUT","url":"/api/v1/orders/007e5fb3-8b0b-4619-9fff-e801229c1118/status"},"service":"purely-ceylon-backend-ecosystem","timestamp":"2026-07-19 15:50:33"}
{"level":"info","message":{"ip":"::1","method":"PUT","url":"/api/v1/orders/007e5fb3-8b0b-4619-9fff-e801229c1118/status"},"service":"purely-ceylon-backend-ecosystem","timestamp":"2026-07-19 15:50:34"}
{"level":"info","message":{"ip":"::1","method":"OPTIONS","url":"/api/v1/orders/admin/all"},"service":"purely-ceylon-backend-ecosystem","timestamp":"2026-07-19 15:50:36"}
{"level":"info","message":{"ip":"::1","method":"GET","url":"/api/v1/orders/admin/all"},"service":"purely-ceylon-backend-ecosystem","timestamp":"2026-07-19 15:50:36"}
{"level":"info","message":{"ip":"::1","method":"OPTIONS","url":"/api/v1/orders/007e5fb3-8b0b-4619-9fff-e801229c1118"},"service":"purely-ceylon-backend-ecosystem","timestamp":"2026-07-19 15:50:43"}
{"level":"info","message":{"ip":"::1","method":"OPTIONS","url":"/api/v1/orders/007e5fb3-8b0b-4619-9fff-e801229c1118"},"service":"purely-ceylon-backend-ecosystem","timestamp":"2026-07-19 15:50:43"}
{"level":"info","message":{"ip":"::1","method":"GET","url":"/api/v1/orders/007e5fb3-8b0b-4619-9fff-e801229c1118"},"service":"purely-ceylon-backend-ecosystem","timestamp":"2026-07-19 15:50:43"}
{"level":"info","message":{"ip":"::1","method":"GET","url":"/api/v1/orders/007e5fb3-8b0b-4619-9fff-e801229c1118"},"service":"purely-ceylon-backend-ecosystem","timestamp":"2026-07-19 15:50:43"}
{"level":"info","message":{"ip":"::1","method":"OPTIONS","url":"/api/v1/orders/007e5fb3-8b0b-4619-9fff-e801229c1118"},"service":"purely-ceylon-backend-ecosystem","timestamp":"2026-07-19 15:51:11"}
{"level":"info","message":{"ip":"::1","method":"OPTIONS","url":"/api/v1/orders/007e5fb3-8b0b-4619-9fff-e801229c1118"},"service":"purely-ceylon-backend-ecosystem","timestamp":"2026-07-19 15:51:11"}
{"level":"info","message":{"ip":"::1","method":"GET","url":"/api/v1/orders/007e5fb3-8b0b-4619-9fff-e801229c1118"},"service":"purely-ceylon-backend-ecosystem","timestamp":"2026-07-19 15:51:11"}
{"level":"info","message":{"ip":"::1","method":"GET","url":"/api/v1/orders/007e5fb3-8b0b-4619-9fff-e801229c1118"},"service":"purely-ceylon-backend-ecosystem","timestamp":"2026-07-19 15:51:12"}
{"level":"info","message":{"ip":"::1","method":"OPTIONS","url":"/api/v1/orders/007e5fb3-8b0b-4619-9fff-e801229c1118"},"service":"purely-ceylon-backend-ecosystem","timestamp":"2026-07-19 15:51:19"}
{"level":"info","message":{"ip":"::1","method":"OPTIONS","url":"/api/v1/orders/007e5fb3-8b0b-4619-9fff-e801229c1118"},"service":"purely-ceylon-backend-ecosystem","timestamp":"2026-07-19 15:51:19"}
{"level":"info","message":{"ip":"::1","method":"GET","url":"/api/v1/orders/007e5fb3-8b0b-4619-9fff-e801229c1118"},"service":"purely-ceylon-backend-ecosystem","timestamp":"2026-07-19 15:51:19"}
{"level":"info","message":{"ip":"::1","method":"GET","url":"/api/v1/orders/007e5fb3-8b0b-4619-9fff-e801229c1118"},"service":"purely-ceylon-backend-ecosystem","timestamp":"2026-07-19 15:51:19"}
{"level":"info","message":{"ip":"::1","method":"OPTIONS","url":"/api/v1/cart"},"service":"purely-ceylon-backend-ecosystem","timestamp":"2026-07-19 15:51:25"}
{"level":"info","message":{"ip":"::1","method":"OPTIONS","url":"/api/v1/cart"},"service":"purely-ceylon-backend-ecosystem","timestamp":"2026-07-19 15:51:25"}
{"level":"info","message":{"ip":"::1","method":"GET","url":"/api/v1/cart"},"service":"purely-ceylon-backend-ecosystem","timestamp":"2026-07-19 15:51:25"}
{"level":"info","message":{"ip":"::1","method":"GET","url":"/api/v1/cart"},"service":"purely-ceylon-backend-ecosystem","timestamp":"2026-07-19 15:51:25"}
{"level":"info","message":{"ip":"::1","method":"GET","url":"/api/v1/cart"},"service":"purely-ceylon-backend-ecosystem","timestamp":"2026-07-19 15:51:25"}
{"level":"info","message":{"ip":"::1","method":"GET","url":"/api/v1/cart"},"service":"purely-ceylon-backend-ecosystem","timestamp":"2026-07-19 15:51:25"}
{"level":"info","message":{"ip":"::1","method":"OPTIONS","url":"/api/v1/profile/me"},"service":"purely-ceylon-backend-ecosystem","timestamp":"2026-07-19 15:51:27"}
{"level":"info","message":{"ip":"::1","method":"OPTIONS","url":"/api/v1/profile/me"},"service":"purely-ceylon-backend-ecosystem","timestamp":"2026-07-19 15:51:28"}
{"level":"info","message":{"ip":"::1","method":"OPTIONS","url":"/api/v1/wishlist"},"service":"purely-ceylon-backend-ecosystem","timestamp":"2026-07-19 15:51:28"}
{"level":"info","message":{"ip":"::1","method":"OPTIONS","url":"/api/v1/wishlist"},"service":"purely-ceylon-backend-ecosystem","timestamp":"2026-07-19 15:51:28"}
{"level":"info","message":{"ip":"::1","method":"GET","url":"/api/v1/cart"},"service":"purely-ceylon-backend-ecosystem","timestamp":"2026-07-19 15:51:28"}
{"level":"info","message":{"ip":"::1","method":"GET","url":"/api/v1/profile/me"},"service":"purely-ceylon-backend-ecosystem","timestamp":"2026-07-19 15:51:28"}
{"level":"info","message":{"ip":"::1","method":"GET","url":"/api/v1/wishlist"},"service":"purely-ceylon-backend-ecosystem","timestamp":"2026-07-19 15:51:28"}
{"level":"info","message":{"ip":"::1","method":"GET","url":"/api/v1/profile/me"},"service":"purely-ceylon-backend-ecosystem","timestamp":"2026-07-19 15:51:28"}
{"level":"info","message":{"ip":"::1","method":"GET","url":"/api/v1/wishlist"},"service":"purely-ceylon-backend-ecosystem","timestamp":"2026-07-19 15:51:28"}
{"level":"info","message":{"ip":"::1","method":"GET","url":"/api/v1/cart"},"service":"purely-ceylon-backend-ecosystem","timestamp":"2026-07-19 15:51:29"}
{"level":"info","message":{"ip":"::1","method":"OPTIONS","url":"/api/v1/products?page=1&limit=10"},"service":"purely-ceylon-backend-ecosystem","timestamp":"2026-07-19 15:51:35"}
{"level":"info","message":{"ip":"::1","method":"OPTIONS","url":"/api/v1/categories"},"service":"purely-ceylon-backend-ecosystem","timestamp":"2026-07-19 15:51:35"}
{"level":"info","message":{"ip":"::1","method":"OPTIONS","url":"/api/v1/products?page=1&limit=10"},"service":"purely-ceylon-backend-ecosystem","timestamp":"2026-07-19 15:51:35"}
{"level":"info","message":{"ip":"::1","method":"OPTIONS","url":"/api/v1/categories"},"service":"purely-ceylon-backend-ecosystem","timestamp":"2026-07-19 15:51:35"}
{"level":"info","message":{"ip":"::1","method":"GET","url":"/api/v1/products?page=1&limit=10"},"service":"purely-ceylon-backend-ecosystem","timestamp":"2026-07-19 15:51:35"}
{"level":"info","message":{"ip":"::1","method":"GET","url":"/api/v1/categories"},"service":"purely-ceylon-backend-ecosystem","timestamp":"2026-07-19 15:51:35"}
{"level":"info","message":{"ip":"::1","method":"GET","url":"/api/v1/categories"},"service":"purely-ceylon-backend-ecosystem","timestamp":"2026-07-19 15:51:35"}
{"level":"info","message":{"ip":"::1","method":"GET","url":"/api/v1/products?page=1&limit=10"},"service":"purely-ceylon-backend-ecosystem","timestamp":"2026-07-19 15:51:36"}
{"level":"info","message":{"ip":"::1","method":"OPTIONS","url":"/api/v1/profile/me"},"service":"purely-ceylon-backend-ecosystem","timestamp":"2026-07-19 15:51:37"}
{"level":"info","message":{"ip":"::1","method":"OPTIONS","url":"/api/v1/profile/me"},"service":"purely-ceylon-backend-ecosystem","timestamp":"2026-07-19 15:51:37"}
{"level":"info","message":{"ip":"::1","method":"OPTIONS","url":"/api/v1/cart"},"service":"purely-ceylon-backend-ecosystem","timestamp":"2026-07-19 15:51:37"}
{"level":"info","message":{"ip":"::1","method":"OPTIONS","url":"/api/v1/wishlist"},"service":"purely-ceylon-backend-ecosystem","timestamp":"2026-07-19 15:51:37"}
{"level":"info","message":{"ip":"::1","method":"OPTIONS","url":"/api/v1/products/241b18ad-3551-46d8-af5c-aa3140abdedd"},"service":"purely-ceylon-backend-ecosystem","timestamp":"2026-07-19 15:51:37"}
{"level":"info","message":{"ip":"::1","method":"OPTIONS","url":"/api/v1/products/241b18ad-3551-46d8-af5c-aa3140abdedd"},"service":"purely-ceylon-backend-ecosystem","timestamp":"2026-07-19 15:51:37"}
{"level":"info","message":{"ip":"::1","method":"OPTIONS","url":"/api/v1/cart"},"service":"purely-ceylon-backend-ecosystem","timestamp":"2026-07-19 15:51:37"}
{"level":"info","message":{"ip":"::1","method":"OPTIONS","url":"/api/v1/wishlist"},"service":"purely-ceylon-backend-ecosystem","timestamp":"2026-07-19 15:51:37"}
{"level":"info","message":{"ip":"::1","method":"GET","url":"/api/v1/profile/me"},"service":"purely-ceylon-backend-ecosystem","timestamp":"2026-07-19 15:51:37"}
{"level":"info","message":{"ip":"::1","method":"GET","url":"/api/v1/cart"},"service":"purely-ceylon-backend-ecosystem","timestamp":"2026-07-19 15:51:37"}
{"level":"info","message":{"ip":"::1","method":"GET","url":"/api/v1/wishlist"},"service":"purely-ceylon-backend-ecosystem","timestamp":"2026-07-19 15:51:38"}
{"level":"info","message":{"ip":"::1","method":"GET","url":"/api/v1/products/241b18ad-3551-46d8-af5c-aa3140abdedd"},"service":"purely-ceylon-backend-ecosystem","timestamp":"2026-07-19 15:51:38"}
{"level":"info","message":{"ip":"::1","method":"GET","url":"/api/v1/products/241b18ad-3551-46d8-af5c-aa3140abdedd"},"service":"purely-ceylon-backend-ecosystem","timestamp":"2026-07-19 15:51:38"}
{"level":"info","message":{"ip":"::1","method":"GET","url":"/api/v1/profile/me"},"service":"purely-ceylon-backend-ecosystem","timestamp":"2026-07-19 15:51:38"}
{"level":"info","message":{"ip":"::1","method":"GET","url":"/api/v1/wishlist"},"service":"purely-ceylon-backend-ecosystem","timestamp":"2026-07-19 15:51:38"}
{"level":"info","message":{"ip":"::1","method":"GET","url":"/api/v1/cart"},"service":"purely-ceylon-backend-ecosystem","timestamp":"2026-07-19 15:51:38"}
{"level":"info","message":{"ip":"::1","method":"OPTIONS","url":"/api/v1/products?page=1&limit=10"},"service":"purely-ceylon-backend-ecosystem","timestamp":"2026-07-19 15:51:42"}
{"level":"info","message":{"ip":"::1","method":"OPTIONS","url":"/api/v1/categories"},"service":"purely-ceylon-backend-ecosystem","timestamp":"2026-07-19 15:51:42"}
{"level":"info","message":{"ip":"::1","method":"OPTIONS","url":"/api/v1/products?page=1&limit=10"},"service":"purely-ceylon-backend-ecosystem","timestamp":"2026-07-19 15:51:42"}
{"level":"info","message":{"ip":"::1","method":"OPTIONS","url":"/api/v1/categories"},"service":"purely-ceylon-backend-ecosystem","timestamp":"2026-07-19 15:51:42"}
{"level":"info","message":{"ip":"::1","method":"GET","url":"/api/v1/products?page=1&limit=10"},"service":"purely-ceylon-backend-ecosystem","timestamp":"2026-07-19 15:51:42"}
{"level":"info","message":{"ip":"::1","method":"GET","url":"/api/v1/categories"},"service":"purely-ceylon-backend-ecosystem","timestamp":"2026-07-19 15:51:42"}
{"level":"info","message":{"ip":"::1","method":"GET","url":"/api/v1/products?page=1&limit=10"},"service":"purely-ceylon-backend-ecosystem","timestamp":"2026-07-19 15:51:42"}
{"level":"info","message":{"ip":"::1","method":"GET","url":"/api/v1/categories"},"service":"purely-ceylon-backend-ecosystem","timestamp":"2026-07-19 15:51:42"}
{"level":"info","message":{"ip":"::1","method":"OPTIONS","url":"/api/v1/orders/admin/dashboard"},"service":"purely-ceylon-backend-ecosystem","timestamp":"2026-07-19 15:51:45"}
{"level":"info","message":{"ip":"::1","method":"OPTIONS","url":"/api/v1/orders/admin/dashboard"},"service":"purely-ceylon-backend-ecosystem","timestamp":"2026-07-19 15:51:45"}
{"level":"info","message":{"ip":"::1","method":"GET","url":"/api/v1/orders/admin/dashboard"},"service":"purely-ceylon-backend-ecosystem","timestamp":"2026-07-19 15:51:45"}
{"level":"info","message":{"ip":"::1","method":"GET","url":"/api/v1/orders/admin/dashboard"},"service":"purely-ceylon-backend-ecosystem","timestamp":"2026-07-19 15:51:45"}
{"level":"info","message":{"ip":"::1","method":"GET","url":"/api/v1/admin/revenue-dashboard"},"service":"purely-ceylon-backend-ecosystem","timestamp":"2026-07-19 15:51:45"}
{"level":"info","message":{"ip":"::1","method":"GET","url":"/api/v1/admin/revenue-dashboard"},"service":"purely-ceylon-backend-ecosystem","timestamp":"2026-07-19 15:51:45"}
{"level":"info","message":{"ip":"::1","method":"GET","url":"/api/v1/products?page=1&limit=10"},"service":"purely-ceylon-backend-ecosystem","timestamp":"2026-07-19 15:51:45"}
{"level":"info","message":{"ip":"::1","method":"GET","url":"/api/v1/categories"},"service":"purely-ceylon-backend-ecosystem","timestamp":"2026-07-19 15:51:45"}
{"level":"info","message":{"ip":"::1","method":"GET","url":"/api/v1/products?page=1&limit=10"},"service":"purely-ceylon-backend-ecosystem","timestamp":"2026-07-19 15:51:45"}
{"level":"info","message":{"ip":"::1","method":"GET","url":"/api/v1/categories"},"service":"purely-ceylon-backend-ecosystem","timestamp":"2026-07-19 15:51:45"}
{"level":"info","message":"✅ Email credentials loaded successfully.","service":"purely-ceylon-backend-ecosystem","timestamp":"2026-07-19 21:12:33"}
{"level":"info","message":"🚀 Server running on port 5000","service":"purely-ceylon-backend-ecosystem","timestamp":"2026-07-19 21:12:34"}
{"level":"info","message":"✅ All Background Jobs Started Successfully","service":"purely-ceylon-backend-ecosystem","timestamp":"2026-07-19 21:12:34"}
{"level":"info","message":"⚙️ Background Jobs Started","service":"purely-ceylon-backend-ecosystem","timestamp":"2026-07-19 21:12:34"}
{"level":"info","message":"✅ Email credentials loaded successfully.","service":"purely-ceylon-backend-ecosystem","timestamp":"2026-07-19 21:58:17"}
{"level":"info","message":"🚀 Server running on port 5000","service":"purely-ceylon-backend-ecosystem","timestamp":"2026-07-19 21:58:17"}
{"level":"info","message":"✅ All Background Jobs Started Successfully","service":"purely-ceylon-backend-ecosystem","timestamp":"2026-07-19 21:58:18"}
{"level":"info","message":"⚙️ Background Jobs Started","service":"purely-ceylon-backend-ecosystem","timestamp":"2026-07-19 21:58:18"}
{"level":"info","message":{"ip":"::1","method":"OPTIONS","url":"/api/v1/address"},"service":"purely-ceylon-backend-ecosystem","timestamp":"2026-07-19 21:58:19"}
{"level":"info","message":{"ip":"::1","method":"OPTIONS","url":"/api/v1/wishlist"},"service":"purely-ceylon-backend-ecosystem","timestamp":"2026-07-19 21:58:19"}
{"level":"info","message":{"ip":"::1","method":"OPTIONS","url":"/api/v1/cart"},"service":"purely-ceylon-backend-ecosystem","timestamp":"2026-07-19 21:58:19"}
{"level":"info","message":{"ip":"::1","method":"OPTIONS","url":"/api/v1/address"},"service":"purely-ceylon-backend-ecosystem","timestamp":"2026-07-19 21:58:19"}
{"level":"info","message":{"ip":"::1","method":"OPTIONS","url":"/api/v1/wishlist"},"service":"purely-ceylon-backend-ecosystem","timestamp":"2026-07-19 21:58:19"}
{"level":"info","message":{"ip":"::1","method":"OPTIONS","url":"/api/v1/cart"},"service":"purely-ceylon-backend-ecosystem","timestamp":"2026-07-19 21:58:19"}
{"level":"info","message":{"ip":"::1","method":"GET","url":"/api/v1/address"},"service":"purely-ceylon-backend-ecosystem","timestamp":"2026-07-19 21:58:19"}
{"level":"info","message":{"ip":"::1","method":"GET","url":"/api/v1/cart"},"service":"purely-ceylon-backend-ecosystem","timestamp":"2026-07-19 21:58:20"}
{"level":"info","message":{"ip":"::1","method":"GET","url":"/api/v1/wishlist"},"service":"purely-ceylon-backend-ecosystem","timestamp":"2026-07-19 21:58:20"}
{"level":"info","message":{"ip":"::1","method":"GET","url":"/api/v1/address"},"service":"purely-ceylon-backend-ecosystem","timestamp":"2026-07-19 21:58:20"}
{"level":"info","message":{"ip":"::1","method":"GET","url":"/api/v1/cart"},"service":"purely-ceylon-backend-ecosystem","timestamp":"2026-07-19 21:58:20"}
{"level":"info","message":{"ip":"::1","method":"OPTIONS","url":"/api/v1/profile/me"},"service":"purely-ceylon-backend-ecosystem","timestamp":"2026-07-19 21:58:21"}
{"level":"info","message":{"ip":"::1","method":"OPTIONS","url":"/api/v1/profile/me"},"service":"purely-ceylon-backend-ecosystem","timestamp":"2026-07-19 21:58:21"}
{"level":"info","message":{"ip":"::1","method":"GET","url":"/api/v1/wishlist"},"service":"purely-ceylon-backend-ecosystem","timestamp":"2026-07-19 21:58:21"}
{"level":"info","message":{"ip":"::1","method":"GET","url":"/api/v1/profile/me"},"service":"purely-ceylon-backend-ecosystem","timestamp":"2026-07-19 21:58:22"}
{"level":"info","message":{"ip":"::1","method":"GET","url":"/api/v1/cart"},"service":"purely-ceylon-backend-ecosystem","timestamp":"2026-07-19 21:58:23"}
{"level":"info","message":{"ip":"::1","method":"GET","url":"/api/v1/wishlist"},"service":"purely-ceylon-backend-ecosystem","timestamp":"2026-07-19 21:58:23"}
{"level":"info","message":{"ip":"::1","method":"GET","url":"/api/v1/cart"},"service":"purely-ceylon-backend-ecosystem","timestamp":"2026-07-19 21:58:23"}
{"level":"info","message":{"ip":"::1","method":"GET","url":"/api/v1/wishlist"},"service":"purely-ceylon-backend-ecosystem","timestamp":"2026-07-19 21:58:23"}
{"level":"info","message":{"ip":"::1","method":"GET","url":"/api/v1/profile/me"},"service":"purely-ceylon-backend-ecosystem","timestamp":"2026-07-19 21:58:23"}
{"level":"info","message":{"ip":"::1","method":"OPTIONS","url":"/api/v1/auth/login"},"service":"purely-ceylon-backend-ecosystem","timestamp":"2026-07-19 21:58:31"}
{"level":"info","message":{"ip":"::1","method":"POST","url":"/api/v1/auth/login"},"service":"purely-ceylon-backend-ecosystem","timestamp":"2026-07-19 21:58:31"}
{"level":"info","message":{"email":"musabhafiz995@gmail.com","event":"LOGIN_SUCCESS"},"service":"purely-ceylon-backend-ecosystem","timestamp":"2026-07-19 21:58:31"}
{"level":"info","message":{"ip":"::1","method":"OPTIONS","url":"/api/v1/profile/me"},"service":"purely-ceylon-backend-ecosystem","timestamp":"2026-07-19 21:58:33"}
{"level":"info","message":{"ip":"::1","method":"OPTIONS","url":"/api/v1/cart"},"service":"purely-ceylon-backend-ecosystem","timestamp":"2026-07-19 21:58:33"}
{"level":"info","message":{"ip":"::1","method":"OPTIONS","url":"/api/v1/orders/admin/dashboard"},"service":"purely-ceylon-backend-ecosystem","timestamp":"2026-07-19 21:58:33"}
{"level":"info","message":{"ip":"::1","method":"OPTIONS","url":"/api/v1/wishlist"},"service":"purely-ceylon-backend-ecosystem","timestamp":"2026-07-19 21:58:33"}
{"level":"info","message":{"ip":"::1","method":"OPTIONS","url":"/api/v1/orders/admin/dashboard"},"service":"purely-ceylon-backend-ecosystem","timestamp":"2026-07-19 21:58:33"}
{"level":"info","message":{"ip":"::1","method":"GET","url":"/api/v1/profile/me"},"service":"purely-ceylon-backend-ecosystem","timestamp":"2026-07-19 21:58:33"}
{"level":"info","message":{"ip":"::1","method":"GET","url":"/api/v1/cart"},"service":"purely-ceylon-backend-ecosystem","timestamp":"2026-07-19 21:58:33"}
{"level":"info","message":{"ip":"::1","method":"GET","url":"/api/v1/wishlist"},"service":"purely-ceylon-backend-ecosystem","timestamp":"2026-07-19 21:58:33"}
{"level":"info","message":{"ip":"::1","method":"GET","url":"/api/v1/orders/admin/dashboard"},"service":"purely-ceylon-backend-ecosystem","timestamp":"2026-07-19 21:58:33"}
{"level":"info","message":{"ip":"::1","method":"GET","url":"/api/v1/orders/admin/dashboard"},"service":"purely-ceylon-backend-ecosystem","timestamp":"2026-07-19 21:58:35"}
{"level":"info","message":{"ip":"::1","method":"OPTIONS","url":"/api/v1/admin/monthly-sales"},"service":"purely-ceylon-backend-ecosystem","timestamp":"2026-07-19 21:58:35"}
{"level":"info","message":{"ip":"::1","method":"OPTIONS","url":"/api/v1/admin/top-products"},"service":"purely-ceylon-backend-ecosystem","timestamp":"2026-07-19 21:58:35"}
{"level":"info","message":{"ip":"::1","method":"GET","url":"/api/v1/admin/top-products"},"service":"purely-ceylon-backend-ecosystem","timestamp":"2026-07-19 21:58:35"}
{"level":"info","message":{"ip":"::1","method":"GET","url":"/api/v1/admin/monthly-sales"},"service":"purely-ceylon-backend-ecosystem","timestamp":"2026-07-19 21:58:35"}
{"level":"info","message":{"ip":"::1","method":"GET","url":"/api/v1/admin/top-products"},"service":"purely-ceylon-backend-ecosystem","timestamp":"2026-07-19 21:58:36"}
{"level":"info","message":{"ip":"::1","method":"GET","url":"/api/v1/admin/monthly-sales"},"service":"purely-ceylon-backend-ecosystem","timestamp":"2026-07-19 21:58:36"}
{"level":"info","message":{"ip":"::1","method":"GET","url":"/api/v1/admin/top-analytics"},"service":"purely-ceylon-backend-ecosystem","timestamp":"2026-07-19 21:58:36"}
{"level":"info","message":{"ip":"::1","method":"GET","url":"/api/v1/admin/top-analytics"},"service":"purely-ceylon-backend-ecosystem","timestamp":"2026-07-19 21:58:36"}
{"level":"info","message":{"ip":"::1","method":"OPTIONS","url":"/api/v1/products?page=1&limit=10"},"service":"purely-ceylon-backend-ecosystem","timestamp":"2026-07-19 21:58:37"}
{"level":"info","message":{"ip":"::1","method":"OPTIONS","url":"/api/v1/categories"},"service":"purely-ceylon-backend-ecosystem","timestamp":"2026-07-19 21:58:37"}
{"level":"info","message":{"ip":"::1","method":"OPTIONS","url":"/api/v1/products?page=1&limit=10"},"service":"purely-ceylon-backend-ecosystem","timestamp":"2026-07-19 21:58:37"}
{"level":"info","message":{"ip":"::1","method":"OPTIONS","url":"/api/v1/categories"},"service":"purely-ceylon-backend-ecosystem","timestamp":"2026-07-19 21:58:37"}
{"level":"info","message":{"ip":"::1","method":"GET","url":"/api/v1/categories"},"service":"purely-ceylon-backend-ecosystem","timestamp":"2026-07-19 21:58:37"}
{"level":"info","message":{"ip":"::1","method":"GET","url":"/api/v1/products?page=1&limit=10"},"service":"purely-ceylon-backend-ecosystem","timestamp":"2026-07-19 21:58:37"}
{"level":"info","message":{"ip":"::1","method":"GET","url":"/api/v1/categories"},"service":"purely-ceylon-backend-ecosystem","timestamp":"2026-07-19 21:58:37"}
{"level":"info","message":{"ip":"::1","method":"GET","url":"/api/v1/products?page=1&limit=10"},"service":"purely-ceylon-backend-ecosystem","timestamp":"2026-07-19 21:58:37"}
{"level":"info","message":{"ip":"::1","method":"OPTIONS","url":"/api/v1/orders/admin/dashboard"},"service":"purely-ceylon-backend-ecosystem","timestamp":"2026-07-19 21:58:53"}
{"level":"info","message":{"ip":"::1","method":"OPTIONS","url":"/api/v1/orders/admin/dashboard"},"service":"purely-ceylon-backend-ecosystem","timestamp":"2026-07-19 21:58:53"}
{"level":"info","message":{"ip":"::1","method":"GET","url":"/api/v1/orders/admin/dashboard"},"service":"purely-ceylon-backend-ecosystem","timestamp":"2026-07-19 21:58:53"}
{"level":"info","message":{"ip":"::1","method":"GET","url":"/api/v1/orders/admin/dashboard"},"service":"purely-ceylon-backend-ecosystem","timestamp":"2026-07-19 21:58:54"}
{"level":"info","message":{"ip":"::1","method":"OPTIONS","url":"/api/v1/admin/monthly-sales"},"service":"purely-ceylon-backend-ecosystem","timestamp":"2026-07-19 21:58:54"}
{"level":"info","message":{"ip":"::1","method":"OPTIONS","url":"/api/v1/admin/top-products"},"service":"purely-ceylon-backend-ecosystem","timestamp":"2026-07-19 21:58:54"}
{"level":"info","message":{"ip":"::1","method":"GET","url":"/api/v1/admin/monthly-sales"},"service":"purely-ceylon-backend-ecosystem","timestamp":"2026-07-19 21:58:54"}
{"level":"info","message":{"ip":"::1","method":"GET","url":"/api/v1/admin/top-products"},"service":"purely-ceylon-backend-ecosystem","timestamp":"2026-07-19 21:58:54"}
{"level":"info","message":{"ip":"::1","method":"GET","url":"/api/v1/admin/top-analytics"},"service":"purely-ceylon-backend-ecosystem","timestamp":"2026-07-19 21:58:54"}
{"level":"info","message":{"ip":"::1","method":"GET","url":"/api/v1/admin/monthly-sales"},"service":"purely-ceylon-backend-ecosystem","timestamp":"2026-07-19 21:58:54"}
{"level":"info","message":{"ip":"::1","method":"GET","url":"/api/v1/admin/top-products"},"service":"purely-ceylon-backend-ecosystem","timestamp":"2026-07-19 21:58:54"}
{"level":"info","message":{"ip":"::1","method":"OPTIONS","url":"/api/v1/products?page=1&limit=10"},"service":"purely-ceylon-backend-ecosystem","timestamp":"2026-07-19 21:58:55"}
{"level":"info","message":{"ip":"::1","method":"OPTIONS","url":"/api/v1/products?page=1&limit=10"},"service":"purely-ceylon-backend-ecosystem","timestamp":"2026-07-19 21:58:55"}
{"level":"info","message":{"ip":"::1","method":"OPTIONS","url":"/api/v1/categories"},"service":"purely-ceylon-backend-ecosystem","timestamp":"2026-07-19 21:58:55"}
{"level":"info","message":{"ip":"::1","method":"OPTIONS","url":"/api/v1/categories"},"service":"purely-ceylon-backend-ecosystem","timestamp":"2026-07-19 21:58:55"}
{"level":"info","message":{"ip":"::1","method":"GET","url":"/api/v1/admin/top-analytics"},"service":"purely-ceylon-backend-ecosystem","timestamp":"2026-07-19 21:58:55"}
{"level":"info","message":{"ip":"::1","method":"GET","url":"/api/v1/products?page=1&limit=10"},"service":"purely-ceylon-backend-ecosystem","timestamp":"2026-07-19 21:58:55"}
{"level":"info","message":{"ip":"::1","method":"GET","url":"/api/v1/categories"},"service":"purely-ceylon-backend-ecosystem","timestamp":"2026-07-19 21:58:55"}
{"level":"info","message":{"ip":"::1","method":"GET","url":"/api/v1/categories"},"service":"purely-ceylon-backend-ecosystem","timestamp":"2026-07-19 21:58:55"}
{"level":"info","message":{"ip":"::1","method":"GET","url":"/api/v1/products?page=1&limit=10"},"service":"purely-ceylon-backend-ecosystem","timestamp":"2026-07-19 21:58:55"}
{"level":"info","message":{"ip":"::1","method":"OPTIONS","url":"/api/v1/orders/admin/all"},"service":"purely-ceylon-backend-ecosystem","timestamp":"2026-07-19 21:59:00"}
{"level":"info","message":{"ip":"::1","method":"OPTIONS","url":"/api/v1/orders/admin/all"},"service":"purely-ceylon-backend-ecosystem","timestamp":"2026-07-19 21:59:00"}
{"level":"info","message":{"ip":"::1","method":"GET","url":"/api/v1/orders/admin/all"},"service":"purely-ceylon-backend-ecosystem","timestamp":"2026-07-19 21:59:00"}
{"level":"info","message":{"ip":"::1","method":"GET","url":"/api/v1/orders/admin/all"},"service":"purely-ceylon-backend-ecosystem","timestamp":"2026-07-19 21:59:00"}
{"level":"info","message":{"ip":"::1","method":"OPTIONS","url":"/api/v1/products?page=1&limit=10"},"service":"purely-ceylon-backend-ecosystem","timestamp":"2026-07-19 21:59:01"}
{"level":"info","message":{"ip":"::1","method":"OPTIONS","url":"/api/v1/categories"},"service":"purely-ceylon-backend-ecosystem","timestamp":"2026-07-19 21:59:01"}
{"level":"info","message":{"ip":"::1","method":"OPTIONS","url":"/api/v1/products?page=1&limit=10"},"service":"purely-ceylon-backend-ecosystem","timestamp":"2026-07-19 21:59:01"}
{"level":"info","message":{"ip":"::1","method":"OPTIONS","url":"/api/v1/categories"},"service":"purely-ceylon-backend-ecosystem","timestamp":"2026-07-19 21:59:01"}
{"level":"info","message":{"ip":"::1","method":"GET","url":"/api/v1/products?page=1&limit=10"},"service":"purely-ceylon-backend-ecosystem","timestamp":"2026-07-19 21:59:01"}
{"level":"info","message":{"ip":"::1","method":"GET","url":"/api/v1/categories"},"service":"purely-ceylon-backend-ecosystem","timestamp":"2026-07-19 21:59:01"}
{"level":"info","message":{"ip":"::1","method":"GET","url":"/api/v1/categories"},"service":"purely-ceylon-backend-ecosystem","timestamp":"2026-07-19 21:59:01"}
{"level":"info","message":{"ip":"::1","method":"GET","url":"/api/v1/products?page=1&limit=10"},"service":"purely-ceylon-backend-ecosystem","timestamp":"2026-07-19 21:59:01"}
{"level":"info","message":"📧 Processing Email Queue","service":"purely-ceylon-backend-ecosystem","timestamp":"2026-07-19 22:00:00"}
{"level":"info","message":"📄 Checking Expired RFQs","service":"purely-ceylon-backend-ecosystem","timestamp":"2026-07-19 22:00:00"}
{"level":"info","message":"✅ Email credentials loaded successfully.","service":"purely-ceylon-backend-ecosystem","timestamp":"2026-07-19 22:03:02"}
{"level":"info","message":"🚀 Server running on port 5000","service":"purely-ceylon-backend-ecosystem","timestamp":"2026-07-19 22:03:02"}
{"level":"info","message":"✅ All Background Jobs Started Successfully","service":"purely-ceylon-backend-ecosystem","timestamp":"2026-07-19 22:03:03"}
{"level":"info","message":"⚙️ Background Jobs Started","service":"purely-ceylon-backend-ecosystem","timestamp":"2026-07-19 22:03:03"}
{"level":"info","message":{"ip":"::1","method":"OPTIONS","url":"/api/v1/products?page=1&limit=10"},"service":"purely-ceylon-backend-ecosystem","timestamp":"2026-07-19 22:03:06"}
{"level":"info","message":{"ip":"::1","method":"OPTIONS","url":"/api/v1/categories"},"service":"purely-ceylon-backend-ecosystem","timestamp":"2026-07-19 22:03:06"}
{"level":"info","message":{"ip":"::1","method":"OPTIONS","url":"/api/v1/products?page=1&limit=10"},"service":"purely-ceylon-backend-ecosystem","timestamp":"2026-07-19 22:03:06"}
{"level":"info","message":{"ip":"::1","method":"OPTIONS","url":"/api/v1/categories"},"service":"purely-ceylon-backend-ecosystem","timestamp":"2026-07-19 22:03:06"}
{"level":"info","message":{"ip":"::1","method":"GET","url":"/api/v1/products?page=1&limit=10"},"service":"purely-ceylon-backend-ecosystem","timestamp":"2026-07-19 22:03:06"}
{"level":"info","message":{"ip":"::1","method":"GET","url":"/api/v1/categories"},"service":"purely-ceylon-backend-ecosystem","timestamp":"2026-07-19 22:03:06"}
{"level":"info","message":{"ip":"::1","method":"GET","url":"/api/v1/products?page=1&limit=10"},"service":"purely-ceylon-backend-ecosystem","timestamp":"2026-07-19 22:03:07"}
{"level":"info","message":{"ip":"::1","method":"GET","url":"/api/v1/categories"},"service":"purely-ceylon-backend-ecosystem","timestamp":"2026-07-19 22:03:07"}
{"level":"info","message":"📧 Processing Email Queue","service":"purely-ceylon-backend-ecosystem","timestamp":"2026-07-19 22:05:00"}
{"level":"info","message":"✅ Email credentials loaded successfully.","service":"purely-ceylon-backend-ecosystem","timestamp":"2026-07-19 22:09:58"}
{"level":"info","message":"🚀 Server running on port 5000","service":"purely-ceylon-backend-ecosystem","timestamp":"2026-07-19 22:09:58"}
{"level":"info","message":"✅ All Background Jobs Started Successfully","service":"purely-ceylon-backend-ecosystem","timestamp":"2026-07-19 22:09:58"}
{"level":"info","message":"⚙️ Background Jobs Started","service":"purely-ceylon-backend-ecosystem","timestamp":"2026-07-19 22:09:58"}
{"level":"info","message":"📧 Processing Email Queue","service":"purely-ceylon-backend-ecosystem","timestamp":"2026-07-19 22:10:00"}
{"level":"info","message":{"ip":"::1","method":"OPTIONS","url":"/api/v1/profile/me"},"service":"purely-ceylon-backend-ecosystem","timestamp":"2026-07-19 22:10:42"}
{"level":"info","message":{"ip":"::1","method":"OPTIONS","url":"/api/v1/cart"},"service":"purely-ceylon-backend-ecosystem","timestamp":"2026-07-19 22:10:44"}
{"level":"info","message":{"ip":"::1","method":"OPTIONS","url":"/api/v1/cart"},"service":"purely-ceylon-backend-ecosystem","timestamp":"2026-07-19 22:10:44"}
{"level":"info","message":{"ip":"::1","method":"OPTIONS","url":"/api/v1/wishlist"},"service":"purely-ceylon-backend-ecosystem","timestamp":"2026-07-19 22:10:44"}
{"level":"info","message":{"ip":"::1","method":"OPTIONS","url":"/api/v1/address"},"service":"purely-ceylon-backend-ecosystem","timestamp":"2026-07-19 22:10:44"}
{"level":"info","message":{"ip":"::1","method":"OPTIONS","url":"/api/v1/wishlist"},"service":"purely-ceylon-backend-ecosystem","timestamp":"2026-07-19 22:10:45"}
{"level":"info","message":{"ip":"::1","method":"OPTIONS","url":"/api/v1/cart"},"service":"purely-ceylon-backend-ecosystem","timestamp":"2026-07-19 22:10:45"}
{"level":"info","message":{"ip":"::1","method":"OPTIONS","url":"/api/v1/profile/me"},"service":"purely-ceylon-backend-ecosystem","timestamp":"2026-07-19 22:10:45"}
{"level":"info","message":{"ip":"::1","method":"OPTIONS","url":"/api/v1/wishlist"},"service":"purely-ceylon-backend-ecosystem","timestamp":"2026-07-19 22:10:45"}
{"level":"info","message":{"ip":"::ffff:127.0.0.1","method":"OPTIONS","url":"/api/v1/address"},"service":"purely-ceylon-backend-ecosystem","timestamp":"2026-07-19 22:10:45"}
{"level":"info","message":{"ip":"::ffff:127.0.0.1","method":"OPTIONS","url":"/api/v1/wishlist"},"service":"purely-ceylon-backend-ecosystem","timestamp":"2026-07-19 22:10:45"}
{"level":"info","message":{"ip":"::ffff:127.0.0.1","method":"OPTIONS","url":"/api/v1/cart"},"service":"purely-ceylon-backend-ecosystem","timestamp":"2026-07-19 22:10:45"}
{"level":"info","message":{"ip":"::1","method":"GET","url":"/api/v1/cart"},"service":"purely-ceylon-backend-ecosystem","timestamp":"2026-07-19 22:10:45"}
{"level":"info","message":{"ip":"::1","method":"GET","url":"/api/v1/wishlist"},"service":"purely-ceylon-backend-ecosystem","timestamp":"2026-07-19 22:10:46"}
{"level":"info","message":{"ip":"::1","method":"GET","url":"/api/v1/address"},"service":"purely-ceylon-backend-ecosystem","timestamp":"2026-07-19 22:10:47"}
{"level":"info","message":{"ip":"::1","method":"GET","url":"/api/v1/profile/me"},"service":"purely-ceylon-backend-ecosystem","timestamp":"2026-07-19 22:10:49"}
{"level":"info","message":{"ip":"::1","method":"GET","url":"/api/v1/address"},"service":"purely-ceylon-backend-ecosystem","timestamp":"2026-07-19 22:10:50"}
{"level":"info","message":{"ip":"::1","method":"GET","url":"/api/v1/wishlist"},"service":"purely-ceylon-backend-ecosystem","timestamp":"2026-07-19 22:10:50"}
{"level":"info","message":{"ip":"::1","method":"GET","url":"/api/v1/cart"},"service":"purely-ceylon-backend-ecosystem","timestamp":"2026-07-19 22:10:51"}
{"level":"info","message":{"ip":"::1","method":"GET","url":"/api/v1/wishlist"},"service":"purely-ceylon-backend-ecosystem","timestamp":"2026-07-19 22:10:51"}
{"level":"info","message":{"ip":"::1","method":"GET","url":"/api/v1/cart"},"service":"purely-ceylon-backend-ecosystem","timestamp":"2026-07-19 22:10:51"}
{"level":"info","message":{"ip":"::1","method":"GET","url":"/api/v1/profile/me"},"service":"purely-ceylon-backend-ecosystem","timestamp":"2026-07-19 22:10:52"}
{"level":"info","message":{"ip":"::1","method":"GET","url":"/api/v1/wishlist"},"service":"purely-ceylon-backend-ecosystem","timestamp":"2026-07-19 22:10:52"}
{"level":"info","message":{"ip":"::1","method":"GET","url":"/api/v1/cart"},"service":"purely-ceylon-backend-ecosystem","timestamp":"2026-07-19 22:10:52"}
{"level":"info","message":{"ip":"::1","method":"OPTIONS","url":"/api/v1/auth/login"},"service":"purely-ceylon-backend-ecosystem","timestamp":"2026-07-19 22:10:53"}
{"level":"info","message":{"ip":"::1","method":"POST","url":"/api/v1/auth/login"},"service":"purely-ceylon-backend-ecosystem","timestamp":"2026-07-19 22:10:53"}
{"level":"info","message":{"email":"musabhafiz995@gmail.com","event":"LOGIN_SUCCESS"},"service":"purely-ceylon-backend-ecosystem","timestamp":"2026-07-19 22:10:54"}
{"level":"info","message":{"ip":"::1","method":"OPTIONS","url":"/api/v1/profile/me"},"service":"purely-ceylon-backend-ecosystem","timestamp":"2026-07-19 22:10:55"}
{"level":"info","message":{"ip":"::1","method":"GET","url":"/api/v1/profile/me"},"service":"purely-ceylon-backend-ecosystem","timestamp":"2026-07-19 22:10:55"}
{"level":"info","message":{"ip":"::1","method":"OPTIONS","url":"/api/v1/wishlist"},"service":"purely-ceylon-backend-ecosystem","timestamp":"2026-07-19 22:10:55"}
{"level":"info","message":{"ip":"::1","method":"OPTIONS","url":"/api/v1/cart"},"service":"purely-ceylon-backend-ecosystem","timestamp":"2026-07-19 22:10:55"}
{"level":"info","message":{"ip":"::1","method":"OPTIONS","url":"/api/v1/orders/admin/dashboard"},"service":"purely-ceylon-backend-ecosystem","timestamp":"2026-07-19 22:10:55"}
{"level":"info","message":{"ip":"::1","method":"OPTIONS","url":"/api/v1/orders/admin/dashboard"},"service":"purely-ceylon-backend-ecosystem","timestamp":"2026-07-19 22:10:55"}
{"level":"info","message":{"ip":"::1","method":"GET","url":"/api/v1/wishlist"},"service":"purely-ceylon-backend-ecosystem","timestamp":"2026-07-19 22:10:55"}
{"level":"info","message":{"ip":"::1","method":"GET","url":"/api/v1/cart"},"service":"purely-ceylon-backend-ecosystem","timestamp":"2026-07-19 22:10:55"}
{"level":"info","message":{"ip":"::1","method":"GET","url":"/api/v1/orders/admin/dashboard"},"service":"purely-ceylon-backend-ecosystem","timestamp":"2026-07-19 22:10:56"}
{"level":"info","message":{"ip":"::1","method":"GET","url":"/api/v1/orders/admin/dashboard"},"service":"purely-ceylon-backend-ecosystem","timestamp":"2026-07-19 22:10:56"}
{"level":"info","message":{"ip":"::1","method":"OPTIONS","url":"/api/v1/admin/monthly-sales"},"service":"purely-ceylon-backend-ecosystem","timestamp":"2026-07-19 22:10:56"}
{"level":"info","message":{"ip":"::1","method":"OPTIONS","url":"/api/v1/admin/top-products"},"service":"purely-ceylon-backend-ecosystem","timestamp":"2026-07-19 22:10:56"}
{"level":"info","message":{"ip":"::1","method":"GET","url":"/api/v1/admin/monthly-sales"},"service":"purely-ceylon-backend-ecosystem","timestamp":"2026-07-19 22:10:56"}
{"level":"info","message":{"ip":"::1","method":"GET","url":"/api/v1/admin/top-products"},"service":"purely-ceylon-backend-ecosystem","timestamp":"2026-07-19 22:10:56"}
{"level":"info","message":{"ip":"::1","method":"GET","url":"/api/v1/admin/monthly-sales"},"service":"purely-ceylon-backend-ecosystem","timestamp":"2026-07-19 22:10:56"}
{"level":"info","message":{"ip":"::1","method":"GET","url":"/api/v1/admin/top-products"},"service":"purely-ceylon-backend-ecosystem","timestamp":"2026-07-19 22:10:57"}
{"level":"info","message":{"ip":"::1","method":"GET","url":"/api/v1/admin/top-analytics"},"service":"purely-ceylon-backend-ecosystem","timestamp":"2026-07-19 22:10:57"}
{"level":"info","message":{"ip":"::1","method":"GET","url":"/api/v1/admin/top-analytics"},"service":"purely-ceylon-backend-ecosystem","timestamp":"2026-07-19 22:10:57"}
{"level":"info","message":{"ip":"::1","method":"OPTIONS","url":"/api/v1/products?page=1&limit=10"},"service":"purely-ceylon-backend-ecosystem","timestamp":"2026-07-19 22:10:57"}
{"level":"info","message":{"ip":"::1","method":"OPTIONS","url":"/api/v1/categories"},"service":"purely-ceylon-backend-ecosystem","timestamp":"2026-07-19 22:10:57"}
{"level":"info","message":{"ip":"::1","method":"OPTIONS","url":"/api/v1/products?page=1&limit=10"},"service":"purely-ceylon-backend-ecosystem","timestamp":"2026-07-19 22:10:57"}
{"level":"info","message":{"ip":"::1","method":"OPTIONS","url":"/api/v1/categories"},"service":"purely-ceylon-backend-ecosystem","timestamp":"2026-07-19 22:10:57"}
{"level":"info","message":{"ip":"::1","method":"GET","url":"/api/v1/products?page=1&limit=10"},"service":"purely-ceylon-backend-ecosystem","timestamp":"2026-07-19 22:10:57"}
{"level":"info","message":{"ip":"::1","method":"GET","url":"/api/v1/categories"},"service":"purely-ceylon-backend-ecosystem","timestamp":"2026-07-19 22:10:57"}
{"level":"info","message":{"ip":"::1","method":"GET","url":"/api/v1/products?page=1&limit=10"},"service":"purely-ceylon-backend-ecosystem","timestamp":"2026-07-19 22:10:58"}
{"level":"info","message":{"ip":"::1","method":"GET","url":"/api/v1/categories"},"service":"purely-ceylon-backend-ecosystem","timestamp":"2026-07-19 22:10:58"}
{"level":"info","message":{"ip":"::1","method":"OPTIONS","url":"/api/v1/products?page=1&limit=10"},"service":"purely-ceylon-backend-ecosystem","timestamp":"2026-07-19 22:11:07"}
{"level":"info","message":{"ip":"::1","method":"OPTIONS","url":"/api/v1/categories"},"service":"purely-ceylon-backend-ecosystem","timestamp":"2026-07-19 22:11:07"}
{"level":"info","message":{"ip":"::1","method":"OPTIONS","url":"/api/v1/products?page=1&limit=10"},"service":"purely-ceylon-backend-ecosystem","timestamp":"2026-07-19 22:11:07"}
{"level":"info","message":{"ip":"::1","method":"OPTIONS","url":"/api/v1/categories"},"service":"purely-ceylon-backend-ecosystem","timestamp":"2026-07-19 22:11:07"}
{"level":"info","message":{"ip":"::1","method":"GET","url":"/api/v1/products?page=1&limit=10"},"service":"purely-ceylon-backend-ecosystem","timestamp":"2026-07-19 22:11:07"}
{"level":"info","message":{"ip":"::1","method":"GET","url":"/api/v1/categories"},"service":"purely-ceylon-backend-ecosystem","timestamp":"2026-07-19 22:11:07"}
{"level":"info","message":{"ip":"::1","method":"GET","url":"/api/v1/categories"},"service":"purely-ceylon-backend-ecosystem","timestamp":"2026-07-19 22:11:07"}
{"level":"info","message":{"ip":"::1","method":"GET","url":"/api/v1/products?page=1&limit=10"},"service":"purely-ceylon-backend-ecosystem","timestamp":"2026-07-19 22:11:07"}
{"level":"info","message":{"ip":"::1","method":"OPTIONS","url":"/api/v1/orders/admin/dashboard"},"service":"purely-ceylon-backend-ecosystem","timestamp":"2026-07-19 22:11:08"}
{"level":"info","message":{"ip":"::1","method":"OPTIONS","url":"/api/v1/orders/admin/dashboard"},"service":"purely-ceylon-backend-ecosystem","timestamp":"2026-07-19 22:11:10"}
{"level":"info","message":{"ip":"::1","method":"GET","url":"/api/v1/orders/admin/dashboard"},"service":"purely-ceylon-backend-ecosystem","timestamp":"2026-07-19 22:11:10"}
{"level":"info","message":{"ip":"::1","method":"GET","url":"/api/v1/orders/admin/dashboard"},"service":"purely-ceylon-backend-ecosystem","timestamp":"2026-07-19 22:11:10"}
{"level":"info","message":{"ip":"::1","method":"OPTIONS","url":"/api/v1/admin/monthly-sales"},"service":"purely-ceylon-backend-ecosystem","timestamp":"2026-07-19 22:11:10"}
{"level":"info","message":{"ip":"::1","method":"OPTIONS","url":"/api/v1/admin/top-products"},"service":"purely-ceylon-backend-ecosystem","timestamp":"2026-07-19 22:11:10"}
{"level":"info","message":{"ip":"::1","method":"GET","url":"/api/v1/admin/monthly-sales"},"service":"purely-ceylon-backend-ecosystem","timestamp":"2026-07-19 22:11:10"}
{"level":"info","message":{"ip":"::1","method":"GET","url":"/api/v1/admin/top-products"},"service":"purely-ceylon-backend-ecosystem","timestamp":"2026-07-19 22:11:10"}
{"level":"info","message":{"ip":"::1","method":"GET","url":"/api/v1/admin/top-analytics"},"service":"purely-ceylon-backend-ecosystem","timestamp":"2026-07-19 22:11:10"}
{"level":"info","message":{"ip":"::1","method":"GET","url":"/api/v1/admin/monthly-sales"},"service":"purely-ceylon-backend-ecosystem","timestamp":"2026-07-19 22:11:10"}
{"level":"info","message":{"ip":"::1","method":"GET","url":"/api/v1/admin/top-products"},"service":"purely-ceylon-backend-ecosystem","timestamp":"2026-07-19 22:11:10"}
{"level":"info","message":{"ip":"::1","method":"GET","url":"/api/v1/admin/top-analytics"},"service":"purely-ceylon-backend-ecosystem","timestamp":"2026-07-19 22:11:11"}
{"level":"info","message":{"ip":"::1","method":"OPTIONS","url":"/api/v1/categories"},"service":"purely-ceylon-backend-ecosystem","timestamp":"2026-07-19 22:11:12"}
{"level":"info","message":{"ip":"::1","method":"OPTIONS","url":"/api/v1/categories"},"service":"purely-ceylon-backend-ecosystem","timestamp":"2026-07-19 22:11:12"}
{"level":"info","message":{"ip":"::1","method":"GET","url":"/api/v1/categories"},"service":"purely-ceylon-backend-ecosystem","timestamp":"2026-07-19 22:11:12"}
{"level":"info","message":{"ip":"::1","method":"GET","url":"/api/v1/categories"},"service":"purely-ceylon-backend-ecosystem","timestamp":"2026-07-19 22:11:12"}
{"level":"info","message":{"ip":"::1","method":"OPTIONS","url":"/api/v1/products"},"service":"purely-ceylon-backend-ecosystem","timestamp":"2026-07-19 22:12:39"}
{"level":"info","message":{"ip":"::1","method":"POST","url":"/api/v1/products"},"service":"purely-ceylon-backend-ecosystem","timestamp":"2026-07-19 22:12:39"}
{"level":"info","message":{"ip":"::1","method":"OPTIONS","url":"/api/v1/products?page=1&limit=10"},"service":"purely-ceylon-backend-ecosystem","timestamp":"2026-07-19 22:12:41"}
{"level":"info","message":{"ip":"::1","method":"OPTIONS","url":"/api/v1/products?page=1&limit=10"},"service":"purely-ceylon-backend-ecosystem","timestamp":"2026-07-19 22:12:41"}
{"level":"info","message":{"ip":"::1","method":"OPTIONS","url":"/api/v1/categories"},"service":"purely-ceylon-backend-ecosystem","timestamp":"2026-07-19 22:12:41"}
{"level":"info","message":{"ip":"::1","method":"OPTIONS","url":"/api/v1/categories"},"service":"purely-ceylon-backend-ecosystem","timestamp":"2026-07-19 22:12:41"}
{"level":"info","message":{"ip":"::1","method":"GET","url":"/api/v1/products?page=1&limit=10"},"service":"purely-ceylon-backend-ecosystem","timestamp":"2026-07-19 22:12:41"}
{"level":"info","message":{"ip":"::1","method":"GET","url":"/api/v1/categories"},"service":"purely-ceylon-backend-ecosystem","timestamp":"2026-07-19 22:12:41"}
{"level":"info","message":{"ip":"::1","method":"GET","url":"/api/v1/categories"},"service":"purely-ceylon-backend-ecosystem","timestamp":"2026-07-19 22:12:41"}
{"level":"info","message":{"ip":"::1","method":"GET","url":"/api/v1/products?page=1&limit=10"},"service":"purely-ceylon-backend-ecosystem","timestamp":"2026-07-19 22:12:41"}
{"level":"info","message":{"ip":"::1","method":"OPTIONS","url":"/api/v1/orders/admin/dashboard"},"service":"purely-ceylon-backend-ecosystem","timestamp":"2026-07-19 22:12:45"}
{"level":"info","message":{"ip":"::1","method":"OPTIONS","url":"/api/v1/orders/admin/dashboard"},"service":"purely-ceylon-backend-ecosystem","timestamp":"2026-07-19 22:12:45"}
{"level":"info","message":{"ip":"::1","method":"GET","url":"/api/v1/orders/admin/dashboard"},"service":"purely-ceylon-backend-ecosystem","timestamp":"2026-07-19 22:12:45"}
{"level":"info","message":{"ip":"::1","method":"OPTIONS","url":"/api/v1/admin/monthly-sales"},"service":"purely-ceylon-backend-ecosystem","timestamp":"2026-07-19 22:12:45"}
{"level":"info","message":{"ip":"::1","method":"OPTIONS","url":"/api/v1/admin/top-products"},"service":"purely-ceylon-backend-ecosystem","timestamp":"2026-07-19 22:12:45"}
{"level":"info","message":{"ip":"::1","method":"GET","url":"/api/v1/orders/admin/dashboard"},"service":"purely-ceylon-backend-ecosystem","timestamp":"2026-07-19 22:12:45"}
{"level":"info","message":{"ip":"::1","method":"GET","url":"/api/v1/admin/monthly-sales"},"service":"purely-ceylon-backend-ecosystem","timestamp":"2026-07-19 22:12:45"}
{"level":"info","message":{"ip":"::1","method":"GET","url":"/api/v1/admin/top-products"},"service":"purely-ceylon-backend-ecosystem","timestamp":"2026-07-19 22:12:45"}
{"level":"info","message":{"ip":"::1","method":"GET","url":"/api/v1/products?page=1&limit=10"},"service":"purely-ceylon-backend-ecosystem","timestamp":"2026-07-19 22:12:45"}
{"level":"info","message":{"ip":"::1","method":"GET","url":"/api/v1/categories"},"service":"purely-ceylon-backend-ecosystem","timestamp":"2026-07-19 22:12:45"}
{"level":"info","message":{"ip":"::1","method":"GET","url":"/api/v1/admin/top-analytics"},"service":"purely-ceylon-backend-ecosystem","timestamp":"2026-07-19 22:12:45"}
{"level":"info","message":{"ip":"::1","method":"GET","url":"/api/v1/categories"},"service":"purely-ceylon-backend-ecosystem","timestamp":"2026-07-19 22:12:45"}
{"level":"info","message":{"ip":"::1","method":"GET","url":"/api/v1/products?page=1&limit=10"},"service":"purely-ceylon-backend-ecosystem","timestamp":"2026-07-19 22:12:45"}
{"level":"info","message":{"ip":"::1","method":"GET","url":"/api/v1/admin/monthly-sales"},"service":"purely-ceylon-backend-ecosystem","timestamp":"2026-07-19 22:12:46"}
{"level":"info","message":{"ip":"::1","method":"GET","url":"/api/v1/admin/top-products"},"service":"purely-ceylon-backend-ecosystem","timestamp":"2026-07-19 22:12:46"}
{"level":"info","message":{"ip":"::1","method":"GET","url":"/api/v1/admin/top-analytics"},"service":"purely-ceylon-backend-ecosystem","timestamp":"2026-07-19 22:12:46"}
{"level":"info","message":{"ip":"::1","method":"OPTIONS","url":"/api/v1/orders/admin/dashboard"},"service":"purely-ceylon-backend-ecosystem","timestamp":"2026-07-19 22:12:55"}
{"level":"info","message":{"ip":"::1","method":"OPTIONS","url":"/api/v1/orders/admin/dashboard"},"service":"purely-ceylon-backend-ecosystem","timestamp":"2026-07-19 22:12:55"}
{"level":"info","message":{"ip":"::1","method":"GET","url":"/api/v1/orders/admin/dashboard"},"service":"purely-ceylon-backend-ecosystem","timestamp":"2026-07-19 22:12:55"}
{"level":"info","message":{"ip":"::1","method":"GET","url":"/api/v1/orders/admin/dashboard"},"service":"purely-ceylon-backend-ecosystem","timestamp":"2026-07-19 22:12:55"}
{"level":"info","message":{"ip":"::1","method":"OPTIONS","url":"/api/v1/admin/monthly-sales"},"service":"purely-ceylon-backend-ecosystem","timestamp":"2026-07-19 22:12:55"}
{"level":"info","message":{"ip":"::1","method":"OPTIONS","url":"/api/v1/admin/top-products"},"service":"purely-ceylon-backend-ecosystem","timestamp":"2026-07-19 22:12:55"}
{"level":"info","message":{"ip":"::1","method":"GET","url":"/api/v1/admin/monthly-sales"},"service":"purely-ceylon-backend-ecosystem","timestamp":"2026-07-19 22:12:55"}
{"level":"info","message":{"ip":"::1","method":"GET","url":"/api/v1/admin/top-products"},"service":"purely-ceylon-backend-ecosystem","timestamp":"2026-07-19 22:12:55"}
{"level":"info","message":{"ip":"::1","method":"GET","url":"/api/v1/admin/top-analytics"},"service":"purely-ceylon-backend-ecosystem","timestamp":"2026-07-19 22:12:55"}
{"level":"info","message":{"ip":"::1","method":"GET","url":"/api/v1/admin/monthly-sales"},"service":"purely-ceylon-backend-ecosystem","timestamp":"2026-07-19 22:12:55"}
{"level":"info","message":{"ip":"::1","method":"GET","url":"/api/v1/admin/top-products"},"service":"purely-ceylon-backend-ecosystem","timestamp":"2026-07-19 22:12:55"}
{"level":"info","message":{"ip":"::1","method":"GET","url":"/api/v1/admin/top-analytics"},"service":"purely-ceylon-backend-ecosystem","timestamp":"2026-07-19 22:12:57"}
{"level":"info","message":{"ip":"::1","method":"OPTIONS","url":"/api/v1/categories"},"service":"purely-ceylon-backend-ecosystem","timestamp":"2026-07-19 22:12:58"}
{"level":"info","message":{"ip":"::1","method":"OPTIONS","url":"/api/v1/categories"},"service":"purely-ceylon-backend-ecosystem","timestamp":"2026-07-19 22:12:58"}
{"level":"info","message":{"ip":"::1","method":"GET","url":"/api/v1/categories"},"service":"purely-ceylon-backend-ecosystem","timestamp":"2026-07-19 22:12:58"}
{"level":"info","message":{"ip":"::1","method":"GET","url":"/api/v1/categories"},"service":"purely-ceylon-backend-ecosystem","timestamp":"2026-07-19 22:12:58"}
