{"level":"info","message":"✅ All Background Jobs Started Successfully","service":"purely-ceylon-backend-ecosystem","timestamp":"2026-07-15 08:54:53"}
{"level":"info","message":"✅ Email credentials loaded successfully.","service":"purely-ceylon-backend-ecosystem","timestamp":"2026-07-15 08:54:53"}
{"level":"info","message":"Server running on 5000","service":"purely-ceylon-backend-ecosystem","timestamp":"2026-07-15 08:54:53"}
{"level":"info","message":{"ip":"::1","method":"OPTIONS","url":"/api/v1/orders/admin/dashboard"},"service":"purely-ceylon-backend-ecosystem","timestamp":"2026-07-15 08:55:05"}
{"level":"info","message":{"ip":"::1","method":"OPTIONS","url":"/api/v1/address"},"service":"purely-ceylon-backend-ecosystem","timestamp":"2026-07-15 08:55:05"}
{"level":"info","message":{"ip":"::1","method":"OPTIONS","url":"/api/v1/wishlist"},"service":"purely-ceylon-backend-ecosystem","timestamp":"2026-07-15 08:55:05"}
{"level":"info","message":{"ip":"::1","method":"OPTIONS","url":"/api/v1/cart"},"service":"purely-ceylon-backend-ecosystem","timestamp":"2026-07-15 08:55:05"}
{"level":"info","message":{"ip":"::1","method":"OPTIONS","url":"/api/v1/orders/admin/dashboard"},"service":"purely-ceylon-backend-ecosystem","timestamp":"2026-07-15 08:55:05"}
{"level":"info","message":{"ip":"::1","method":"OPTIONS","url":"/api/v1/address"},"service":"purely-ceylon-backend-ecosystem","timestamp":"2026-07-15 08:55:06"}
{"level":"info","message":{"ip":"::1","method":"OPTIONS","url":"/api/v1/wishlist"},"service":"purely-ceylon-backend-ecosystem","timestamp":"2026-07-15 08:55:06"}
{"level":"info","message":{"ip":"::1","method":"OPTIONS","url":"/api/v1/admin/monthly-sales"},"service":"purely-ceylon-backend-ecosystem","timestamp":"2026-07-15 08:55:06"}
{"level":"info","message":{"ip":"::1","method":"OPTIONS","url":"/api/v1/admin/top-products"},"service":"purely-ceylon-backend-ecosystem","timestamp":"2026-07-15 08:55:06"}
{"level":"info","message":{"ip":"::1","method":"OPTIONS","url":"/api/v1/cart"},"service":"purely-ceylon-backend-ecosystem","timestamp":"2026-07-15 08:55:06"}
{"level":"info","message":{"ip":"::1","method":"OPTIONS","url":"/api/v1/admin/monthly-sales"},"service":"purely-ceylon-backend-ecosystem","timestamp":"2026-07-15 08:55:06"}
{"level":"info","message":{"ip":"::1","method":"OPTIONS","url":"/api/v1/admin/top-products"},"service":"purely-ceylon-backend-ecosystem","timestamp":"2026-07-15 08:55:06"}
{"level":"info","message":{"ip":"::1","method":"GET","url":"/api/v1/admin/monthly-sales"},"service":"purely-ceylon-backend-ecosystem","timestamp":"2026-07-15 08:55:06"}
{"level":"info","message":{"ip":"::1","method":"GET","url":"/api/v1/admin/top-products"},"service":"purely-ceylon-backend-ecosystem","timestamp":"2026-07-15 08:55:06"}
{"level":"info","message":{"ip":"::1","method":"GET","url":"/api/v1/admin/top-products"},"service":"purely-ceylon-backend-ecosystem","timestamp":"2026-07-15 08:55:08"}
{"level":"info","message":{"ip":"::1","method":"GET","url":"/api/v1/admin/top-products"},"service":"purely-ceylon-backend-ecosystem","timestamp":"2026-07-15 08:55:09"}
{"level":"info","message":{"ip":"::1","method":"GET","url":"/api/v1/admin/top-products"},"service":"purely-ceylon-backend-ecosystem","timestamp":"2026-07-15 08:55:09"}
{"level":"info","message":{"ip":"::1","method":"GET","url":"/api/v1/admin/monthly-sales"},"service":"purely-ceylon-backend-ecosystem","timestamp":"2026-07-15 08:55:09"}
{"level":"info","message":{"ip":"::1","method":"GET","url":"/api/v1/admin/monthly-sales"},"service":"purely-ceylon-backend-ecosystem","timestamp":"2026-07-15 08:55:09"}
{"level":"info","message":{"ip":"::1","method":"GET","url":"/api/v1/admin/monthly-sales"},"service":"purely-ceylon-backend-ecosystem","timestamp":"2026-07-15 08:55:09"}
{"level":"info","message":{"ip":"::1","method":"GET","url":"/api/v1/admin/top-analytics"},"service":"purely-ceylon-backend-ecosystem","timestamp":"2026-07-15 08:55:09"}
{"level":"info","message":{"ip":"::1","method":"GET","url":"/api/v1/admin/top-analytics"},"service":"purely-ceylon-backend-ecosystem","timestamp":"2026-07-15 08:55:09"}
{"level":"info","message":{"ip":"::1","method":"OPTIONS","url":"/api/v1/profile/me"},"service":"purely-ceylon-backend-ecosystem","timestamp":"2026-07-15 08:55:13"}
{"level":"info","message":{"ip":"::1","method":"OPTIONS","url":"/api/v1/profile/me"},"service":"purely-ceylon-backend-ecosystem","timestamp":"2026-07-15 08:55:13"}
{"level":"info","message":{"ip":"::1","method":"OPTIONS","url":"/api/v1/wishlist"},"service":"purely-ceylon-backend-ecosystem","timestamp":"2026-07-15 08:55:13"}
{"level":"info","message":{"ip":"::1","method":"OPTIONS","url":"/api/v1/profile/me"},"service":"purely-ceylon-backend-ecosystem","timestamp":"2026-07-15 08:55:13"}
{"level":"info","message":{"ip":"::1","method":"OPTIONS","url":"/api/v1/profile/me"},"service":"purely-ceylon-backend-ecosystem","timestamp":"2026-07-15 08:55:13"}
{"level":"info","message":{"ip":"::1","method":"OPTIONS","url":"/api/v1/cart"},"service":"purely-ceylon-backend-ecosystem","timestamp":"2026-07-15 08:55:13"}
{"level":"info","message":{"ip":"::1","method":"OPTIONS","url":"/api/v1/wishlist"},"service":"purely-ceylon-backend-ecosystem","timestamp":"2026-07-15 08:55:13"}
{"level":"info","message":{"ip":"::1","method":"OPTIONS","url":"/api/v1/address"},"service":"purely-ceylon-backend-ecosystem","timestamp":"2026-07-15 08:55:13"}
{"level":"info","message":{"ip":"::1","method":"OPTIONS","url":"/api/v1/cart"},"service":"purely-ceylon-backend-ecosystem","timestamp":"2026-07-15 08:55:13"}
{"level":"info","message":{"ip":"::1","method":"OPTIONS","url":"/api/v1/address"},"service":"purely-ceylon-backend-ecosystem","timestamp":"2026-07-15 08:55:13"}
{"level":"info","message":{"ip":"::1","method":"OPTIONS","url":"/api/v1/cart"},"service":"purely-ceylon-backend-ecosystem","timestamp":"2026-07-15 08:55:13"}
{"level":"info","message":{"ip":"::1","method":"OPTIONS","url":"/api/v1/cart"},"service":"purely-ceylon-backend-ecosystem","timestamp":"2026-07-15 08:55:13"}
{"level":"info","message":{"ip":"::1","method":"OPTIONS","url":"/api/v1/wishlist"},"service":"purely-ceylon-backend-ecosystem","timestamp":"2026-07-15 08:55:13"}
{"level":"info","message":{"ip":"::1","method":"OPTIONS","url":"/api/v1/wishlist"},"service":"purely-ceylon-backend-ecosystem","timestamp":"2026-07-15 08:55:14"}
{"level":"info","message":{"ip":"::1","method":"GET","url":"/uploads/profile/1784051330659-594102551.png"},"service":"purely-ceylon-backend-ecosystem","timestamp":"2026-07-15 08:55:15"}
{"level":"info","message":{"ip":"::1","method":"GET","url":"/api/v1/admin/top-analytics"},"service":"purely-ceylon-backend-ecosystem","timestamp":"2026-07-15 08:55:23"}
{"level":"info","message":{"ip":"::1","method":"GET","url":"/api/v1/admin/top-analytics"},"service":"purely-ceylon-backend-ecosystem","timestamp":"2026-07-15 08:55:23"}
{"level":"info","message":{"ip":"::1","method":"OPTIONS","url":"/api/v1/profile/me"},"service":"purely-ceylon-backend-ecosystem","timestamp":"2026-07-15 08:57:52"}
{"level":"info","message":{"ip":"::1","method":"OPTIONS","url":"/api/v1/profile/me"},"service":"purely-ceylon-backend-ecosystem","timestamp":"2026-07-15 08:57:52"}
{"level":"info","message":{"ip":"::1","method":"OPTIONS","url":"/api/v1/cart"},"service":"purely-ceylon-backend-ecosystem","timestamp":"2026-07-15 08:57:52"}
{"level":"info","message":{"ip":"::1","method":"OPTIONS","url":"/api/v1/wishlist"},"service":"purely-ceylon-backend-ecosystem","timestamp":"2026-07-15 08:57:52"}
{"level":"info","message":{"ip":"::1","method":"OPTIONS","url":"/api/v1/address"},"service":"purely-ceylon-backend-ecosystem","timestamp":"2026-07-15 08:57:52"}
{"level":"info","message":{"ip":"::1","method":"GET","url":"/api/v1/profile/me"},"service":"purely-ceylon-backend-ecosystem","timestamp":"2026-07-15 08:57:52"}
{"level":"info","message":{"ip":"::1","method":"GET","url":"/api/v1/wishlist"},"service":"purely-ceylon-backend-ecosystem","timestamp":"2026-07-15 08:57:52"}
{"level":"info","message":{"ip":"::1","method":"GET","url":"/api/v1/cart"},"service":"purely-ceylon-backend-ecosystem","timestamp":"2026-07-15 08:57:52"}
{"level":"info","message":{"ip":"::1","method":"GET","url":"/api/v1/address"},"service":"purely-ceylon-backend-ecosystem","timestamp":"2026-07-15 08:57:52"}
{"level":"info","message":{"ip":"::1","method":"GET","url":"/api/v1/profile/me"},"service":"purely-ceylon-backend-ecosystem","timestamp":"2026-07-15 08:57:54"}
{"level":"info","message":{"ip":"::1","method":"GET","url":"/api/v1/cart"},"service":"purely-ceylon-backend-ecosystem","timestamp":"2026-07-15 08:57:54"}
{"level":"info","message":{"ip":"::1","method":"GET","url":"/api/v1/wishlist"},"service":"purely-ceylon-backend-ecosystem","timestamp":"2026-07-15 08:57:55"}
{"level":"info","message":{"ip":"::1","method":"GET","url":"/api/v1/address"},"service":"purely-ceylon-backend-ecosystem","timestamp":"2026-07-15 08:57:55"}
{"level":"info","message":{"ip":"::1","method":"GET","url":"/api/v1/profile/me"},"service":"purely-ceylon-backend-ecosystem","timestamp":"2026-07-15 08:57:56"}
{"level":"info","message":{"ip":"::1","method":"GET","url":"/api/v1/cart"},"service":"purely-ceylon-backend-ecosystem","timestamp":"2026-07-15 08:57:56"}
{"level":"info","message":{"ip":"::1","method":"GET","url":"/api/v1/wishlist"},"service":"purely-ceylon-backend-ecosystem","timestamp":"2026-07-15 08:57:56"}
{"level":"info","message":{"ip":"::1","method":"GET","url":"/api/v1/profile/me"},"service":"purely-ceylon-backend-ecosystem","timestamp":"2026-07-15 08:57:56"}
{"level":"info","message":{"ip":"::1","method":"GET","url":"/api/v1/cart"},"service":"purely-ceylon-backend-ecosystem","timestamp":"2026-07-15 08:57:56"}
{"level":"info","message":{"ip":"::1","method":"GET","url":"/api/v1/wishlist"},"service":"purely-ceylon-backend-ecosystem","timestamp":"2026-07-15 08:57:57"}
{"level":"info","message":{"ip":"::1","method":"GET","url":"/uploads/profile/1784052475773-29136241.png"},"service":"purely-ceylon-backend-ecosystem","timestamp":"2026-07-15 08:57:57"}
{"level":"info","message":{"ip":"::1","method":"GET","url":"//uploads/profile/1784052475773-29136241.png"},"service":"purely-ceylon-backend-ecosystem","timestamp":"2026-07-15 08:57:57"}
{"level":"info","message":{"ip":"::1","method":"OPTIONS","url":"/api/v1/profile/change-password"},"service":"purely-ceylon-backend-ecosystem","timestamp":"2026-07-15 08:58:22"}
{"level":"info","message":{"ip":"::1","method":"PUT","url":"/api/v1/profile/change-password"},"service":"purely-ceylon-backend-ecosystem","timestamp":"2026-07-15 08:58:22"}
{"level":"info","message":"📄 Checking Expired RFQs","service":"purely-ceylon-backend-ecosystem","timestamp":"2026-07-15 09:00:00"}
{"level":"info","message":"📧 Processing Email Queue","service":"purely-ceylon-backend-ecosystem","timestamp":"2026-07-15 09:00:00"}
{"level":"info","message":{"ip":"::1","method":"OPTIONS","url":"/api/v1/profile/me"},"service":"purely-ceylon-backend-ecosystem","timestamp":"2026-07-15 09:00:48"}
{"level":"info","message":{"ip":"::1","method":"OPTIONS","url":"/api/v1/profile/me"},"service":"purely-ceylon-backend-ecosystem","timestamp":"2026-07-15 09:00:48"}
{"level":"info","message":{"ip":"::1","method":"OPTIONS","url":"/api/v1/profile/me"},"service":"purely-ceylon-backend-ecosystem","timestamp":"2026-07-15 09:00:48"}
{"level":"info","message":{"ip":"::1","method":"OPTIONS","url":"/api/v1/profile/me"},"service":"purely-ceylon-backend-ecosystem","timestamp":"2026-07-15 09:00:48"}
{"level":"info","message":{"ip":"::1","method":"OPTIONS","url":"/api/v1/cart"},"service":"purely-ceylon-backend-ecosystem","timestamp":"2026-07-15 09:00:48"}
{"level":"info","message":{"ip":"::1","method":"OPTIONS","url":"/api/v1/wishlist"},"service":"purely-ceylon-backend-ecosystem","timestamp":"2026-07-15 09:00:49"}
{"level":"info","message":{"ip":"::1","method":"OPTIONS","url":"/api/v1/cart"},"service":"purely-ceylon-backend-ecosystem","timestamp":"2026-07-15 09:00:49"}
{"level":"info","message":{"ip":"::1","method":"OPTIONS","url":"/api/v1/address"},"service":"purely-ceylon-backend-ecosystem","timestamp":"2026-07-15 09:00:49"}
{"level":"info","message":{"ip":"::1","method":"OPTIONS","url":"/api/v1/address"},"service":"purely-ceylon-backend-ecosystem","timestamp":"2026-07-15 09:00:49"}
{"level":"info","message":{"ip":"::1","method":"OPTIONS","url":"/api/v1/wishlist"},"service":"purely-ceylon-backend-ecosystem","timestamp":"2026-07-15 09:00:50"}
{"level":"info","message":{"ip":"::1","method":"OPTIONS","url":"/api/v1/cart"},"service":"purely-ceylon-backend-ecosystem","timestamp":"2026-07-15 09:00:50"}
{"level":"info","message":{"ip":"::1","method":"OPTIONS","url":"/api/v1/wishlist"},"service":"purely-ceylon-backend-ecosystem","timestamp":"2026-07-15 09:00:50"}
{"level":"info","message":{"ip":"::1","method":"OPTIONS","url":"/api/v1/wishlist"},"service":"purely-ceylon-backend-ecosystem","timestamp":"2026-07-15 09:00:50"}
{"level":"info","message":{"ip":"::1","method":"GET","url":"/api/v1/profile/me"},"service":"purely-ceylon-backend-ecosystem","timestamp":"2026-07-15 09:00:50"}
{"level":"info","message":{"ip":"::1","method":"GET","url":"/api/v1/cart"},"service":"purely-ceylon-backend-ecosystem","timestamp":"2026-07-15 09:00:50"}
{"level":"info","message":{"ip":"::1","method":"GET","url":"/api/v1/wishlist"},"service":"purely-ceylon-backend-ecosystem","timestamp":"2026-07-15 09:00:51"}
{"level":"info","message":{"ip":"::1","method":"OPTIONS","url":"/api/v1/cart"},"service":"purely-ceylon-backend-ecosystem","timestamp":"2026-07-15 09:00:51"}
{"level":"info","message":{"ip":"::1","method":"GET","url":"/api/v1/address"},"service":"purely-ceylon-backend-ecosystem","timestamp":"2026-07-15 09:00:51"}
{"level":"info","message":{"ip":"::1","method":"GET","url":"/api/v1/profile/me"},"service":"purely-ceylon-backend-ecosystem","timestamp":"2026-07-15 09:00:52"}
{"level":"info","message":{"ip":"::1","method":"GET","url":"/api/v1/cart"},"service":"purely-ceylon-backend-ecosystem","timestamp":"2026-07-15 09:00:53"}
{"level":"info","message":{"ip":"::1","method":"GET","url":"/api/v1/wishlist"},"service":"purely-ceylon-backend-ecosystem","timestamp":"2026-07-15 09:00:54"}
{"level":"info","message":{"ip":"::1","method":"GET","url":"/api/v1/address"},"service":"purely-ceylon-backend-ecosystem","timestamp":"2026-07-15 09:00:54"}
{"level":"info","message":{"ip":"::1","method":"GET","url":"/api/v1/profile/me"},"service":"purely-ceylon-backend-ecosystem","timestamp":"2026-07-15 09:00:55"}
{"level":"info","message":{"ip":"::1","method":"GET","url":"/api/v1/cart"},"service":"purely-ceylon-backend-ecosystem","timestamp":"2026-07-15 09:00:56"}
{"level":"info","message":{"ip":"::1","method":"GET","url":"/api/v1/wishlist"},"service":"purely-ceylon-backend-ecosystem","timestamp":"2026-07-15 09:00:57"}
{"level":"info","message":{"ip":"::1","method":"GET","url":"//uploads/profile/1784052475773-29136241.png"},"service":"purely-ceylon-backend-ecosystem","timestamp":"2026-07-15 09:00:57"}
{"level":"info","message":{"ip":"::1","method":"GET","url":"/api/v1/profile/me"},"service":"purely-ceylon-backend-ecosystem","timestamp":"2026-07-15 09:00:58"}
{"level":"info","message":{"ip":"::1","method":"GET","url":"/uploads/profile/1784052475773-29136241.png"},"service":"purely-ceylon-backend-ecosystem","timestamp":"2026-07-15 09:00:59"}
{"level":"info","message":{"ip":"::1","method":"GET","url":"/api/v1/cart"},"service":"purely-ceylon-backend-ecosystem","timestamp":"2026-07-15 09:00:59"}
{"level":"info","message":{"ip":"::1","method":"GET","url":"/api/v1/wishlist"},"service":"purely-ceylon-backend-ecosystem","timestamp":"2026-07-15 09:00:59"}
{"level":"info","message":{"ip":"::1","method":"OPTIONS","url":"/api/v1/profile/me"},"service":"purely-ceylon-backend-ecosystem","timestamp":"2026-07-15 09:04:31"}
{"level":"info","message":{"ip":"::1","method":"OPTIONS","url":"/api/v1/profile/me"},"service":"purely-ceylon-backend-ecosystem","timestamp":"2026-07-15 09:04:31"}
{"level":"info","message":{"ip":"::1","method":"OPTIONS","url":"/api/v1/profile/me"},"service":"purely-ceylon-backend-ecosystem","timestamp":"2026-07-15 09:04:31"}
{"level":"info","message":{"ip":"::1","method":"OPTIONS","url":"/api/v1/address"},"service":"purely-ceylon-backend-ecosystem","timestamp":"2026-07-15 09:04:31"}
{"level":"info","message":{"ip":"::1","method":"OPTIONS","url":"/api/v1/wishlist"},"service":"purely-ceylon-backend-ecosystem","timestamp":"2026-07-15 09:04:31"}
{"level":"info","message":{"ip":"::1","method":"OPTIONS","url":"/api/v1/profile/me"},"service":"purely-ceylon-backend-ecosystem","timestamp":"2026-07-15 09:04:31"}
{"level":"info","message":{"ip":"::1","method":"OPTIONS","url":"/api/v1/cart"},"service":"purely-ceylon-backend-ecosystem","timestamp":"2026-07-15 09:04:31"}
{"level":"info","message":{"ip":"::1","method":"OPTIONS","url":"/api/v1/wishlist"},"service":"purely-ceylon-backend-ecosystem","timestamp":"2026-07-15 09:04:32"}
{"level":"info","message":{"ip":"::1","method":"OPTIONS","url":"/api/v1/wishlist"},"service":"purely-ceylon-backend-ecosystem","timestamp":"2026-07-15 09:04:32"}
{"level":"info","message":{"ip":"::1","method":"OPTIONS","url":"/api/v1/cart"},"service":"purely-ceylon-backend-ecosystem","timestamp":"2026-07-15 09:04:32"}
{"level":"info","message":{"ip":"::1","method":"OPTIONS","url":"/api/v1/cart"},"service":"purely-ceylon-backend-ecosystem","timestamp":"2026-07-15 09:04:32"}
{"level":"info","message":{"ip":"::1","method":"OPTIONS","url":"/api/v1/wishlist"},"service":"purely-ceylon-backend-ecosystem","timestamp":"2026-07-15 09:04:32"}
{"level":"info","message":{"ip":"::1","method":"OPTIONS","url":"/api/v1/address"},"service":"purely-ceylon-backend-ecosystem","timestamp":"2026-07-15 09:04:32"}
{"level":"info","message":{"ip":"::1","method":"OPTIONS","url":"/api/v1/cart"},"service":"purely-ceylon-backend-ecosystem","timestamp":"2026-07-15 09:04:32"}
{"level":"info","message":{"ip":"::1","method":"GET","url":"/api/v1/address"},"service":"purely-ceylon-backend-ecosystem","timestamp":"2026-07-15 09:04:32"}
{"level":"info","message":{"ip":"::1","method":"GET","url":"/api/v1/wishlist"},"service":"purely-ceylon-backend-ecosystem","timestamp":"2026-07-15 09:04:32"}
{"level":"info","message":{"ip":"::1","method":"GET","url":"/api/v1/cart"},"service":"purely-ceylon-backend-ecosystem","timestamp":"2026-07-15 09:04:32"}
{"level":"info","message":{"ip":"::1","method":"GET","url":"/api/v1/profile/me"},"service":"purely-ceylon-backend-ecosystem","timestamp":"2026-07-15 09:04:32"}
{"level":"info","message":{"ip":"::1","method":"GET","url":"/api/v1/address"},"service":"purely-ceylon-backend-ecosystem","timestamp":"2026-07-15 09:04:32"}
{"level":"info","message":{"ip":"::1","method":"GET","url":"/api/v1/wishlist"},"service":"purely-ceylon-backend-ecosystem","timestamp":"2026-07-15 09:04:33"}
{"level":"info","message":{"ip":"::1","method":"GET","url":"/api/v1/cart"},"service":"purely-ceylon-backend-ecosystem","timestamp":"2026-07-15 09:04:33"}
{"level":"info","message":{"ip":"::1","method":"GET","url":"/api/v1/profile/me"},"service":"purely-ceylon-backend-ecosystem","timestamp":"2026-07-15 09:04:33"}
{"level":"info","message":{"ip":"::1","method":"GET","url":"/api/v1/wishlist"},"service":"purely-ceylon-backend-ecosystem","timestamp":"2026-07-15 09:04:33"}
{"level":"info","message":{"ip":"::1","method":"GET","url":"/api/v1/cart"},"service":"purely-ceylon-backend-ecosystem","timestamp":"2026-07-15 09:04:33"}
{"level":"info","message":{"ip":"::1","method":"GET","url":"/api/v1/profile/me"},"service":"purely-ceylon-backend-ecosystem","timestamp":"2026-07-15 09:04:34"}
{"level":"info","message":{"ip":"::1","method":"GET","url":"/api/v1/wishlist"},"service":"purely-ceylon-backend-ecosystem","timestamp":"2026-07-15 09:04:34"}
{"level":"info","message":{"ip":"::1","method":"GET","url":"//uploads/profile/1784052475773-29136241.png"},"service":"purely-ceylon-backend-ecosystem","timestamp":"2026-07-15 09:04:34"}
{"level":"info","message":{"ip":"::1","method":"GET","url":"/api/v1/cart"},"service":"purely-ceylon-backend-ecosystem","timestamp":"2026-07-15 09:04:34"}
{"level":"info","message":{"ip":"::1","method":"GET","url":"/api/v1/profile/me"},"service":"purely-ceylon-backend-ecosystem","timestamp":"2026-07-15 09:04:34"}
{"level":"info","message":{"ip":"::1","method":"GET","url":"/uploads/profile/1784052475773-29136241.png"},"service":"purely-ceylon-backend-ecosystem","timestamp":"2026-07-15 09:04:34"}
{"level":"info","message":"📧 Processing Email Queue","service":"purely-ceylon-backend-ecosystem","timestamp":"2026-07-15 09:05:01"}
{"level":"info","message":{"ip":"::1","method":"OPTIONS","url":"/api/v1/profile/remove-photo"},"service":"purely-ceylon-backend-ecosystem","timestamp":"2026-07-15 09:05:04"}
{"level":"info","message":{"ip":"::1","method":"DELETE","url":"/api/v1/profile/remove-photo"},"service":"purely-ceylon-backend-ecosystem","timestamp":"2026-07-15 09:05:04"}
{"level":"info","message":{"ip":"::1","method":"GET","url":"//uploads/profile/1784052475773-29136241.png"},"service":"purely-ceylon-backend-ecosystem","timestamp":"2026-07-15 09:09:41"}
{"level":"info","message":{"ip":"::1","method":"OPTIONS","url":"/api/v1/profile/me"},"service":"purely-ceylon-backend-ecosystem","timestamp":"2026-07-15 09:09:42"}
{"level":"info","message":{"ip":"::1","method":"OPTIONS","url":"/api/v1/profile/me"},"service":"purely-ceylon-backend-ecosystem","timestamp":"2026-07-15 09:09:42"}
{"level":"info","message":{"ip":"::1","method":"OPTIONS","url":"/api/v1/cart"},"service":"purely-ceylon-backend-ecosystem","timestamp":"2026-07-15 09:09:42"}
{"level":"info","message":{"ip":"::1","method":"OPTIONS","url":"/api/v1/wishlist"},"service":"purely-ceylon-backend-ecosystem","timestamp":"2026-07-15 09:09:42"}
{"level":"info","message":{"ip":"::1","method":"OPTIONS","url":"/api/v1/address"},"service":"purely-ceylon-backend-ecosystem","timestamp":"2026-07-15 09:09:42"}
{"level":"info","message":{"ip":"::1","method":"GET","url":"/api/v1/profile/me"},"service":"purely-ceylon-backend-ecosystem","timestamp":"2026-07-15 09:09:42"}
{"level":"info","message":{"ip":"::1","method":"GET","url":"/api/v1/cart"},"service":"purely-ceylon-backend-ecosystem","timestamp":"2026-07-15 09:09:42"}
{"level":"info","message":{"ip":"::1","method":"GET","url":"/api/v1/wishlist"},"service":"purely-ceylon-backend-ecosystem","timestamp":"2026-07-15 09:09:42"}
{"level":"info","message":{"ip":"::1","method":"GET","url":"/api/v1/address"},"service":"purely-ceylon-backend-ecosystem","timestamp":"2026-07-15 09:09:42"}
{"level":"info","message":{"ip":"::1","method":"GET","url":"/api/v1/cart"},"service":"purely-ceylon-backend-ecosystem","timestamp":"2026-07-15 09:09:43"}
{"level":"info","message":{"ip":"::1","method":"GET","url":"/api/v1/wishlist"},"service":"purely-ceylon-backend-ecosystem","timestamp":"2026-07-15 09:09:43"}
{"level":"info","message":{"ip":"::1","method":"GET","url":"/api/v1/address"},"service":"purely-ceylon-backend-ecosystem","timestamp":"2026-07-15 09:09:43"}
{"level":"info","message":{"ip":"::1","method":"GET","url":"/api/v1/profile/me"},"service":"purely-ceylon-backend-ecosystem","timestamp":"2026-07-15 09:09:43"}
{"level":"info","message":{"ip":"::1","method":"GET","url":"/uploads/profile/1784052475773-29136241.png"},"service":"purely-ceylon-backend-ecosystem","timestamp":"2026-07-15 09:09:43"}
{"level":"info","message":{"ip":"::1","method":"GET","url":"/api/v1/cart"},"service":"purely-ceylon-backend-ecosystem","timestamp":"2026-07-15 09:09:43"}
{"level":"info","message":{"ip":"::1","method":"GET","url":"/api/v1/wishlist"},"service":"purely-ceylon-backend-ecosystem","timestamp":"2026-07-15 09:09:43"}
{"level":"info","message":{"ip":"::1","method":"GET","url":"/api/v1/profile/me"},"service":"purely-ceylon-backend-ecosystem","timestamp":"2026-07-15 09:09:43"}
{"level":"info","message":{"ip":"::1","method":"GET","url":"/api/v1/cart"},"service":"purely-ceylon-backend-ecosystem","timestamp":"2026-07-15 09:09:43"}
{"level":"info","message":{"ip":"::1","method":"GET","url":"/api/v1/wishlist"},"service":"purely-ceylon-backend-ecosystem","timestamp":"2026-07-15 09:09:44"}
{"level":"info","message":{"ip":"::1","method":"GET","url":"/api/v1/profile/me"},"service":"purely-ceylon-backend-ecosystem","timestamp":"2026-07-15 09:09:44"}
{"level":"info","message":{"ip":"::1","method":"GET","url":"//uploads/profile/1784052475773-29136241.png"},"service":"purely-ceylon-backend-ecosystem","timestamp":"2026-07-15 09:09:44"}
{"level":"info","message":"📧 Processing Email Queue","service":"purely-ceylon-backend-ecosystem","timestamp":"2026-07-15 09:10:00"}
{"level":"info","message":{"ip":"::1","method":"OPTIONS","url":"/api/v1/profile/upload-photo"},"service":"purely-ceylon-backend-ecosystem","timestamp":"2026-07-15 09:10:05"}
{"level":"info","message":{"ip":"::1","method":"POST","url":"/api/v1/profile/upload-photo"},"service":"purely-ceylon-backend-ecosystem","timestamp":"2026-07-15 09:10:05"}
{"level":"info","message":{"ip":"::1","method":"GET","url":"//uploads/profile/1784086805253-340198079.png?t=1784086805360"},"service":"purely-ceylon-backend-ecosystem","timestamp":"2026-07-15 09:10:05"}
{"level":"info","message":{"ip":"::1","method":"OPTIONS","url":"/api/v1/profile/remove-photo"},"service":"purely-ceylon-backend-ecosystem","timestamp":"2026-07-15 09:10:11"}
{"level":"info","message":{"ip":"::1","method":"DELETE","url":"/api/v1/profile/remove-photo"},"service":"purely-ceylon-backend-ecosystem","timestamp":"2026-07-15 09:10:11"}
{"level":"info","message":{"ip":"::1","method":"OPTIONS","url":"/api/v1/profile/upload-photo"},"service":"purely-ceylon-backend-ecosystem","timestamp":"2026-07-15 09:10:23"}
{"level":"info","message":{"ip":"::1","method":"POST","url":"/api/v1/profile/upload-photo"},"service":"purely-ceylon-backend-ecosystem","timestamp":"2026-07-15 09:10:23"}
{"level":"info","message":{"ip":"::1","method":"GET","url":"//uploads/profile/1784086823230-921523230.png?t=1784086823258"},"service":"purely-ceylon-backend-ecosystem","timestamp":"2026-07-15 09:10:23"}
{"level":"info","message":{"ip":"::1","method":"OPTIONS","url":"/api/v1/cart"},"service":"purely-ceylon-backend-ecosystem","timestamp":"2026-07-15 09:12:52"}
{"level":"info","message":{"ip":"::1","method":"OPTIONS","url":"/api/v1/cart"},"service":"purely-ceylon-backend-ecosystem","timestamp":"2026-07-15 09:12:52"}
{"level":"info","message":{"ip":"::1","method":"GET","url":"/api/v1/cart"},"service":"purely-ceylon-backend-ecosystem","timestamp":"2026-07-15 09:12:52"}
{"level":"info","message":{"ip":"::1","method":"GET","url":"/api/v1/cart"},"service":"purely-ceylon-backend-ecosystem","timestamp":"2026-07-15 09:12:52"}
{"level":"info","message":{"ip":"::1","method":"GET","url":"/api/v1/cart"},"service":"purely-ceylon-backend-ecosystem","timestamp":"2026-07-15 09:12:53"}
{"level":"info","message":{"ip":"::1","method":"GET","url":"/api/v1/cart"},"service":"purely-ceylon-backend-ecosystem","timestamp":"2026-07-15 09:12:53"}
{"level":"info","message":{"ip":"::1","method":"OPTIONS","url":"/api/v1/profile/me"},"service":"purely-ceylon-backend-ecosystem","timestamp":"2026-07-15 09:12:54"}
{"level":"info","message":{"ip":"::1","method":"OPTIONS","url":"/api/v1/profile/me"},"service":"purely-ceylon-backend-ecosystem","timestamp":"2026-07-15 09:12:54"}
{"level":"info","message":{"ip":"::1","method":"GET","url":"/api/v1/profile/me"},"service":"purely-ceylon-backend-ecosystem","timestamp":"2026-07-15 09:12:54"}
{"level":"info","message":{"ip":"::1","method":"GET","url":"/api/v1/profile/me"},"service":"purely-ceylon-backend-ecosystem","timestamp":"2026-07-15 09:12:54"}
{"level":"info","message":{"ip":"::1","method":"GET","url":"//uploads/profile/1784086823230-921523230.png"},"service":"purely-ceylon-backend-ecosystem","timestamp":"2026-07-15 09:12:54"}
{"level":"info","message":{"ip":"::1","method":"OPTIONS","url":"/api/v1/orders/my-orders"},"service":"purely-ceylon-backend-ecosystem","timestamp":"2026-07-15 09:12:55"}
{"level":"info","message":{"ip":"::1","method":"OPTIONS","url":"/api/v1/orders/my-orders"},"service":"purely-ceylon-backend-ecosystem","timestamp":"2026-07-15 09:12:55"}
{"level":"info","message":{"ip":"::1","method":"GET","url":"/api/v1/orders/my-orders"},"service":"purely-ceylon-backend-ecosystem","timestamp":"2026-07-15 09:12:55"}
{"level":"info","message":{"ip":"::1","method":"GET","url":"/api/v1/orders/my-orders"},"service":"purely-ceylon-backend-ecosystem","timestamp":"2026-07-15 09:12:55"}
{"level":"info","message":{"ip":"::1","method":"GET","url":"/api/v1/profile/me"},"service":"purely-ceylon-backend-ecosystem","timestamp":"2026-07-15 09:12:57"}
{"level":"info","message":{"ip":"::1","method":"GET","url":"/api/v1/profile/me"},"service":"purely-ceylon-backend-ecosystem","timestamp":"2026-07-15 09:12:57"}
{"level":"info","message":{"ip":"::1","method":"GET","url":"//uploads/profile/1784086823230-921523230.png"},"service":"purely-ceylon-backend-ecosystem","timestamp":"2026-07-15 09:12:58"}
{"level":"info","message":{"ip":"::1","method":"OPTIONS","url":"/api/v1/profile/me"},"service":"purely-ceylon-backend-ecosystem","timestamp":"2026-07-15 09:13:02"}
{"level":"info","message":{"ip":"::1","method":"OPTIONS","url":"/api/v1/cart"},"service":"purely-ceylon-backend-ecosystem","timestamp":"2026-07-15 09:13:02"}
{"level":"info","message":{"ip":"::1","method":"OPTIONS","url":"/api/v1/profile/me"},"service":"purely-ceylon-backend-ecosystem","timestamp":"2026-07-15 09:13:02"}
{"level":"info","message":{"ip":"::1","method":"OPTIONS","url":"/api/v1/profile/me"},"service":"purely-ceylon-backend-ecosystem","timestamp":"2026-07-15 09:13:02"}
{"level":"info","message":{"ip":"::1","method":"OPTIONS","url":"/api/v1/profile/me"},"service":"purely-ceylon-backend-ecosystem","timestamp":"2026-07-15 09:13:02"}
{"level":"info","message":{"ip":"::1","method":"OPTIONS","url":"/api/v1/cart"},"service":"purely-ceylon-backend-ecosystem","timestamp":"2026-07-15 09:13:02"}
{"level":"info","message":{"ip":"::1","method":"OPTIONS","url":"/api/v1/wishlist"},"service":"purely-ceylon-backend-ecosystem","timestamp":"2026-07-15 09:13:02"}
{"level":"info","message":{"ip":"::1","method":"OPTIONS","url":"/api/v1/wishlist"},"service":"purely-ceylon-backend-ecosystem","timestamp":"2026-07-15 09:13:02"}
{"level":"info","message":{"ip":"::1","method":"GET","url":"/api/v1/profile/me"},"service":"purely-ceylon-backend-ecosystem","timestamp":"2026-07-15 09:13:02"}
{"level":"info","message":{"ip":"::1","method":"GET","url":"/api/v1/cart"},"service":"purely-ceylon-backend-ecosystem","timestamp":"2026-07-15 09:13:02"}
{"level":"info","message":{"ip":"::1","method":"GET","url":"/api/v1/wishlist"},"service":"purely-ceylon-backend-ecosystem","timestamp":"2026-07-15 09:13:02"}
{"level":"info","message":{"ip":"::1","method":"GET","url":"/api/v1/profile/me"},"service":"purely-ceylon-backend-ecosystem","timestamp":"2026-07-15 09:13:02"}
{"level":"info","message":{"ip":"::1","method":"GET","url":"/api/v1/cart"},"service":"purely-ceylon-backend-ecosystem","timestamp":"2026-07-15 09:13:03"}
{"level":"info","message":{"ip":"::1","method":"GET","url":"/api/v1/wishlist"},"service":"purely-ceylon-backend-ecosystem","timestamp":"2026-07-15 09:13:03"}
{"level":"info","message":{"ip":"::1","method":"GET","url":"/api/v1/profile/me"},"service":"purely-ceylon-backend-ecosystem","timestamp":"2026-07-15 09:13:03"}
{"level":"info","message":{"ip":"::1","method":"GET","url":"//uploads/profile/1784086823230-921523230.png"},"service":"purely-ceylon-backend-ecosystem","timestamp":"2026-07-15 09:13:03"}
{"level":"info","message":{"ip":"::1","method":"GET","url":"/uploads/profile/1784086823230-921523230.png"},"service":"purely-ceylon-backend-ecosystem","timestamp":"2026-07-15 09:13:03"}
{"level":"info","message":{"ip":"::1","method":"GET","url":"/api/v1/profile/me"},"service":"purely-ceylon-backend-ecosystem","timestamp":"2026-07-15 09:13:03"}
{"level":"info","message":{"ip":"::1","method":"OPTIONS","url":"/api/v1/address"},"service":"purely-ceylon-backend-ecosystem","timestamp":"2026-07-15 09:13:04"}
{"level":"info","message":{"ip":"::1","method":"OPTIONS","url":"/api/v1/address"},"service":"purely-ceylon-backend-ecosystem","timestamp":"2026-07-15 09:13:04"}
{"level":"info","message":{"ip":"::1","method":"GET","url":"/api/v1/address"},"service":"purely-ceylon-backend-ecosystem","timestamp":"2026-07-15 09:13:04"}
{"level":"info","message":{"ip":"::1","method":"GET","url":"/api/v1/address"},"service":"purely-ceylon-backend-ecosystem","timestamp":"2026-07-15 09:13:04"}
{"level":"info","message":{"ip":"::1","method":"GET","url":"/api/v1/profile/me"},"service":"purely-ceylon-backend-ecosystem","timestamp":"2026-07-15 09:13:05"}
{"level":"info","message":{"ip":"::1","method":"GET","url":"/api/v1/profile/me"},"service":"purely-ceylon-backend-ecosystem","timestamp":"2026-07-15 09:13:05"}
{"level":"info","message":{"ip":"::1","method":"GET","url":"//uploads/profile/1784086823230-921523230.png"},"service":"purely-ceylon-backend-ecosystem","timestamp":"2026-07-15 09:13:05"}
{"level":"info","message":{"ip":"::1","method":"OPTIONS","url":"/api/v1/auth/login"},"service":"purely-ceylon-backend-ecosystem","timestamp":"2026-07-15 09:13:58"}
{"level":"info","message":{"ip":"::1","method":"POST","url":"/api/v1/auth/login"},"service":"purely-ceylon-backend-ecosystem","timestamp":"2026-07-15 09:13:58"}
{"level":"info","message":{"email":"mahroofaathiqa@gmail.com","event":"LOGIN_SUCCESS"},"service":"purely-ceylon-backend-ecosystem","timestamp":"2026-07-15 09:13:58"}
{"level":"info","message":{"ip":"::1","method":"OPTIONS","url":"/api/v1/profile/me"},"service":"purely-ceylon-backend-ecosystem","timestamp":"2026-07-15 09:14:01"}
{"level":"info","message":{"ip":"::1","method":"OPTIONS","url":"/api/v1/products"},"service":"purely-ceylon-backend-ecosystem","timestamp":"2026-07-15 09:14:01"}
{"level":"info","message":{"ip":"::1","method":"OPTIONS","url":"/api/v1/cart"},"service":"purely-ceylon-backend-ecosystem","timestamp":"2026-07-15 09:14:01"}
{"level":"info","message":{"ip":"::1","method":"OPTIONS","url":"/api/v1/wishlist"},"service":"purely-ceylon-backend-ecosystem","timestamp":"2026-07-15 09:14:01"}
{"level":"info","message":{"ip":"::1","method":"OPTIONS","url":"/api/v1/categories"},"service":"purely-ceylon-backend-ecosystem","timestamp":"2026-07-15 09:14:01"}
{"level":"info","message":{"ip":"::1","method":"OPTIONS","url":"/api/v1/products"},"service":"purely-ceylon-backend-ecosystem","timestamp":"2026-07-15 09:14:01"}
{"level":"info","message":{"ip":"::1","method":"OPTIONS","url":"/api/v1/categories"},"service":"purely-ceylon-backend-ecosystem","timestamp":"2026-07-15 09:14:01"}
{"level":"info","message":{"ip":"::1","method":"GET","url":"/api/v1/profile/me"},"service":"purely-ceylon-backend-ecosystem","timestamp":"2026-07-15 09:14:01"}
{"level":"info","message":{"ip":"::1","method":"GET","url":"/api/v1/cart"},"service":"purely-ceylon-backend-ecosystem","timestamp":"2026-07-15 09:14:01"}
{"level":"info","message":{"ip":"::1","method":"GET","url":"/api/v1/wishlist"},"service":"purely-ceylon-backend-ecosystem","timestamp":"2026-07-15 09:14:01"}
{"level":"info","message":{"ip":"::1","method":"GET","url":"/api/v1/products"},"service":"purely-ceylon-backend-ecosystem","timestamp":"2026-07-15 09:14:01"}
{"level":"info","message":{"ip":"::1","method":"GET","url":"/api/v1/categories"},"service":"purely-ceylon-backend-ecosystem","timestamp":"2026-07-15 09:14:01"}
{"level":"info","message":{"ip":"::1","method":"GET","url":"/api/v1/products"},"service":"purely-ceylon-backend-ecosystem","timestamp":"2026-07-15 09:14:01"}
{"level":"info","message":{"ip":"::1","method":"GET","url":"/api/v1/categories"},"service":"purely-ceylon-backend-ecosystem","timestamp":"2026-07-15 09:14:02"}
{"level":"info","message":{"ip":"::1","method":"OPTIONS","url":"/api/v1/orders/my-orders"},"service":"purely-ceylon-backend-ecosystem","timestamp":"2026-07-15 09:14:06"}
{"level":"info","message":{"ip":"::1","method":"OPTIONS","url":"/api/v1/address"},"service":"purely-ceylon-backend-ecosystem","timestamp":"2026-07-15 09:14:06"}
{"level":"info","message":{"ip":"::1","method":"OPTIONS","url":"/api/v1/orders/my-orders"},"service":"purely-ceylon-backend-ecosystem","timestamp":"2026-07-15 09:14:06"}
{"level":"info","message":{"ip":"::1","method":"OPTIONS","url":"/api/v1/address"},"service":"purely-ceylon-backend-ecosystem","timestamp":"2026-07-15 09:14:06"}
{"level":"info","message":{"ip":"::1","method":"GET","url":"/api/v1/orders/my-orders"},"service":"purely-ceylon-backend-ecosystem","timestamp":"2026-07-15 09:14:06"}
{"level":"info","message":{"ip":"::1","method":"GET","url":"/api/v1/address"},"service":"purely-ceylon-backend-ecosystem","timestamp":"2026-07-15 09:14:06"}
{"level":"info","message":{"ip":"::1","method":"GET","url":"/api/v1/orders/my-orders"},"service":"purely-ceylon-backend-ecosystem","timestamp":"2026-07-15 09:14:06"}
{"level":"info","message":{"ip":"::1","method":"GET","url":"/api/v1/address"},"service":"purely-ceylon-backend-ecosystem","timestamp":"2026-07-15 09:14:06"}
{"level":"info","message":{"ip":"::1","method":"GET","url":"/api/v1/address"},"service":"purely-ceylon-backend-ecosystem","timestamp":"2026-07-15 09:14:07"}
{"level":"info","message":{"ip":"::1","method":"GET","url":"/api/v1/address"},"service":"purely-ceylon-backend-ecosystem","timestamp":"2026-07-15 09:14:07"}
{"level":"info","message":{"ip":"::1","method":"OPTIONS","url":"/api/v1/profile/me"},"service":"purely-ceylon-backend-ecosystem","timestamp":"2026-07-15 09:14:08"}
{"level":"info","message":{"ip":"::1","method":"OPTIONS","url":"/api/v1/profile/me"},"service":"purely-ceylon-backend-ecosystem","timestamp":"2026-07-15 09:14:08"}
{"level":"info","message":{"ip":"::1","method":"GET","url":"/api/v1/profile/me"},"service":"purely-ceylon-backend-ecosystem","timestamp":"2026-07-15 09:14:08"}
{"level":"info","message":{"ip":"::1","method":"GET","url":"/api/v1/profile/me"},"service":"purely-ceylon-backend-ecosystem","timestamp":"2026-07-15 09:14:08"}
{"level":"info","message":{"ip":"::1","method":"GET","url":"//uploads/profile/1784086823230-921523230.png"},"service":"purely-ceylon-backend-ecosystem","timestamp":"2026-07-15 09:14:08"}
{"level":"info","message":{"ip":"::1","method":"OPTIONS","url":"/api/v1/profile/upload-photo"},"service":"purely-ceylon-backend-ecosystem","timestamp":"2026-07-15 09:14:20"}
{"level":"info","message":{"ip":"::1","method":"POST","url":"/api/v1/profile/upload-photo"},"service":"purely-ceylon-backend-ecosystem","timestamp":"2026-07-15 09:14:20"}
{"level":"info","message":{"ip":"::1","method":"GET","url":"//uploads/profile/1784087060674-860698983.png?t=1784087060717"},"service":"purely-ceylon-backend-ecosystem","timestamp":"2026-07-15 09:14:20"}
{"level":"info","message":{"ip":"::1","method":"OPTIONS","url":"/api/v1/profile/me"},"service":"purely-ceylon-backend-ecosystem","timestamp":"2026-07-15 09:14:28"}
{"level":"info","message":{"ip":"::1","method":"OPTIONS","url":"/api/v1/profile/me"},"service":"purely-ceylon-backend-ecosystem","timestamp":"2026-07-15 09:14:28"}
{"level":"info","message":{"ip":"::1","method":"OPTIONS","url":"/api/v1/profile/me"},"service":"purely-ceylon-backend-ecosystem","timestamp":"2026-07-15 09:14:28"}
{"level":"info","message":{"ip":"::1","method":"OPTIONS","url":"/api/v1/profile/me"},"service":"purely-ceylon-backend-ecosystem","timestamp":"2026-07-15 09:14:28"}
{"level":"info","message":{"ip":"::1","method":"OPTIONS","url":"/api/v1/cart"},"service":"purely-ceylon-backend-ecosystem","timestamp":"2026-07-15 09:14:28"}
{"level":"info","message":{"ip":"::1","method":"OPTIONS","url":"/api/v1/wishlist"},"service":"purely-ceylon-backend-ecosystem","timestamp":"2026-07-15 09:14:28"}
{"level":"info","message":{"ip":"::1","method":"OPTIONS","url":"/api/v1/cart"},"service":"purely-ceylon-backend-ecosystem","timestamp":"2026-07-15 09:14:28"}
{"level":"info","message":{"ip":"::1","method":"OPTIONS","url":"/api/v1/wishlist"},"service":"purely-ceylon-backend-ecosystem","timestamp":"2026-07-15 09:14:28"}
{"level":"info","message":{"ip":"::1","method":"GET","url":"/api/v1/profile/me"},"service":"purely-ceylon-backend-ecosystem","timestamp":"2026-07-15 09:14:28"}
{"level":"info","message":{"ip":"::1","method":"GET","url":"/api/v1/cart"},"service":"purely-ceylon-backend-ecosystem","timestamp":"2026-07-15 09:14:28"}
{"level":"info","message":{"ip":"::1","method":"GET","url":"/api/v1/wishlist"},"service":"purely-ceylon-backend-ecosystem","timestamp":"2026-07-15 09:14:28"}
{"level":"info","message":{"ip":"::1","method":"GET","url":"/api/v1/profile/me"},"service":"purely-ceylon-backend-ecosystem","timestamp":"2026-07-15 09:14:29"}
{"level":"info","message":{"ip":"::1","method":"GET","url":"/api/v1/cart"},"service":"purely-ceylon-backend-ecosystem","timestamp":"2026-07-15 09:14:29"}
{"level":"info","message":{"ip":"::1","method":"GET","url":"/api/v1/wishlist"},"service":"purely-ceylon-backend-ecosystem","timestamp":"2026-07-15 09:14:29"}
{"level":"info","message":{"ip":"::1","method":"GET","url":"/api/v1/profile/me"},"service":"purely-ceylon-backend-ecosystem","timestamp":"2026-07-15 09:14:30"}
{"level":"info","message":{"ip":"::1","method":"GET","url":"//uploads/profile/1784087060674-860698983.png"},"service":"purely-ceylon-backend-ecosystem","timestamp":"2026-07-15 09:14:30"}
{"level":"info","message":{"ip":"::1","method":"GET","url":"/uploads/profile/1784087060674-860698983.png"},"service":"purely-ceylon-backend-ecosystem","timestamp":"2026-07-15 09:14:30"}
{"level":"info","message":{"ip":"::1","method":"GET","url":"/api/v1/profile/me"},"service":"purely-ceylon-backend-ecosystem","timestamp":"2026-07-15 09:14:30"}
{"level":"info","message":"📧 Processing Email Queue","service":"purely-ceylon-backend-ecosystem","timestamp":"2026-07-15 09:15:00"}
{"level":"info","message":{"ip":"::1","method":"OPTIONS","url":"/api/v1/profile/upload-photo"},"service":"purely-ceylon-backend-ecosystem","timestamp":"2026-07-15 09:16:38"}
{"level":"info","message":{"ip":"::1","method":"POST","url":"/api/v1/profile/upload-photo"},"service":"purely-ceylon-backend-ecosystem","timestamp":"2026-07-15 09:16:38"}
{"level":"info","message":{"ip":"::1","method":"GET","url":"//uploads/profile/1784087198758-10741766.png?t=1784087199244"},"service":"purely-ceylon-backend-ecosystem","timestamp":"2026-07-15 09:16:39"}
{"level":"info","message":"📧 Processing Email Queue","service":"purely-ceylon-backend-ecosystem","timestamp":"2026-07-15 09:20:00"}
{"level":"info","message":{"ip":"::1","method":"GET","url":"/uploads/your-image-name.jpg"},"service":"purely-ceylon-backend-ecosystem","timestamp":"2026-07-15 09:21:39"}
{"level":"info","message":{"ip":"::1","method":"GET","url":"/favicon.ico"},"service":"purely-ceylon-backend-ecosystem","timestamp":"2026-07-15 09:21:39"}
{"level":"info","message":{"ip":"::1","method":"OPTIONS","url":"/api/v1/profile/me"},"service":"purely-ceylon-backend-ecosystem","timestamp":"2026-07-15 09:22:26"}
{"level":"info","message":{"ip":"::1","method":"OPTIONS","url":"/api/v1/profile/me"},"service":"purely-ceylon-backend-ecosystem","timestamp":"2026-07-15 09:22:26"}
{"level":"info","message":{"ip":"::1","method":"OPTIONS","url":"/api/v1/profile/me"},"service":"purely-ceylon-backend-ecosystem","timestamp":"2026-07-15 09:22:26"}
{"level":"info","message":{"ip":"::1","method":"OPTIONS","url":"/api/v1/profile/me"},"service":"purely-ceylon-backend-ecosystem","timestamp":"2026-07-15 09:22:26"}
{"level":"info","message":{"ip":"::1","method":"OPTIONS","url":"/api/v1/cart"},"service":"purely-ceylon-backend-ecosystem","timestamp":"2026-07-15 09:22:26"}
{"level":"info","message":{"ip":"::1","method":"OPTIONS","url":"/api/v1/wishlist"},"service":"purely-ceylon-backend-ecosystem","timestamp":"2026-07-15 09:22:26"}
{"level":"info","message":{"ip":"::1","method":"OPTIONS","url":"/api/v1/address"},"service":"purely-ceylon-backend-ecosystem","timestamp":"2026-07-15 09:22:27"}
{"level":"info","message":{"ip":"::1","method":"OPTIONS","url":"/api/v1/wishlist"},"service":"purely-ceylon-backend-ecosystem","timestamp":"2026-07-15 09:22:27"}
{"level":"info","message":{"ip":"::1","method":"OPTIONS","url":"/api/v1/cart"},"service":"purely-ceylon-backend-ecosystem","timestamp":"2026-07-15 09:22:27"}
{"level":"info","message":{"ip":"::1","method":"OPTIONS","url":"/api/v1/cart"},"service":"purely-ceylon-backend-ecosystem","timestamp":"2026-07-15 09:22:27"}
{"level":"info","message":{"ip":"::1","method":"OPTIONS","url":"/api/v1/wishlist"},"service":"purely-ceylon-backend-ecosystem","timestamp":"2026-07-15 09:22:27"}
{"level":"info","message":{"ip":"::1","method":"OPTIONS","url":"/api/v1/wishlist"},"service":"purely-ceylon-backend-ecosystem","timestamp":"2026-07-15 09:22:27"}
{"level":"info","message":{"ip":"::1","method":"OPTIONS","url":"/api/v1/cart"},"service":"purely-ceylon-backend-ecosystem","timestamp":"2026-07-15 09:22:27"}
{"level":"info","message":{"ip":"::1","method":"OPTIONS","url":"/api/v1/address"},"service":"purely-ceylon-backend-ecosystem","timestamp":"2026-07-15 09:22:27"}
{"level":"info","message":{"ip":"::1","method":"GET","url":"/api/v1/profile/me"},"service":"purely-ceylon-backend-ecosystem","timestamp":"2026-07-15 09:22:29"}
{"level":"info","message":{"ip":"::1","method":"GET","url":"/api/v1/cart"},"service":"purely-ceylon-backend-ecosystem","timestamp":"2026-07-15 09:22:29"}
{"level":"info","message":{"ip":"::1","method":"GET","url":"/api/v1/wishlist"},"service":"purely-ceylon-backend-ecosystem","timestamp":"2026-07-15 09:22:29"}
{"level":"info","message":{"ip":"::1","method":"GET","url":"/api/v1/address"},"service":"purely-ceylon-backend-ecosystem","timestamp":"2026-07-15 09:22:30"}
{"level":"info","message":{"ip":"::1","method":"GET","url":"/api/v1/profile/me"},"service":"purely-ceylon-backend-ecosystem","timestamp":"2026-07-15 09:22:30"}
{"level":"info","message":{"ip":"::1","method":"GET","url":"/api/v1/cart"},"service":"purely-ceylon-backend-ecosystem","timestamp":"2026-07-15 09:22:30"}
{"level":"info","message":{"ip":"::1","method":"GET","url":"/uploads/profile/1784087198758-10741766.png"},"service":"purely-ceylon-backend-ecosystem","timestamp":"2026-07-15 09:22:31"}
{"level":"info","message":{"ip":"::1","method":"GET","url":"/api/v1/profile/me"},"service":"purely-ceylon-backend-ecosystem","timestamp":"2026-07-15 09:22:31"}
{"level":"info","message":{"ip":"::1","method":"GET","url":"/api/v1/address"},"service":"purely-ceylon-backend-ecosystem","timestamp":"2026-07-15 09:22:31"}
{"level":"info","message":{"ip":"::1","method":"GET","url":"/api/v1/wishlist"},"service":"purely-ceylon-backend-ecosystem","timestamp":"2026-07-15 09:22:31"}
{"level":"info","message":{"ip":"::1","method":"GET","url":"/api/v1/cart"},"service":"purely-ceylon-backend-ecosystem","timestamp":"2026-07-15 09:22:32"}
{"level":"info","message":{"ip":"::1","method":"GET","url":"/api/v1/profile/me"},"service":"purely-ceylon-backend-ecosystem","timestamp":"2026-07-15 09:22:32"}
{"level":"info","message":{"ip":"::1","method":"GET","url":"/api/v1/wishlist"},"service":"purely-ceylon-backend-ecosystem","timestamp":"2026-07-15 09:22:32"}
{"level":"info","message":{"ip":"::1","method":"GET","url":"/api/v1/cart"},"service":"purely-ceylon-backend-ecosystem","timestamp":"2026-07-15 09:22:32"}
{"level":"info","message":{"ip":"::1","method":"GET","url":"/api/v1/wishlist"},"service":"purely-ceylon-backend-ecosystem","timestamp":"2026-07-15 09:22:33"}
{"level":"info","message":{"ip":"::1","method":"GET","url":"/uploads/profile/1784087198758-10741766.png"},"service":"purely-ceylon-backend-ecosystem","timestamp":"2026-07-15 09:24:28"}
{"level":"info","message":"📧 Processing Email Queue","service":"purely-ceylon-backend-ecosystem","timestamp":"2026-07-15 09:25:00"}
{"level":"info","message":"✅ All Background Jobs Started Successfully","service":"purely-ceylon-backend-ecosystem","timestamp":"2026-07-15 09:28:36"}
{"level":"info","message":"✅ Email credentials loaded successfully.","service":"purely-ceylon-backend-ecosystem","timestamp":"2026-07-15 09:28:36"}
{"level":"info","message":"Server running on 5000","service":"purely-ceylon-backend-ecosystem","timestamp":"2026-07-15 09:28:36"}
{"level":"info","message":{"ip":"::1","method":"OPTIONS","url":"/api/v1/profile/me"},"service":"purely-ceylon-backend-ecosystem","timestamp":"2026-07-15 09:28:53"}
{"level":"info","message":{"ip":"::1","method":"OPTIONS","url":"/api/v1/profile/me"},"service":"purely-ceylon-backend-ecosystem","timestamp":"2026-07-15 09:28:55"}
{"level":"info","message":{"ip":"::1","method":"OPTIONS","url":"/api/v1/profile/me"},"service":"purely-ceylon-backend-ecosystem","timestamp":"2026-07-15 09:28:55"}
{"level":"info","message":{"ip":"::1","method":"OPTIONS","url":"/api/v1/profile/me"},"service":"purely-ceylon-backend-ecosystem","timestamp":"2026-07-15 09:28:55"}
{"level":"info","message":{"ip":"::1","method":"OPTIONS","url":"/api/v1/cart"},"service":"purely-ceylon-backend-ecosystem","timestamp":"2026-07-15 09:28:55"}
{"level":"info","message":{"ip":"::1","method":"OPTIONS","url":"/api/v1/wishlist"},"service":"purely-ceylon-backend-ecosystem","timestamp":"2026-07-15 09:28:55"}
{"level":"info","message":{"ip":"::1","method":"OPTIONS","url":"/api/v1/address"},"service":"purely-ceylon-backend-ecosystem","timestamp":"2026-07-15 09:28:55"}
{"level":"info","message":{"ip":"::1","method":"OPTIONS","url":"/api/v1/wishlist"},"service":"purely-ceylon-backend-ecosystem","timestamp":"2026-07-15 09:28:55"}
{"level":"info","message":{"ip":"::1","method":"OPTIONS","url":"/api/v1/cart"},"service":"purely-ceylon-backend-ecosystem","timestamp":"2026-07-15 09:28:55"}
{"level":"info","message":{"ip":"::1","method":"OPTIONS","url":"/api/v1/cart"},"service":"purely-ceylon-backend-ecosystem","timestamp":"2026-07-15 09:28:56"}
{"level":"info","message":{"ip":"::1","method":"OPTIONS","url":"/api/v1/wishlist"},"service":"purely-ceylon-backend-ecosystem","timestamp":"2026-07-15 09:28:56"}
{"level":"info","message":{"ip":"::1","method":"OPTIONS","url":"/api/v1/address"},"service":"purely-ceylon-backend-ecosystem","timestamp":"2026-07-15 09:28:56"}
{"level":"info","message":{"ip":"::1","method":"OPTIONS","url":"/api/v1/wishlist"},"service":"purely-ceylon-backend-ecosystem","timestamp":"2026-07-15 09:28:56"}
{"level":"info","message":{"ip":"::1","method":"OPTIONS","url":"/api/v1/cart"},"service":"purely-ceylon-backend-ecosystem","timestamp":"2026-07-15 09:28:56"}
{"level":"info","message":{"ip":"::1","method":"GET","url":"/api/v1/profile/me"},"service":"purely-ceylon-backend-ecosystem","timestamp":"2026-07-15 09:28:57"}
{"level":"info","message":{"ip":"::1","method":"GET","url":"/api/v1/cart"},"service":"purely-ceylon-backend-ecosystem","timestamp":"2026-07-15 09:28:57"}
{"level":"info","message":{"ip":"::1","method":"GET","url":"/api/v1/wishlist"},"service":"purely-ceylon-backend-ecosystem","timestamp":"2026-07-15 09:28:58"}
{"level":"info","message":{"ip":"::1","method":"GET","url":"/api/v1/address"},"service":"purely-ceylon-backend-ecosystem","timestamp":"2026-07-15 09:28:58"}
{"level":"info","message":{"ip":"::1","method":"GET","url":"/api/v1/cart"},"service":"purely-ceylon-backend-ecosystem","timestamp":"2026-07-15 09:28:58"}
{"level":"info","message":{"ip":"::1","method":"GET","url":"/api/v1/profile/me"},"service":"purely-ceylon-backend-ecosystem","timestamp":"2026-07-15 09:28:59"}
{"level":"info","message":{"ip":"::1","method":"GET","url":"/uploads/profile/1784087198758-10741766.png"},"service":"purely-ceylon-backend-ecosystem","timestamp":"2026-07-15 09:28:59"}
{"level":"info","message":{"ip":"::1","method":"GET","url":"/api/v1/cart"},"service":"purely-ceylon-backend-ecosystem","timestamp":"2026-07-15 09:28:59"}
{"level":"info","message":{"ip":"::1","method":"GET","url":"/api/v1/profile/me"},"service":"purely-ceylon-backend-ecosystem","timestamp":"2026-07-15 09:29:00"}
{"level":"info","message":{"ip":"::1","method":"GET","url":"/api/v1/wishlist"},"service":"purely-ceylon-backend-ecosystem","timestamp":"2026-07-15 09:29:00"}
{"level":"info","message":{"ip":"::1","method":"GET","url":"/api/v1/address"},"service":"purely-ceylon-backend-ecosystem","timestamp":"2026-07-15 09:29:00"}
{"level":"info","message":{"ip":"::1","method":"GET","url":"/api/v1/cart"},"service":"purely-ceylon-backend-ecosystem","timestamp":"2026-07-15 09:29:00"}
{"level":"info","message":{"ip":"::1","method":"GET","url":"/api/v1/profile/me"},"service":"purely-ceylon-backend-ecosystem","timestamp":"2026-07-15 09:29:00"}
{"level":"info","message":{"ip":"::1","method":"GET","url":"/api/v1/wishlist"},"service":"purely-ceylon-backend-ecosystem","timestamp":"2026-07-15 09:29:00"}
{"level":"info","message":{"ip":"::1","method":"GET","url":"/api/v1/wishlist"},"service":"purely-ceylon-backend-ecosystem","timestamp":"2026-07-15 09:29:00"}
{"level":"info","message":{"ip":"::1","method":"OPTIONS","url":"/api/v1/profile/upload-photo"},"service":"purely-ceylon-backend-ecosystem","timestamp":"2026-07-15 09:29:16"}
{"level":"info","message":{"ip":"::1","method":"POST","url":"/api/v1/profile/upload-photo"},"service":"purely-ceylon-backend-ecosystem","timestamp":"2026-07-15 09:29:17"}
{"level":"info","message":{"ip":"::1","method":"GET","url":"//uploads/profile/1784087957377-345443471.png?t=1784087957456"},"service":"purely-ceylon-backend-ecosystem","timestamp":"2026-07-15 09:29:17"}
{"level":"info","message":{"ip":"::1","method":"OPTIONS","url":"/api/v1/profile/upload-photo"},"service":"purely-ceylon-backend-ecosystem","timestamp":"2026-07-15 09:29:32"}
{"level":"info","message":{"ip":"::1","method":"POST","url":"/api/v1/profile/upload-photo"},"service":"purely-ceylon-backend-ecosystem","timestamp":"2026-07-15 09:29:32"}
{"level":"info","message":{"ip":"::1","method":"GET","url":"//uploads/profile/1784087972939-767366193.png?t=1784087972978"},"service":"purely-ceylon-backend-ecosystem","timestamp":"2026-07-15 09:29:33"}
{"level":"info","message":{"ip":"::1","method":"OPTIONS","url":"/api/v1/profile/remove-photo"},"service":"purely-ceylon-backend-ecosystem","timestamp":"2026-07-15 09:29:39"}
{"level":"info","message":{"ip":"::1","method":"DELETE","url":"/api/v1/profile/remove-photo"},"service":"purely-ceylon-backend-ecosystem","timestamp":"2026-07-15 09:29:39"}
{"level":"info","message":"📧 Processing Email Queue","service":"purely-ceylon-backend-ecosystem","timestamp":"2026-07-15 09:30:00"}
{"level":"info","message":{"ip":"::1","method":"GET","url":"/uploads/profile/1784087198758-10741766.png"},"service":"purely-ceylon-backend-ecosystem","timestamp":"2026-07-15 09:30:36"}
{"level":"info","message":{"ip":"::1","method":"OPTIONS","url":"/api/v1/profile/me"},"service":"purely-ceylon-backend-ecosystem","timestamp":"2026-07-15 09:32:56"}
{"level":"info","message":{"ip":"::1","method":"OPTIONS","url":"/api/v1/profile/me"},"service":"purely-ceylon-backend-ecosystem","timestamp":"2026-07-15 09:32:56"}
{"level":"info","message":{"ip":"::1","method":"OPTIONS","url":"/api/v1/profile/me"},"service":"purely-ceylon-backend-ecosystem","timestamp":"2026-07-15 09:32:56"}
{"level":"info","message":{"ip":"::1","method":"OPTIONS","url":"/api/v1/cart"},"service":"purely-ceylon-backend-ecosystem","timestamp":"2026-07-15 09:32:56"}
{"level":"info","message":{"ip":"::1","method":"OPTIONS","url":"/api/v1/wishlist"},"service":"purely-ceylon-backend-ecosystem","timestamp":"2026-07-15 09:32:56"}
{"level":"info","message":{"ip":"::1","method":"OPTIONS","url":"/api/v1/address"},"service":"purely-ceylon-backend-ecosystem","timestamp":"2026-07-15 09:32:56"}
{"level":"info","message":{"ip":"::1","method":"GET","url":"/api/v1/profile/me"},"service":"purely-ceylon-backend-ecosystem","timestamp":"2026-07-15 09:32:56"}
{"level":"info","message":{"ip":"::1","method":"GET","url":"/api/v1/cart"},"service":"purely-ceylon-backend-ecosystem","timestamp":"2026-07-15 09:32:57"}
{"level":"info","message":{"ip":"::1","method":"GET","url":"/api/v1/wishlist"},"service":"purely-ceylon-backend-ecosystem","timestamp":"2026-07-15 09:32:57"}
{"level":"info","message":{"ip":"::1","method":"GET","url":"/api/v1/address"},"service":"purely-ceylon-backend-ecosystem","timestamp":"2026-07-15 09:32:58"}
{"level":"info","message":{"ip":"::1","method":"GET","url":"/api/v1/cart"},"service":"purely-ceylon-backend-ecosystem","timestamp":"2026-07-15 09:32:58"}
{"level":"info","message":{"ip":"::1","method":"GET","url":"/api/v1/profile/me"},"service":"purely-ceylon-backend-ecosystem","timestamp":"2026-07-15 09:32:58"}
{"level":"info","message":{"ip":"::1","method":"GET","url":"/uploads/profile/1784087972939-767366193.png"},"service":"purely-ceylon-backend-ecosystem","timestamp":"2026-07-15 09:32:58"}
{"level":"info","message":{"ip":"::1","method":"GET","url":"/api/v1/cart"},"service":"purely-ceylon-backend-ecosystem","timestamp":"2026-07-15 09:33:00"}
{"level":"info","message":{"ip":"::1","method":"GET","url":"/api/v1/profile/me"},"service":"purely-ceylon-backend-ecosystem","timestamp":"2026-07-15 09:33:02"}
{"level":"info","message":{"ip":"::1","method":"GET","url":"/api/v1/wishlist"},"service":"purely-ceylon-backend-ecosystem","timestamp":"2026-07-15 09:33:03"}
{"level":"info","message":{"ip":"::1","method":"GET","url":"/api/v1/address"},"service":"purely-ceylon-backend-ecosystem","timestamp":"2026-07-15 09:33:04"}
{"level":"info","message":{"ip":"::1","method":"GET","url":"/api/v1/cart"},"service":"purely-ceylon-backend-ecosystem","timestamp":"2026-07-15 09:33:04"}
{"level":"info","message":{"ip":"::1","method":"GET","url":"/api/v1/profile/me"},"service":"purely-ceylon-backend-ecosystem","timestamp":"2026-07-15 09:33:05"}
{"level":"info","message":{"ip":"::1","method":"GET","url":"/api/v1/wishlist"},"service":"purely-ceylon-backend-ecosystem","timestamp":"2026-07-15 09:33:05"}
{"level":"info","message":{"ip":"::1","method":"GET","url":"/api/v1/wishlist"},"service":"purely-ceylon-backend-ecosystem","timestamp":"2026-07-15 09:33:05"}
{"level":"info","message":{"ip":"::1","method":"OPTIONS","url":"/api/v1/profile/upload-photo"},"service":"purely-ceylon-backend-ecosystem","timestamp":"2026-07-15 09:33:21"}
{"level":"info","message":{"ip":"::1","method":"POST","url":"/api/v1/profile/upload-photo"},"service":"purely-ceylon-backend-ecosystem","timestamp":"2026-07-15 09:33:21"}
{"level":"info","message":{"ip":"::1","method":"GET","url":"//uploads/profile/1784088201887-565868223.png?t=1784088201928"},"service":"purely-ceylon-backend-ecosystem","timestamp":"2026-07-15 09:33:21"}
{"level":"info","message":{"ip":"::1","method":"GET","url":"//uploads/profile/1784088201887-565868223.png"},"service":"purely-ceylon-backend-ecosystem","timestamp":"2026-07-15 09:33:22"}
{"level":"info","message":"📧 Processing Email Queue","service":"purely-ceylon-backend-ecosystem","timestamp":"2026-07-15 09:35:00"}
{"level":"info","message":{"ip":"::1","method":"OPTIONS","url":"/api/v1/profile/me"},"service":"purely-ceylon-backend-ecosystem","timestamp":"2026-07-15 09:36:53"}
{"level":"info","message":{"ip":"::1","method":"OPTIONS","url":"/api/v1/profile/me"},"service":"purely-ceylon-backend-ecosystem","timestamp":"2026-07-15 09:36:53"}
{"level":"info","message":{"ip":"::1","method":"OPTIONS","url":"/api/v1/cart"},"service":"purely-ceylon-backend-ecosystem","timestamp":"2026-07-15 09:36:53"}
{"level":"info","message":{"ip":"::1","method":"OPTIONS","url":"/api/v1/wishlist"},"service":"purely-ceylon-backend-ecosystem","timestamp":"2026-07-15 09:36:53"}
{"level":"info","message":{"ip":"::1","method":"OPTIONS","url":"/api/v1/address"},"service":"purely-ceylon-backend-ecosystem","timestamp":"2026-07-15 09:36:53"}
{"level":"info","message":{"ip":"::1","method":"GET","url":"/api/v1/profile/me"},"service":"purely-ceylon-backend-ecosystem","timestamp":"2026-07-15 09:36:53"}
{"level":"info","message":{"ip":"::1","method":"GET","url":"/api/v1/cart"},"service":"purely-ceylon-backend-ecosystem","timestamp":"2026-07-15 09:36:53"}
{"level":"info","message":{"ip":"::1","method":"GET","url":"/api/v1/wishlist"},"service":"purely-ceylon-backend-ecosystem","timestamp":"2026-07-15 09:36:53"}
{"level":"info","message":{"ip":"::1","method":"GET","url":"/api/v1/address"},"service":"purely-ceylon-backend-ecosystem","timestamp":"2026-07-15 09:36:53"}
{"level":"info","message":{"ip":"::1","method":"GET","url":"/api/v1/profile/me"},"service":"purely-ceylon-backend-ecosystem","timestamp":"2026-07-15 09:36:53"}
{"level":"info","message":{"ip":"::1","method":"GET","url":"/api/v1/cart"},"service":"purely-ceylon-backend-ecosystem","timestamp":"2026-07-15 09:36:54"}
{"level":"info","message":{"ip":"::1","method":"GET","url":"/api/v1/wishlist"},"service":"purely-ceylon-backend-ecosystem","timestamp":"2026-07-15 09:36:54"}
{"level":"info","message":{"ip":"::1","method":"GET","url":"/api/v1/address"},"service":"purely-ceylon-backend-ecosystem","timestamp":"2026-07-15 09:36:54"}
{"level":"info","message":{"ip":"::1","method":"GET","url":"/api/v1/profile/me"},"service":"purely-ceylon-backend-ecosystem","timestamp":"2026-07-15 09:36:54"}
{"level":"info","message":{"ip":"::1","method":"GET","url":"/api/v1/cart"},"service":"purely-ceylon-backend-ecosystem","timestamp":"2026-07-15 09:36:54"}
{"level":"info","message":{"ip":"::1","method":"GET","url":"/api/v1/wishlist"},"service":"purely-ceylon-backend-ecosystem","timestamp":"2026-07-15 09:36:54"}
{"level":"info","message":{"ip":"::1","method":"GET","url":"/api/v1/profile/me"},"service":"purely-ceylon-backend-ecosystem","timestamp":"2026-07-15 09:36:54"}
{"level":"info","message":{"ip":"::1","method":"GET","url":"/api/v1/cart"},"service":"purely-ceylon-backend-ecosystem","timestamp":"2026-07-15 09:36:55"}
{"level":"info","message":{"ip":"::1","method":"GET","url":"/api/v1/wishlist"},"service":"purely-ceylon-backend-ecosystem","timestamp":"2026-07-15 09:36:55"}
{"level":"info","message":{"ip":"::1","method":"GET","url":"/uploads/profile/1784088201887-565868223.png"},"service":"purely-ceylon-backend-ecosystem","timestamp":"2026-07-15 09:36:55"}
{"level":"info","message":{"ip":"::1","method":"OPTIONS","url":"/api/v1/profile/upload-photo"},"service":"purely-ceylon-backend-ecosystem","timestamp":"2026-07-15 09:37:03"}
{"level":"info","message":{"ip":"::1","method":"POST","url":"/api/v1/profile/upload-photo"},"service":"purely-ceylon-backend-ecosystem","timestamp":"2026-07-15 09:37:03"}
{"level":"info","message":{"ip":"::1","method":"GET","url":"//uploads/profile/1784088423868-62480736.png?t=1784088424082"},"service":"purely-ceylon-backend-ecosystem","timestamp":"2026-07-15 09:37:04"}
{"level":"info","message":{"ip":"::1","method":"GET","url":"//uploads/profile/1784088423868-62480736.png"},"service":"purely-ceylon-backend-ecosystem","timestamp":"2026-07-15 09:37:04"}
{"level":"info","message":{"ip":"::1","method":"GET","url":"/uploads/profile/1784088423868-62480736.png"},"service":"purely-ceylon-backend-ecosystem","timestamp":"2026-07-15 09:39:51"}
{"level":"info","message":"📧 Processing Email Queue","service":"purely-ceylon-backend-ecosystem","timestamp":"2026-07-15 09:40:00"}
{"level":"info","message":"✅ All Background Jobs Started Successfully","service":"purely-ceylon-backend-ecosystem","timestamp":"2026-07-15 09:42:17"}
{"level":"info","message":"✅ Email credentials loaded successfully.","service":"purely-ceylon-backend-ecosystem","timestamp":"2026-07-15 09:42:17"}
{"level":"info","message":"Server running on 5000","service":"purely-ceylon-backend-ecosystem","timestamp":"2026-07-15 09:42:17"}
{"level":"info","message":"✅ All Background Jobs Started Successfully","service":"purely-ceylon-backend-ecosystem","timestamp":"2026-07-15 09:42:58"}
{"level":"info","message":"✅ Email credentials loaded successfully.","service":"purely-ceylon-backend-ecosystem","timestamp":"2026-07-15 09:42:58"}
{"level":"info","message":"Server running on 5000","service":"purely-ceylon-backend-ecosystem","timestamp":"2026-07-15 09:42:59"}
{"level":"info","message":"✅ All Background Jobs Started Successfully","service":"purely-ceylon-backend-ecosystem","timestamp":"2026-07-15 09:43:22"}
{"level":"info","message":"✅ Email credentials loaded successfully.","service":"purely-ceylon-backend-ecosystem","timestamp":"2026-07-15 09:43:25"}
{"level":"info","message":"Server running on 5000","service":"purely-ceylon-backend-ecosystem","timestamp":"2026-07-15 09:43:26"}
{"level":"info","message":{"ip":"::1","method":"OPTIONS","url":"/api/v1/profile/remove-photo"},"service":"purely-ceylon-backend-ecosystem","timestamp":"2026-07-15 09:44:29"}
{"level":"info","message":{"ip":"::1","method":"DELETE","url":"/api/v1/profile/remove-photo"},"service":"purely-ceylon-backend-ecosystem","timestamp":"2026-07-15 09:44:29"}
{"level":"info","message":{"ip":"::1","method":"OPTIONS","url":"/api/v1/profile/upload-photo"},"service":"purely-ceylon-backend-ecosystem","timestamp":"2026-07-15 09:44:41"}
{"level":"info","message":{"ip":"::1","method":"POST","url":"/api/v1/profile/upload-photo"},"service":"purely-ceylon-backend-ecosystem","timestamp":"2026-07-15 09:44:41"}
{"level":"info","message":{"ip":"::1","method":"GET","url":"//uploads/profile/1784088881289-152257235.png?t=1784088881363"},"service":"purely-ceylon-backend-ecosystem","timestamp":"2026-07-15 09:44:41"}
{"level":"info","message":{"ip":"::1","method":"GET","url":"/uploads/profile/1784088881289-152257235.png"},"service":"purely-ceylon-backend-ecosystem","timestamp":"2026-07-15 09:44:41"}
{"level":"info","message":"📧 Processing Email Queue","service":"purely-ceylon-backend-ecosystem","timestamp":"2026-07-15 09:45:00"}
{"level":"info","message":{"ip":"::1","method":"OPTIONS","url":"/api/v1/profile/me"},"service":"purely-ceylon-backend-ecosystem","timestamp":"2026-07-15 09:45:00"}
{"level":"info","message":{"ip":"::1","method":"OPTIONS","url":"/api/v1/profile/me"},"service":"purely-ceylon-backend-ecosystem","timestamp":"2026-07-15 09:45:01"}
{"level":"info","message":{"ip":"::1","method":"OPTIONS","url":"/api/v1/profile/me"},"service":"purely-ceylon-backend-ecosystem","timestamp":"2026-07-15 09:45:01"}
{"level":"info","message":{"ip":"::1","method":"OPTIONS","url":"/api/v1/profile/me"},"service":"purely-ceylon-backend-ecosystem","timestamp":"2026-07-15 09:45:01"}
{"level":"info","message":{"ip":"::1","method":"OPTIONS","url":"/api/v1/cart"},"service":"purely-ceylon-backend-ecosystem","timestamp":"2026-07-15 09:45:01"}
{"level":"info","message":{"ip":"::1","method":"OPTIONS","url":"/api/v1/wishlist"},"service":"purely-ceylon-backend-ecosystem","timestamp":"2026-07-15 09:45:01"}
{"level":"info","message":{"ip":"::1","method":"OPTIONS","url":"/api/v1/cart"},"service":"purely-ceylon-backend-ecosystem","timestamp":"2026-07-15 09:45:01"}
{"level":"info","message":{"ip":"::1","method":"OPTIONS","url":"/api/v1/wishlist"},"service":"purely-ceylon-backend-ecosystem","timestamp":"2026-07-15 09:45:01"}
{"level":"info","message":{"ip":"::1","method":"GET","url":"/api/v1/profile/me"},"service":"purely-ceylon-backend-ecosystem","timestamp":"2026-07-15 09:45:01"}
{"level":"info","message":{"ip":"::1","method":"GET","url":"/api/v1/cart"},"service":"purely-ceylon-backend-ecosystem","timestamp":"2026-07-15 09:45:01"}
{"level":"info","message":{"ip":"::1","method":"GET","url":"/api/v1/wishlist"},"service":"purely-ceylon-backend-ecosystem","timestamp":"2026-07-15 09:45:01"}
{"level":"info","message":{"ip":"::1","method":"GET","url":"/api/v1/profile/me"},"service":"purely-ceylon-backend-ecosystem","timestamp":"2026-07-15 09:45:02"}
{"level":"info","message":{"ip":"::1","method":"GET","url":"/uploads/profile/1784088881289-152257235.png"},"service":"purely-ceylon-backend-ecosystem","timestamp":"2026-07-15 09:45:02"}
{"level":"info","message":{"ip":"::1","method":"GET","url":"/api/v1/cart"},"service":"purely-ceylon-backend-ecosystem","timestamp":"2026-07-15 09:45:02"}
{"level":"info","message":{"ip":"::1","method":"GET","url":"/api/v1/profile/me"},"service":"purely-ceylon-backend-ecosystem","timestamp":"2026-07-15 09:45:03"}
{"level":"info","message":{"ip":"::1","method":"GET","url":"/api/v1/wishlist"},"service":"purely-ceylon-backend-ecosystem","timestamp":"2026-07-15 09:45:03"}
{"level":"info","message":{"ip":"::1","method":"GET","url":"/api/v1/profile/me"},"service":"purely-ceylon-backend-ecosystem","timestamp":"2026-07-15 09:45:04"}
{"level":"info","message":{"ip":"::1","method":"GET","url":"//uploads/profile/1784088881289-152257235.png"},"service":"purely-ceylon-backend-ecosystem","timestamp":"2026-07-15 09:49:59"}
{"level":"info","message":"📧 Processing Email Queue","service":"purely-ceylon-backend-ecosystem","timestamp":"2026-07-15 09:50:00"}
{"level":"info","message":{"ip":"::1","method":"OPTIONS","url":"/api/v1/profile/me"},"service":"purely-ceylon-backend-ecosystem","timestamp":"2026-07-15 09:50:17"}
{"level":"info","message":{"ip":"::1","method":"OPTIONS","url":"/api/v1/profile/me"},"service":"purely-ceylon-backend-ecosystem","timestamp":"2026-07-15 09:50:17"}
{"level":"info","message":{"ip":"::1","method":"OPTIONS","url":"/api/v1/profile/me"},"service":"purely-ceylon-backend-ecosystem","timestamp":"2026-07-15 09:50:17"}
{"level":"info","message":{"ip":"::1","method":"OPTIONS","url":"/api/v1/profile/me"},"service":"purely-ceylon-backend-ecosystem","timestamp":"2026-07-15 09:50:17"}
{"level":"info","message":{"ip":"::1","method":"OPTIONS","url":"/api/v1/cart"},"service":"purely-ceylon-backend-ecosystem","timestamp":"2026-07-15 09:50:17"}
{"level":"info","message":{"ip":"::1","method":"OPTIONS","url":"/api/v1/wishlist"},"service":"purely-ceylon-backend-ecosystem","timestamp":"2026-07-15 09:50:17"}
{"level":"info","message":{"ip":"::1","method":"OPTIONS","url":"/api/v1/cart"},"service":"purely-ceylon-backend-ecosystem","timestamp":"2026-07-15 09:50:17"}
{"level":"info","message":{"ip":"::1","method":"OPTIONS","url":"/api/v1/wishlist"},"service":"purely-ceylon-backend-ecosystem","timestamp":"2026-07-15 09:50:17"}
{"level":"info","message":{"ip":"::1","method":"GET","url":"/api/v1/profile/me"},"service":"purely-ceylon-backend-ecosystem","timestamp":"2026-07-15 09:50:17"}
{"level":"info","message":{"ip":"::1","method":"GET","url":"/api/v1/cart"},"service":"purely-ceylon-backend-ecosystem","timestamp":"2026-07-15 09:50:17"}
{"level":"info","message":{"ip":"::1","method":"GET","url":"/api/v1/wishlist"},"service":"purely-ceylon-backend-ecosystem","timestamp":"2026-07-15 09:50:17"}
{"level":"info","message":{"ip":"::1","method":"GET","url":"/api/v1/profile/me"},"service":"purely-ceylon-backend-ecosystem","timestamp":"2026-07-15 09:50:19"}
{"level":"info","message":{"ip":"::1","method":"GET","url":"/api/v1/cart"},"service":"purely-ceylon-backend-ecosystem","timestamp":"2026-07-15 09:50:19"}
{"level":"info","message":{"ip":"::1","method":"GET","url":"/api/v1/wishlist"},"service":"purely-ceylon-backend-ecosystem","timestamp":"2026-07-15 09:50:20"}
{"level":"info","message":{"ip":"::1","method":"GET","url":"/api/v1/profile/me"},"service":"purely-ceylon-backend-ecosystem","timestamp":"2026-07-15 09:50:20"}
{"level":"info","message":{"ip":"::1","method":"GET","url":"//uploads/profile/1784088881289-152257235.png"},"service":"purely-ceylon-backend-ecosystem","timestamp":"2026-07-15 09:50:20"}
{"level":"info","message":{"ip":"::1","method":"GET","url":"/api/v1/profile/me"},"service":"purely-ceylon-backend-ecosystem","timestamp":"2026-07-15 09:50:20"}
{"level":"info","message":{"ip":"::1","method":"OPTIONS","url":"/api/v1/profile/upload-photo"},"service":"purely-ceylon-backend-ecosystem","timestamp":"2026-07-15 09:50:35"}
{"level":"info","message":{"ip":"::1","method":"POST","url":"/api/v1/profile/upload-photo"},"service":"purely-ceylon-backend-ecosystem","timestamp":"2026-07-15 09:50:35"}
{"level":"info","message":{"ip":"::1","method":"GET","url":"//uploads/profile/1784089235427-807036197.png?t=1784089235476"},"service":"purely-ceylon-backend-ecosystem","timestamp":"2026-07-15 09:50:35"}
{"level":"info","message":{"ip":"::1","method":"GET","url":"//uploads/profile/1784089235427-807036197.png"},"service":"purely-ceylon-backend-ecosystem","timestamp":"2026-07-15 09:50:35"}
{"level":"info","message":{"ip":"::1","method":"GET","url":"/uploads/profile/1784089235427-807036197.png"},"service":"purely-ceylon-backend-ecosystem","timestamp":"2026-07-15 09:50:56"}
{"level":"info","message":{"ip":"::1","method":"OPTIONS","url":"/api/v1/address"},"service":"purely-ceylon-backend-ecosystem","timestamp":"2026-07-15 09:54:00"}
{"level":"info","message":{"ip":"::1","method":"OPTIONS","url":"/api/v1/wishlist"},"service":"purely-ceylon-backend-ecosystem","timestamp":"2026-07-15 09:54:00"}
{"level":"info","message":{"ip":"::1","method":"OPTIONS","url":"/api/v1/cart"},"service":"purely-ceylon-backend-ecosystem","timestamp":"2026-07-15 09:54:00"}
{"level":"info","message":{"ip":"::1","method":"OPTIONS","url":"/api/v1/address"},"service":"purely-ceylon-backend-ecosystem","timestamp":"2026-07-15 09:54:00"}
{"level":"info","message":{"ip":"::1","method":"OPTIONS","url":"/api/v1/wishlist"},"service":"purely-ceylon-backend-ecosystem","timestamp":"2026-07-15 09:54:00"}
{"level":"info","message":{"ip":"::1","method":"OPTIONS","url":"/api/v1/cart"},"service":"purely-ceylon-backend-ecosystem","timestamp":"2026-07-15 09:54:00"}
{"level":"info","message":{"ip":"::1","method":"GET","url":"/api/v1/wishlist"},"service":"purely-ceylon-backend-ecosystem","timestamp":"2026-07-15 09:54:00"}
{"level":"info","message":{"ip":"::1","method":"GET","url":"/api/v1/cart"},"service":"purely-ceylon-backend-ecosystem","timestamp":"2026-07-15 09:54:00"}
{"level":"info","message":{"ip":"::1","method":"GET","url":"/api/v1/address"},"service":"purely-ceylon-backend-ecosystem","timestamp":"2026-07-15 09:54:00"}
{"level":"info","message":{"ip":"::1","method":"GET","url":"/api/v1/wishlist"},"service":"purely-ceylon-backend-ecosystem","timestamp":"2026-07-15 09:54:01"}
{"level":"info","message":{"ip":"::1","method":"GET","url":"/api/v1/cart"},"service":"purely-ceylon-backend-ecosystem","timestamp":"2026-07-15 09:54:01"}
{"level":"info","message":{"ip":"::1","method":"GET","url":"/api/v1/address"},"service":"purely-ceylon-backend-ecosystem","timestamp":"2026-07-15 09:54:01"}
{"level":"info","message":{"ip":"::1","method":"OPTIONS","url":"/api/v1/profile/me"},"service":"purely-ceylon-backend-ecosystem","timestamp":"2026-07-15 09:54:03"}
{"level":"info","message":{"ip":"::1","method":"OPTIONS","url":"/api/v1/profile/me"},"service":"purely-ceylon-backend-ecosystem","timestamp":"2026-07-15 09:54:03"}
{"level":"info","message":{"ip":"::1","method":"OPTIONS","url":"/api/v1/profile/me"},"service":"purely-ceylon-backend-ecosystem","timestamp":"2026-07-15 09:54:03"}
{"level":"info","message":{"ip":"::1","method":"OPTIONS","url":"/api/v1/profile/me"},"service":"purely-ceylon-backend-ecosystem","timestamp":"2026-07-15 09:54:03"}
{"level":"info","message":{"ip":"::1","method":"GET","url":"/api/v1/cart"},"service":"purely-ceylon-backend-ecosystem","timestamp":"2026-07-15 09:54:04"}
{"level":"info","message":{"ip":"::1","method":"GET","url":"/api/v1/wishlist"},"service":"purely-ceylon-backend-ecosystem","timestamp":"2026-07-15 09:54:04"}
{"level":"info","message":{"ip":"::1","method":"GET","url":"/api/v1/profile/me"},"service":"purely-ceylon-backend-ecosystem","timestamp":"2026-07-15 09:54:04"}
{"level":"info","message":{"ip":"::1","method":"GET","url":"/api/v1/cart"},"service":"purely-ceylon-backend-ecosystem","timestamp":"2026-07-15 09:54:04"}
{"level":"info","message":{"ip":"::1","method":"GET","url":"/api/v1/wishlist"},"service":"purely-ceylon-backend-ecosystem","timestamp":"2026-07-15 09:54:04"}
{"level":"info","message":{"ip":"::1","method":"GET","url":"/api/v1/profile/me"},"service":"purely-ceylon-backend-ecosystem","timestamp":"2026-07-15 09:54:04"}
{"level":"info","message":{"ip":"::1","method":"GET","url":"/api/v1/profile/me"},"service":"purely-ceylon-backend-ecosystem","timestamp":"2026-07-15 09:54:05"}
{"level":"info","message":{"ip":"::1","method":"GET","url":"/uploads/profile/1784089235427-807036197.png"},"service":"purely-ceylon-backend-ecosystem","timestamp":"2026-07-15 09:54:05"}
{"level":"info","message":{"ip":"::1","method":"GET","url":"/api/v1/profile/me"},"service":"purely-ceylon-backend-ecosystem","timestamp":"2026-07-15 09:54:05"}
{"level":"info","message":{"ip":"::1","method":"OPTIONS","url":"/api/v1/wishlist"},"service":"purely-ceylon-backend-ecosystem","timestamp":"2026-07-15 09:54:09"}
{"level":"info","message":{"ip":"::1","method":"OPTIONS","url":"/api/v1/wishlist"},"service":"purely-ceylon-backend-ecosystem","timestamp":"2026-07-15 09:54:09"}
{"level":"info","message":{"ip":"::1","method":"GET","url":"/api/v1/wishlist"},"service":"purely-ceylon-backend-ecosystem","timestamp":"2026-07-15 09:54:09"}
{"level":"info","message":{"ip":"::1","method":"GET","url":"/api/v1/wishlist"},"service":"purely-ceylon-backend-ecosystem","timestamp":"2026-07-15 09:54:09"}
{"level":"info","message":{"ip":"::1","method":"GET","url":"/api/v1/wishlist"},"service":"purely-ceylon-backend-ecosystem","timestamp":"2026-07-15 09:54:09"}
{"level":"info","message":{"ip":"::1","method":"GET","url":"/api/v1/wishlist"},"service":"purely-ceylon-backend-ecosystem","timestamp":"2026-07-15 09:54:09"}
{"level":"info","message":{"ip":"::1","method":"OPTIONS","url":"/api/v1/profile/me"},"service":"purely-ceylon-backend-ecosystem","timestamp":"2026-07-15 09:54:10"}
{"level":"info","message":{"ip":"::1","method":"OPTIONS","url":"/api/v1/profile/me"},"service":"purely-ceylon-backend-ecosystem","timestamp":"2026-07-15 09:54:11"}
{"level":"info","message":{"ip":"::1","method":"GET","url":"/api/v1/profile/me"},"service":"purely-ceylon-backend-ecosystem","timestamp":"2026-07-15 09:54:11"}
{"level":"info","message":{"ip":"::1","method":"GET","url":"/api/v1/profile/me"},"service":"purely-ceylon-backend-ecosystem","timestamp":"2026-07-15 09:54:11"}
{"level":"info","message":{"ip":"::1","method":"OPTIONS","url":"/api/v1/cart"},"service":"purely-ceylon-backend-ecosystem","timestamp":"2026-07-15 09:54:13"}
{"level":"info","message":{"ip":"::1","method":"OPTIONS","url":"/api/v1/cart"},"service":"purely-ceylon-backend-ecosystem","timestamp":"2026-07-15 09:54:13"}
{"level":"info","message":{"ip":"::1","method":"GET","url":"/api/v1/cart"},"service":"purely-ceylon-backend-ecosystem","timestamp":"2026-07-15 09:54:13"}
{"level":"info","message":{"ip":"::1","method":"GET","url":"/api/v1/cart"},"service":"purely-ceylon-backend-ecosystem","timestamp":"2026-07-15 09:54:13"}
{"level":"info","message":{"ip":"::1","method":"GET","url":"/api/v1/cart"},"service":"purely-ceylon-backend-ecosystem","timestamp":"2026-07-15 09:54:13"}
{"level":"info","message":{"ip":"::1","method":"GET","url":"/api/v1/cart"},"service":"purely-ceylon-backend-ecosystem","timestamp":"2026-07-15 09:54:13"}
{"level":"info","message":{"ip":"::1","method":"GET","url":"/api/v1/profile/me"},"service":"purely-ceylon-backend-ecosystem","timestamp":"2026-07-15 09:54:14"}
{"level":"info","message":{"ip":"::1","method":"GET","url":"/api/v1/profile/me"},"service":"purely-ceylon-backend-ecosystem","timestamp":"2026-07-15 09:54:14"}
{"level":"info","message":{"ip":"::1","method":"OPTIONS","url":"/api/v1/address"},"service":"purely-ceylon-backend-ecosystem","timestamp":"2026-07-15 09:54:18"}
{"level":"info","message":{"ip":"::1","method":"OPTIONS","url":"/api/v1/address"},"service":"purely-ceylon-backend-ecosystem","timestamp":"2026-07-15 09:54:18"}
{"level":"info","message":{"ip":"::1","method":"GET","url":"/api/v1/address"},"service":"purely-ceylon-backend-ecosystem","timestamp":"2026-07-15 09:54:18"}
{"level":"info","message":{"ip":"::1","method":"GET","url":"/api/v1/address"},"service":"purely-ceylon-backend-ecosystem","timestamp":"2026-07-15 09:54:18"}
{"level":"info","message":{"ip":"::1","method":"OPTIONS","url":"/api/v1/profile/me"},"service":"purely-ceylon-backend-ecosystem","timestamp":"2026-07-15 09:54:20"}
{"level":"info","message":{"ip":"::1","method":"OPTIONS","url":"/api/v1/profile/me"},"service":"purely-ceylon-backend-ecosystem","timestamp":"2026-07-15 09:54:20"}
{"level":"info","message":{"ip":"::1","method":"GET","url":"/api/v1/profile/me"},"service":"purely-ceylon-backend-ecosystem","timestamp":"2026-07-15 09:54:20"}
{"level":"info","message":{"ip":"::1","method":"GET","url":"/api/v1/profile/me"},"service":"purely-ceylon-backend-ecosystem","timestamp":"2026-07-15 09:54:20"}
{"level":"info","message":{"ip":"::1","method":"OPTIONS","url":"/api/v1/cart"},"service":"purely-ceylon-backend-ecosystem","timestamp":"2026-07-15 09:54:24"}
{"level":"info","message":{"ip":"::1","method":"OPTIONS","url":"/api/v1/wishlist"},"service":"purely-ceylon-backend-ecosystem","timestamp":"2026-07-15 09:54:24"}
{"level":"info","message":{"ip":"::1","method":"OPTIONS","url":"/api/v1/cart"},"service":"purely-ceylon-backend-ecosystem","timestamp":"2026-07-15 09:54:24"}
{"level":"info","message":{"ip":"::1","method":"OPTIONS","url":"/api/v1/wishlist"},"service":"purely-ceylon-backend-ecosystem","timestamp":"2026-07-15 09:54:24"}
{"level":"info","message":{"ip":"::1","method":"GET","url":"/api/v1/profile/me"},"service":"purely-ceylon-backend-ecosystem","timestamp":"2026-07-15 09:54:24"}
{"level":"info","message":{"ip":"::1","method":"GET","url":"/api/v1/cart"},"service":"purely-ceylon-backend-ecosystem","timestamp":"2026-07-15 09:54:24"}
{"level":"info","message":{"ip":"::1","method":"GET","url":"/api/v1/wishlist"},"service":"purely-ceylon-backend-ecosystem","timestamp":"2026-07-15 09:54:25"}
{"level":"info","message":{"ip":"::1","method":"GET","url":"/api/v1/profile/me"},"service":"purely-ceylon-backend-ecosystem","timestamp":"2026-07-15 09:54:25"}
{"level":"info","message":{"ip":"::1","method":"GET","url":"/api/v1/cart"},"service":"purely-ceylon-backend-ecosystem","timestamp":"2026-07-15 09:54:25"}
{"level":"info","message":{"ip":"::1","method":"GET","url":"/api/v1/wishlist"},"service":"purely-ceylon-backend-ecosystem","timestamp":"2026-07-15 09:54:25"}
{"level":"info","message":{"ip":"::1","method":"GET","url":"/api/v1/profile/me"},"service":"purely-ceylon-backend-ecosystem","timestamp":"2026-07-15 09:54:25"}
{"level":"info","message":{"ip":"::1","method":"GET","url":"/api/v1/profile/me"},"service":"purely-ceylon-backend-ecosystem","timestamp":"2026-07-15 09:54:25"}
{"level":"info","message":{"ip":"::1","method":"OPTIONS","url":"/api/v1/profile/me"},"service":"purely-ceylon-backend-ecosystem","timestamp":"2026-07-15 09:54:46"}
{"level":"info","message":{"ip":"::1","method":"OPTIONS","url":"/api/v1/profile/me"},"service":"purely-ceylon-backend-ecosystem","timestamp":"2026-07-15 09:54:46"}
{"level":"info","message":{"ip":"::1","method":"OPTIONS","url":"/api/v1/profile/me"},"service":"purely-ceylon-backend-ecosystem","timestamp":"2026-07-15 09:54:46"}
{"level":"info","message":{"ip":"::1","method":"OPTIONS","url":"/api/v1/profile/me"},"service":"purely-ceylon-backend-ecosystem","timestamp":"2026-07-15 09:54:46"}
{"level":"info","message":{"ip":"::1","method":"OPTIONS","url":"/api/v1/cart"},"service":"purely-ceylon-backend-ecosystem","timestamp":"2026-07-15 09:54:46"}
{"level":"info","message":{"ip":"::1","method":"OPTIONS","url":"/api/v1/wishlist"},"service":"purely-ceylon-backend-ecosystem","timestamp":"2026-07-15 09:54:46"}
{"level":"info","message":{"ip":"::1","method":"OPTIONS","url":"/api/v1/cart"},"service":"purely-ceylon-backend-ecosystem","timestamp":"2026-07-15 09:54:46"}
{"level":"info","message":{"ip":"::1","method":"OPTIONS","url":"/api/v1/wishlist"},"service":"purely-ceylon-backend-ecosystem","timestamp":"2026-07-15 09:54:46"}
{"level":"info","message":{"ip":"::1","method":"GET","url":"/api/v1/profile/me"},"service":"purely-ceylon-backend-ecosystem","timestamp":"2026-07-15 09:54:46"}
{"level":"info","message":{"ip":"::1","method":"GET","url":"/api/v1/cart"},"service":"purely-ceylon-backend-ecosystem","timestamp":"2026-07-15 09:54:46"}
{"level":"info","message":{"ip":"::1","method":"GET","url":"/api/v1/wishlist"},"service":"purely-ceylon-backend-ecosystem","timestamp":"2026-07-15 09:54:46"}
{"level":"info","message":{"ip":"::1","method":"GET","url":"/api/v1/profile/me"},"service":"purely-ceylon-backend-ecosystem","timestamp":"2026-07-15 09:54:46"}
{"level":"info","message":{"ip":"::1","method":"GET","url":"/api/v1/cart"},"service":"purely-ceylon-backend-ecosystem","timestamp":"2026-07-15 09:54:46"}
{"level":"info","message":{"ip":"::1","method":"GET","url":"/api/v1/wishlist"},"service":"purely-ceylon-backend-ecosystem","timestamp":"2026-07-15 09:54:47"}
{"level":"info","message":{"ip":"::1","method":"GET","url":"/api/v1/profile/me"},"service":"purely-ceylon-backend-ecosystem","timestamp":"2026-07-15 09:54:47"}
{"level":"info","message":{"ip":"::1","method":"GET","url":"/api/v1/profile/me"},"service":"purely-ceylon-backend-ecosystem","timestamp":"2026-07-15 09:54:47"}
{"level":"info","message":"📧 Processing Email Queue","service":"purely-ceylon-backend-ecosystem","timestamp":"2026-07-15 09:55:00"}
{"level":"info","message":{"ip":"::1","method":"OPTIONS","url":"/api/v1/profile/me"},"service":"purely-ceylon-backend-ecosystem","timestamp":"2026-07-15 09:55:10"}
{"level":"info","message":{"ip":"::1","method":"OPTIONS","url":"/api/v1/profile/me"},"service":"purely-ceylon-backend-ecosystem","timestamp":"2026-07-15 09:55:10"}
{"level":"info","message":{"ip":"::1","method":"OPTIONS","url":"/api/v1/profile/me"},"service":"purely-ceylon-backend-ecosystem","timestamp":"2026-07-15 09:55:10"}
{"level":"info","message":{"ip":"::1","method":"OPTIONS","url":"/api/v1/profile/me"},"service":"purely-ceylon-backend-ecosystem","timestamp":"2026-07-15 09:55:10"}
{"level":"info","message":{"ip":"::1","method":"OPTIONS","url":"/api/v1/cart"},"service":"purely-ceylon-backend-ecosystem","timestamp":"2026-07-15 09:55:10"}
{"level":"info","message":{"ip":"::1","method":"OPTIONS","url":"/api/v1/wishlist"},"service":"purely-ceylon-backend-ecosystem","timestamp":"2026-07-15 09:55:10"}
{"level":"info","message":{"ip":"::1","method":"OPTIONS","url":"/api/v1/wishlist"},"service":"purely-ceylon-backend-ecosystem","timestamp":"2026-07-15 09:55:10"}
{"level":"info","message":{"ip":"::1","method":"OPTIONS","url":"/api/v1/cart"},"service":"purely-ceylon-backend-ecosystem","timestamp":"2026-07-15 09:55:10"}
{"level":"info","message":{"ip":"::1","method":"GET","url":"/api/v1/profile/me"},"service":"purely-ceylon-backend-ecosystem","timestamp":"2026-07-15 09:55:10"}
{"level":"info","message":{"ip":"::1","method":"GET","url":"/api/v1/cart"},"service":"purely-ceylon-backend-ecosystem","timestamp":"2026-07-15 09:55:10"}
{"level":"info","message":{"ip":"::1","method":"GET","url":"/api/v1/wishlist"},"service":"purely-ceylon-backend-ecosystem","timestamp":"2026-07-15 09:55:10"}
{"level":"info","message":{"ip":"::1","method":"GET","url":"/api/v1/profile/me"},"service":"purely-ceylon-backend-ecosystem","timestamp":"2026-07-15 09:55:10"}
{"level":"info","message":{"ip":"::1","method":"GET","url":"/api/v1/cart"},"service":"purely-ceylon-backend-ecosystem","timestamp":"2026-07-15 09:55:10"}
{"level":"info","message":{"ip":"::1","method":"GET","url":"/api/v1/wishlist"},"service":"purely-ceylon-backend-ecosystem","timestamp":"2026-07-15 09:55:10"}
{"level":"info","message":{"ip":"::1","method":"GET","url":"/api/v1/profile/me"},"service":"purely-ceylon-backend-ecosystem","timestamp":"2026-07-15 09:55:10"}
{"level":"info","message":{"ip":"::1","method":"GET","url":"/api/v1/profile/me"},"service":"purely-ceylon-backend-ecosystem","timestamp":"2026-07-15 09:55:11"}
{"level":"info","message":{"ip":"::1","method":"GET","url":"/api/v1/profile/me"},"service":"purely-ceylon-backend-ecosystem","timestamp":"2026-07-15 09:55:14"}
{"level":"info","message":{"ip":"::1","method":"GET","url":"/api/v1/cart"},"service":"purely-ceylon-backend-ecosystem","timestamp":"2026-07-15 09:55:14"}
{"level":"info","message":{"ip":"::1","method":"GET","url":"/api/v1/wishlist"},"service":"purely-ceylon-backend-ecosystem","timestamp":"2026-07-15 09:55:14"}
{"level":"info","message":{"ip":"::1","method":"GET","url":"/api/v1/profile/me"},"service":"purely-ceylon-backend-ecosystem","timestamp":"2026-07-15 09:55:15"}
{"level":"info","message":{"ip":"::1","method":"GET","url":"/api/v1/cart"},"service":"purely-ceylon-backend-ecosystem","timestamp":"2026-07-15 09:55:15"}
{"level":"info","message":{"ip":"::1","method":"GET","url":"/api/v1/wishlist"},"service":"purely-ceylon-backend-ecosystem","timestamp":"2026-07-15 09:55:15"}
{"level":"info","message":{"ip":"::1","method":"GET","url":"/api/v1/profile/me"},"service":"purely-ceylon-backend-ecosystem","timestamp":"2026-07-15 09:55:15"}
{"level":"info","message":{"ip":"::1","method":"GET","url":"/api/v1/profile/me"},"service":"purely-ceylon-backend-ecosystem","timestamp":"2026-07-15 09:55:15"}
{"level":"info","message":{"ip":"::1","method":"OPTIONS","url":"/api/v1/profile/me"},"service":"purely-ceylon-backend-ecosystem","timestamp":"2026-07-15 09:57:46"}
{"level":"info","message":{"ip":"::1","method":"OPTIONS","url":"/api/v1/profile/me"},"service":"purely-ceylon-backend-ecosystem","timestamp":"2026-07-15 09:57:46"}
{"level":"info","message":{"ip":"::1","method":"OPTIONS","url":"/api/v1/profile/me"},"service":"purely-ceylon-backend-ecosystem","timestamp":"2026-07-15 09:57:46"}
{"level":"info","message":{"ip":"::1","method":"OPTIONS","url":"/api/v1/profile/me"},"service":"purely-ceylon-backend-ecosystem","timestamp":"2026-07-15 09:57:46"}
{"level":"info","message":{"ip":"::1","method":"OPTIONS","url":"/api/v1/cart"},"service":"purely-ceylon-backend-ecosystem","timestamp":"2026-07-15 09:57:46"}
{"level":"info","message":{"ip":"::1","method":"OPTIONS","url":"/api/v1/wishlist"},"service":"purely-ceylon-backend-ecosystem","timestamp":"2026-07-15 09:57:46"}
{"level":"info","message":{"ip":"::1","method":"OPTIONS","url":"/api/v1/cart"},"service":"purely-ceylon-backend-ecosystem","timestamp":"2026-07-15 09:57:46"}
{"level":"info","message":{"ip":"::1","method":"OPTIONS","url":"/api/v1/wishlist"},"service":"purely-ceylon-backend-ecosystem","timestamp":"2026-07-15 09:57:47"}
{"level":"info","message":{"ip":"::1","method":"GET","url":"/api/v1/profile/me"},"service":"purely-ceylon-backend-ecosystem","timestamp":"2026-07-15 09:57:47"}
{"level":"info","message":{"ip":"::1","method":"GET","url":"/api/v1/cart"},"service":"purely-ceylon-backend-ecosystem","timestamp":"2026-07-15 09:57:47"}
{"level":"info","message":{"ip":"::1","method":"GET","url":"/api/v1/wishlist"},"service":"purely-ceylon-backend-ecosystem","timestamp":"2026-07-15 09:57:47"}
{"level":"info","message":{"ip":"::1","method":"GET","url":"/api/v1/profile/me"},"service":"purely-ceylon-backend-ecosystem","timestamp":"2026-07-15 09:57:47"}
{"level":"info","message":{"ip":"::1","method":"GET","url":"/api/v1/cart"},"service":"purely-ceylon-backend-ecosystem","timestamp":"2026-07-15 09:57:48"}
{"level":"info","message":{"ip":"::1","method":"GET","url":"/api/v1/wishlist"},"service":"purely-ceylon-backend-ecosystem","timestamp":"2026-07-15 09:57:48"}
{"level":"info","message":{"ip":"::1","method":"GET","url":"/api/v1/profile/me"},"service":"purely-ceylon-backend-ecosystem","timestamp":"2026-07-15 09:57:48"}
{"level":"info","message":{"ip":"::1","method":"GET","url":"/api/v1/profile/me"},"service":"purely-ceylon-backend-ecosystem","timestamp":"2026-07-15 09:57:49"}
{"level":"info","message":{"ip":"::1","method":"OPTIONS","url":"/api/v1/profile/me"},"service":"purely-ceylon-backend-ecosystem","timestamp":"2026-07-15 09:57:51"}
{"level":"info","message":{"ip":"::1","method":"GET","url":"/api/v1/profile/me"},"service":"purely-ceylon-backend-ecosystem","timestamp":"2026-07-15 09:57:51"}
{"level":"info","message":{"ip":"::1","method":"GET","url":"/api/v1/cart"},"service":"purely-ceylon-backend-ecosystem","timestamp":"2026-07-15 09:57:51"}
{"level":"info","message":{"ip":"::1","method":"GET","url":"/api/v1/wishlist"},"service":"purely-ceylon-backend-ecosystem","timestamp":"2026-07-15 09:57:52"}
{"level":"info","message":{"ip":"::1","method":"GET","url":"/api/v1/profile/me"},"service":"purely-ceylon-backend-ecosystem","timestamp":"2026-07-15 09:57:52"}
{"level":"info","message":{"ip":"::1","method":"GET","url":"/api/v1/cart"},"service":"purely-ceylon-backend-ecosystem","timestamp":"2026-07-15 09:57:52"}
{"level":"info","message":{"ip":"::1","method":"GET","url":"/api/v1/wishlist"},"service":"purely-ceylon-backend-ecosystem","timestamp":"2026-07-15 09:57:52"}
{"level":"info","message":{"ip":"::1","method":"GET","url":"/api/v1/profile/me"},"service":"purely-ceylon-backend-ecosystem","timestamp":"2026-07-15 09:57:52"}
{"level":"info","message":{"ip":"::1","method":"GET","url":"/api/v1/profile/me"},"service":"purely-ceylon-backend-ecosystem","timestamp":"2026-07-15 09:57:52"}
{"level":"info","message":{"ip":"::1","method":"OPTIONS","url":"/api/v1/profile/me"},"service":"purely-ceylon-backend-ecosystem","timestamp":"2026-07-15 09:59:41"}
{"level":"info","message":{"ip":"::1","method":"OPTIONS","url":"/api/v1/profile/me"},"service":"purely-ceylon-backend-ecosystem","timestamp":"2026-07-15 09:59:41"}
{"level":"info","message":{"ip":"::1","method":"OPTIONS","url":"/api/v1/profile/me"},"service":"purely-ceylon-backend-ecosystem","timestamp":"2026-07-15 09:59:41"}
{"level":"info","message":{"ip":"::1","method":"OPTIONS","url":"/api/v1/profile/me"},"service":"purely-ceylon-backend-ecosystem","timestamp":"2026-07-15 09:59:41"}
{"level":"info","message":{"ip":"::1","method":"OPTIONS","url":"/api/v1/cart"},"service":"purely-ceylon-backend-ecosystem","timestamp":"2026-07-15 09:59:41"}
{"level":"info","message":{"ip":"::1","method":"OPTIONS","url":"/api/v1/wishlist"},"service":"purely-ceylon-backend-ecosystem","timestamp":"2026-07-15 09:59:41"}
{"level":"info","message":{"ip":"::1","method":"OPTIONS","url":"/api/v1/cart"},"service":"purely-ceylon-backend-ecosystem","timestamp":"2026-07-15 09:59:41"}
{"level":"info","message":{"ip":"::1","method":"GET","url":"/api/v1/profile/me"},"service":"purely-ceylon-backend-ecosystem","timestamp":"2026-07-15 09:59:41"}
{"level":"info","message":{"ip":"::1","method":"OPTIONS","url":"/api/v1/wishlist"},"service":"purely-ceylon-backend-ecosystem","timestamp":"2026-07-15 09:59:41"}
{"level":"info","message":{"ip":"::1","method":"GET","url":"/api/v1/cart"},"service":"purely-ceylon-backend-ecosystem","timestamp":"2026-07-15 09:59:41"}
{"level":"info","message":{"ip":"::1","method":"GET","url":"/api/v1/wishlist"},"service":"purely-ceylon-backend-ecosystem","timestamp":"2026-07-15 09:59:41"}
{"level":"info","message":{"ip":"::1","method":"GET","url":"/api/v1/profile/me"},"service":"purely-ceylon-backend-ecosystem","timestamp":"2026-07-15 09:59:41"}
{"level":"info","message":{"ip":"::1","method":"GET","url":"/api/v1/cart"},"service":"purely-ceylon-backend-ecosystem","timestamp":"2026-07-15 09:59:41"}
{"level":"info","message":{"ip":"::1","method":"GET","url":"/api/v1/wishlist"},"service":"purely-ceylon-backend-ecosystem","timestamp":"2026-07-15 09:59:41"}
{"level":"info","message":{"ip":"::1","method":"GET","url":"/api/v1/profile/me"},"service":"purely-ceylon-backend-ecosystem","timestamp":"2026-07-15 09:59:41"}
{"level":"info","message":{"ip":"::1","method":"GET","url":"/api/v1/profile/me"},"service":"purely-ceylon-backend-ecosystem","timestamp":"2026-07-15 09:59:42"}
{"level":"info","message":{"ip":"::1","method":"OPTIONS","url":"/api/v1/profile/me"},"service":"purely-ceylon-backend-ecosystem","timestamp":"2026-07-15 09:59:51"}
{"level":"info","message":{"ip":"::1","method":"OPTIONS","url":"/api/v1/profile/me"},"service":"purely-ceylon-backend-ecosystem","timestamp":"2026-07-15 09:59:51"}
{"level":"info","message":{"ip":"::1","method":"OPTIONS","url":"/api/v1/profile/me"},"service":"purely-ceylon-backend-ecosystem","timestamp":"2026-07-15 09:59:51"}
{"level":"info","message":{"ip":"::1","method":"OPTIONS","url":"/api/v1/profile/me"},"service":"purely-ceylon-backend-ecosystem","timestamp":"2026-07-15 09:59:51"}
{"level":"info","message":{"ip":"::1","method":"OPTIONS","url":"/api/v1/cart"},"service":"purely-ceylon-backend-ecosystem","timestamp":"2026-07-15 09:59:51"}
{"level":"info","message":{"ip":"::1","method":"OPTIONS","url":"/api/v1/wishlist"},"service":"purely-ceylon-backend-ecosystem","timestamp":"2026-07-15 09:59:51"}
{"level":"info","message":{"ip":"::1","method":"OPTIONS","url":"/api/v1/wishlist"},"service":"purely-ceylon-backend-ecosystem","timestamp":"2026-07-15 09:59:51"}
{"level":"info","message":{"ip":"::1","method":"OPTIONS","url":"/api/v1/cart"},"service":"purely-ceylon-backend-ecosystem","timestamp":"2026-07-15 09:59:51"}
{"level":"info","message":{"ip":"::1","method":"GET","url":"/api/v1/profile/me"},"service":"purely-ceylon-backend-ecosystem","timestamp":"2026-07-15 09:59:51"}
{"level":"info","message":{"ip":"::1","method":"GET","url":"/api/v1/cart"},"service":"purely-ceylon-backend-ecosystem","timestamp":"2026-07-15 09:59:51"}
{"level":"info","message":{"ip":"::1","method":"GET","url":"/api/v1/wishlist"},"service":"purely-ceylon-backend-ecosystem","timestamp":"2026-07-15 09:59:52"}
{"level":"info","message":{"ip":"::1","method":"GET","url":"/api/v1/profile/me"},"service":"purely-ceylon-backend-ecosystem","timestamp":"2026-07-15 09:59:52"}
{"level":"info","message":{"ip":"::1","method":"GET","url":"/api/v1/cart"},"service":"purely-ceylon-backend-ecosystem","timestamp":"2026-07-15 09:59:52"}
{"level":"info","message":{"ip":"::1","method":"GET","url":"/api/v1/wishlist"},"service":"purely-ceylon-backend-ecosystem","timestamp":"2026-07-15 09:59:52"}
{"level":"info","message":{"ip":"::1","method":"GET","url":"/api/v1/profile/me"},"service":"purely-ceylon-backend-ecosystem","timestamp":"2026-07-15 09:59:52"}
{"level":"info","message":{"ip":"::1","method":"GET","url":"/api/v1/profile/me"},"service":"purely-ceylon-backend-ecosystem","timestamp":"2026-07-15 09:59:53"}
{"level":"info","message":"📧 Processing Email Queue","service":"purely-ceylon-backend-ecosystem","timestamp":"2026-07-15 10:00:00"}
{"level":"info","message":"📄 Checking Expired RFQs","service":"purely-ceylon-backend-ecosystem","timestamp":"2026-07-15 10:00:00"}
{"level":"info","message":{"ip":"::1","method":"OPTIONS","url":"/api/v1/profile/me"},"service":"purely-ceylon-backend-ecosystem","timestamp":"2026-07-15 10:00:04"}
{"level":"info","message":{"ip":"::1","method":"OPTIONS","url":"/api/v1/profile/me"},"service":"purely-ceylon-backend-ecosystem","timestamp":"2026-07-15 10:00:04"}
{"level":"info","message":{"ip":"::1","method":"OPTIONS","url":"/api/v1/profile/me"},"service":"purely-ceylon-backend-ecosystem","timestamp":"2026-07-15 10:00:04"}
{"level":"info","message":{"ip":"::1","method":"OPTIONS","url":"/api/v1/profile/me"},"service":"purely-ceylon-backend-ecosystem","timestamp":"2026-07-15 10:00:04"}
{"level":"info","message":{"ip":"::1","method":"OPTIONS","url":"/api/v1/cart"},"service":"purely-ceylon-backend-ecosystem","timestamp":"2026-07-15 10:00:04"}
{"level":"info","message":{"ip":"::1","method":"OPTIONS","url":"/api/v1/wishlist"},"service":"purely-ceylon-backend-ecosystem","timestamp":"2026-07-15 10:00:04"}
{"level":"info","message":{"ip":"::1","method":"OPTIONS","url":"/api/v1/cart"},"service":"purely-ceylon-backend-ecosystem","timestamp":"2026-07-15 10:00:04"}
{"level":"info","message":{"ip":"::1","method":"OPTIONS","url":"/api/v1/wishlist"},"service":"purely-ceylon-backend-ecosystem","timestamp":"2026-07-15 10:00:04"}
{"level":"info","message":{"ip":"::1","method":"GET","url":"/api/v1/profile/me"},"service":"purely-ceylon-backend-ecosystem","timestamp":"2026-07-15 10:00:04"}
{"level":"info","message":{"ip":"::1","method":"GET","url":"/api/v1/cart"},"service":"purely-ceylon-backend-ecosystem","timestamp":"2026-07-15 10:00:04"}
{"level":"info","message":{"ip":"::1","method":"GET","url":"/api/v1/wishlist"},"service":"purely-ceylon-backend-ecosystem","timestamp":"2026-07-15 10:00:04"}
{"level":"info","message":{"ip":"::1","method":"GET","url":"/api/v1/profile/me"},"service":"purely-ceylon-backend-ecosystem","timestamp":"2026-07-15 10:00:04"}
{"level":"info","message":{"ip":"::1","method":"GET","url":"/api/v1/cart"},"service":"purely-ceylon-backend-ecosystem","timestamp":"2026-07-15 10:00:04"}
{"level":"info","message":{"ip":"::1","method":"GET","url":"/api/v1/wishlist"},"service":"purely-ceylon-backend-ecosystem","timestamp":"2026-07-15 10:00:04"}
{"level":"info","message":{"ip":"::1","method":"GET","url":"/api/v1/profile/me"},"service":"purely-ceylon-backend-ecosystem","timestamp":"2026-07-15 10:00:04"}
{"level":"info","message":{"ip":"::1","method":"GET","url":"/api/v1/profile/me"},"service":"purely-ceylon-backend-ecosystem","timestamp":"2026-07-15 10:00:04"}
{"level":"info","message":{"ip":"::1","method":"OPTIONS","url":"/api/v1/address"},"service":"purely-ceylon-backend-ecosystem","timestamp":"2026-07-15 10:02:06"}
{"level":"info","message":{"ip":"::1","method":"OPTIONS","url":"/api/v1/wishlist"},"service":"purely-ceylon-backend-ecosystem","timestamp":"2026-07-15 10:02:06"}
{"level":"info","message":{"ip":"::1","method":"OPTIONS","url":"/api/v1/cart"},"service":"purely-ceylon-backend-ecosystem","timestamp":"2026-07-15 10:02:06"}
{"level":"info","message":{"ip":"::1","method":"OPTIONS","url":"/api/v1/address"},"service":"purely-ceylon-backend-ecosystem","timestamp":"2026-07-15 10:02:07"}
{"level":"info","message":{"ip":"::1","method":"OPTIONS","url":"/api/v1/wishlist"},"service":"purely-ceylon-backend-ecosystem","timestamp":"2026-07-15 10:02:07"}
{"level":"info","message":{"ip":"::1","method":"OPTIONS","url":"/api/v1/cart"},"service":"purely-ceylon-backend-ecosystem","timestamp":"2026-07-15 10:02:07"}
{"level":"info","message":{"ip":"::1","method":"GET","url":"/api/v1/address"},"service":"purely-ceylon-backend-ecosystem","timestamp":"2026-07-15 10:02:07"}
{"level":"info","message":{"ip":"::1","method":"GET","url":"/api/v1/wishlist"},"service":"purely-ceylon-backend-ecosystem","timestamp":"2026-07-15 10:02:08"}
{"level":"info","message":{"ip":"::1","method":"GET","url":"/api/v1/cart"},"service":"purely-ceylon-backend-ecosystem","timestamp":"2026-07-15 10:02:09"}
{"level":"info","message":{"ip":"::1","method":"GET","url":"/api/v1/wishlist"},"service":"purely-ceylon-backend-ecosystem","timestamp":"2026-07-15 10:02:10"}
{"level":"info","message":{"ip":"::1","method":"GET","url":"/api/v1/address"},"service":"purely-ceylon-backend-ecosystem","timestamp":"2026-07-15 10:02:10"}
{"level":"info","message":{"ip":"::1","method":"GET","url":"/api/v1/cart"},"service":"purely-ceylon-backend-ecosystem","timestamp":"2026-07-15 10:02:10"}
{"level":"info","message":"📧 Processing Email Queue","service":"purely-ceylon-backend-ecosystem","timestamp":"2026-07-15 10:05:00"}
{"level":"info","message":{"ip":"::1","method":"OPTIONS","url":"/api/v1/address"},"service":"purely-ceylon-backend-ecosystem","timestamp":"2026-07-15 10:06:28"}
{"level":"info","message":{"ip":"::1","method":"OPTIONS","url":"/api/v1/wishlist"},"service":"purely-ceylon-backend-ecosystem","timestamp":"2026-07-15 10:06:28"}
{"level":"info","message":{"ip":"::1","method":"OPTIONS","url":"/api/v1/cart"},"service":"purely-ceylon-backend-ecosystem","timestamp":"2026-07-15 10:06:28"}
{"level":"info","message":{"ip":"::1","method":"OPTIONS","url":"/api/v1/cart"},"service":"purely-ceylon-backend-ecosystem","timestamp":"2026-07-15 10:06:28"}
{"level":"info","message":{"ip":"::1","method":"GET","url":"/api/v1/address"},"service":"purely-ceylon-backend-ecosystem","timestamp":"2026-07-15 10:06:28"}
{"level":"info","message":{"ip":"::1","method":"GET","url":"/api/v1/wishlist"},"service":"purely-ceylon-backend-ecosystem","timestamp":"2026-07-15 10:06:28"}
{"level":"info","message":{"ip":"::1","method":"GET","url":"/api/v1/cart"},"service":"purely-ceylon-backend-ecosystem","timestamp":"2026-07-15 10:06:28"}
{"level":"info","message":{"ip":"::1","method":"GET","url":"/api/v1/address"},"service":"purely-ceylon-backend-ecosystem","timestamp":"2026-07-15 10:06:28"}
{"level":"info","message":{"ip":"::1","method":"GET","url":"/api/v1/wishlist"},"service":"purely-ceylon-backend-ecosystem","timestamp":"2026-07-15 10:06:29"}
{"level":"info","message":{"ip":"::1","method":"GET","url":"/api/v1/cart"},"service":"purely-ceylon-backend-ecosystem","timestamp":"2026-07-15 10:06:29"}
{"level":"info","message":{"ip":"::1","method":"OPTIONS","url":"/api/v1/address"},"service":"purely-ceylon-backend-ecosystem","timestamp":"2026-07-15 10:06:40"}
{"level":"info","message":{"ip":"::1","method":"OPTIONS","url":"/api/v1/wishlist"},"service":"purely-ceylon-backend-ecosystem","timestamp":"2026-07-15 10:06:40"}
{"level":"info","message":{"ip":"::1","method":"OPTIONS","url":"/api/v1/cart"},"service":"purely-ceylon-backend-ecosystem","timestamp":"2026-07-15 10:06:40"}
{"level":"info","message":{"ip":"::1","method":"OPTIONS","url":"/api/v1/address"},"service":"purely-ceylon-backend-ecosystem","timestamp":"2026-07-15 10:06:40"}
{"level":"info","message":{"ip":"::1","method":"OPTIONS","url":"/api/v1/wishlist"},"service":"purely-ceylon-backend-ecosystem","timestamp":"2026-07-15 10:06:40"}
{"level":"info","message":{"ip":"::1","method":"OPTIONS","url":"/api/v1/cart"},"service":"purely-ceylon-backend-ecosystem","timestamp":"2026-07-15 10:06:40"}
{"level":"info","message":{"ip":"::1","method":"GET","url":"/api/v1/address"},"service":"purely-ceylon-backend-ecosystem","timestamp":"2026-07-15 10:06:40"}
{"level":"info","message":{"ip":"::1","method":"GET","url":"/api/v1/wishlist"},"service":"purely-ceylon-backend-ecosystem","timestamp":"2026-07-15 10:06:41"}
{"level":"info","message":{"ip":"::1","method":"GET","url":"/api/v1/cart"},"service":"purely-ceylon-backend-ecosystem","timestamp":"2026-07-15 10:06:42"}
{"level":"info","message":{"ip":"::1","method":"GET","url":"/api/v1/address"},"service":"purely-ceylon-backend-ecosystem","timestamp":"2026-07-15 10:06:43"}
{"level":"info","message":{"ip":"::1","method":"GET","url":"/api/v1/wishlist"},"service":"purely-ceylon-backend-ecosystem","timestamp":"2026-07-15 10:06:43"}
{"level":"info","message":{"ip":"::1","method":"GET","url":"/api/v1/cart"},"service":"purely-ceylon-backend-ecosystem","timestamp":"2026-07-15 10:06:43"}
{"level":"info","message":{"ip":"::1","method":"OPTIONS","url":"/api/v1/profile/me"},"service":"purely-ceylon-backend-ecosystem","timestamp":"2026-07-15 10:06:43"}
{"level":"info","message":{"ip":"::1","method":"OPTIONS","url":"/api/v1/profile/me"},"service":"purely-ceylon-backend-ecosystem","timestamp":"2026-07-15 10:06:45"}
{"level":"info","message":{"ip":"::1","method":"OPTIONS","url":"/api/v1/profile/me"},"service":"purely-ceylon-backend-ecosystem","timestamp":"2026-07-15 10:06:45"}
{"level":"info","message":{"ip":"::1","method":"OPTIONS","url":"/api/v1/profile/me"},"service":"purely-ceylon-backend-ecosystem","timestamp":"2026-07-15 10:06:45"}
{"level":"info","message":{"ip":"::1","method":"GET","url":"/api/v1/cart"},"service":"purely-ceylon-backend-ecosystem","timestamp":"2026-07-15 10:06:45"}
{"level":"info","message":{"ip":"::1","method":"GET","url":"/api/v1/wishlist"},"service":"purely-ceylon-backend-ecosystem","timestamp":"2026-07-15 10:06:46"}
{"level":"info","message":{"ip":"::1","method":"GET","url":"/api/v1/profile/me"},"service":"purely-ceylon-backend-ecosystem","timestamp":"2026-07-15 10:06:46"}
{"level":"info","message":{"ip":"::1","method":"GET","url":"/api/v1/cart"},"service":"purely-ceylon-backend-ecosystem","timestamp":"2026-07-15 10:06:46"}
{"level":"info","message":{"ip":"::1","method":"GET","url":"/api/v1/wishlist"},"service":"purely-ceylon-backend-ecosystem","timestamp":"2026-07-15 10:06:47"}
{"level":"info","message":{"ip":"::1","method":"GET","url":"/api/v1/profile/me"},"service":"purely-ceylon-backend-ecosystem","timestamp":"2026-07-15 10:06:47"}
{"level":"info","message":{"ip":"::1","method":"GET","url":"/uploads/profile/1784089235427-807036197.png"},"service":"purely-ceylon-backend-ecosystem","timestamp":"2026-07-15 10:06:47"}
{"level":"info","message":{"ip":"::1","method":"GET","url":"/api/v1/profile/me"},"service":"purely-ceylon-backend-ecosystem","timestamp":"2026-07-15 10:06:47"}
{"level":"info","message":{"ip":"::1","method":"GET","url":"/api/v1/profile/me"},"service":"purely-ceylon-backend-ecosystem","timestamp":"2026-07-15 10:06:48"}
{"level":"info","message":{"ip":"::1","method":"OPTIONS","url":"/api/v1/payment-methods"},"service":"purely-ceylon-backend-ecosystem","timestamp":"2026-07-15 10:06:50"}
{"level":"info","message":{"ip":"::1","method":"OPTIONS","url":"/api/v1/payment-methods"},"service":"purely-ceylon-backend-ecosystem","timestamp":"2026-07-15 10:06:50"}
{"level":"info","message":{"ip":"::1","method":"GET","url":"/api/v1/payment-methods"},"service":"purely-ceylon-backend-ecosystem","timestamp":"2026-07-15 10:06:50"}
{"level":"info","message":{"ip":"::1","method":"GET","url":"/api/v1/payment-methods"},"service":"purely-ceylon-backend-ecosystem","timestamp":"2026-07-15 10:06:50"}
{"level":"info","message":{"ip":"::1","method":"OPTIONS","url":"/api/v1/profile/me"},"service":"purely-ceylon-backend-ecosystem","timestamp":"2026-07-15 10:06:57"}
{"level":"info","message":{"ip":"::1","method":"OPTIONS","url":"/api/v1/payment-methods"},"service":"purely-ceylon-backend-ecosystem","timestamp":"2026-07-15 10:06:58"}
{"level":"info","message":{"ip":"::1","method":"OPTIONS","url":"/api/v1/profile/me"},"service":"purely-ceylon-backend-ecosystem","timestamp":"2026-07-15 10:06:58"}
{"level":"info","message":{"ip":"::1","method":"OPTIONS","url":"/api/v1/payment-methods"},"service":"purely-ceylon-backend-ecosystem","timestamp":"2026-07-15 10:06:59"}
{"level":"info","message":{"ip":"::1","method":"OPTIONS","url":"/api/v1/cart"},"service":"purely-ceylon-backend-ecosystem","timestamp":"2026-07-15 10:06:59"}
{"level":"info","message":{"ip":"::1","method":"OPTIONS","url":"/api/v1/wishlist"},"service":"purely-ceylon-backend-ecosystem","timestamp":"2026-07-15 10:06:59"}
{"level":"info","message":{"ip":"::1","method":"OPTIONS","url":"/api/v1/address"},"service":"purely-ceylon-backend-ecosystem","timestamp":"2026-07-15 10:06:59"}
{"level":"info","message":{"ip":"::1","method":"OPTIONS","url":"/api/v1/wishlist"},"service":"purely-ceylon-backend-ecosystem","timestamp":"2026-07-15 10:06:59"}
{"level":"info","message":{"ip":"::1","method":"OPTIONS","url":"/api/v1/cart"},"service":"purely-ceylon-backend-ecosystem","timestamp":"2026-07-15 10:06:59"}
{"level":"info","message":{"ip":"::1","method":"OPTIONS","url":"/api/v1/cart"},"service":"purely-ceylon-backend-ecosystem","timestamp":"2026-07-15 10:06:59"}
{"level":"info","message":{"ip":"::1","method":"OPTIONS","url":"/api/v1/wishlist"},"service":"purely-ceylon-backend-ecosystem","timestamp":"2026-07-15 10:06:59"}
{"level":"info","message":{"ip":"::1","method":"OPTIONS","url":"/api/v1/address"},"service":"purely-ceylon-backend-ecosystem","timestamp":"2026-07-15 10:06:59"}
{"level":"info","message":{"ip":"::1","method":"OPTIONS","url":"/api/v1/wishlist"},"service":"purely-ceylon-backend-ecosystem","timestamp":"2026-07-15 10:06:59"}
{"level":"info","message":{"ip":"::1","method":"OPTIONS","url":"/api/v1/cart"},"service":"purely-ceylon-backend-ecosystem","timestamp":"2026-07-15 10:06:59"}
{"level":"info","message":{"ip":"::1","method":"GET","url":"/api/v1/profile/me"},"service":"purely-ceylon-backend-ecosystem","timestamp":"2026-07-15 10:06:59"}
{"level":"info","message":{"ip":"::1","method":"GET","url":"/api/v1/payment-methods"},"service":"purely-ceylon-backend-ecosystem","timestamp":"2026-07-15 10:07:00"}
{"level":"info","message":{"ip":"::1","method":"GET","url":"/api/v1/cart"},"service":"purely-ceylon-backend-ecosystem","timestamp":"2026-07-15 10:07:00"}
{"level":"info","message":{"ip":"::1","method":"GET","url":"/api/v1/wishlist"},"service":"purely-ceylon-backend-ecosystem","timestamp":"2026-07-15 10:07:00"}
{"level":"info","message":{"ip":"::1","method":"GET","url":"/api/v1/address"},"service":"purely-ceylon-backend-ecosystem","timestamp":"2026-07-15 10:07:00"}
{"level":"info","message":{"ip":"::1","method":"GET","url":"/api/v1/profile/me"},"service":"purely-ceylon-backend-ecosystem","timestamp":"2026-07-15 10:07:01"}
{"level":"info","message":{"ip":"::1","method":"GET","url":"/api/v1/payment-methods"},"service":"purely-ceylon-backend-ecosystem","timestamp":"2026-07-15 10:07:02"}
{"level":"info","message":{"ip":"::1","method":"GET","url":"/api/v1/cart"},"service":"purely-ceylon-backend-ecosystem","timestamp":"2026-07-15 10:07:02"}
{"level":"info","message":{"ip":"::1","method":"GET","url":"/api/v1/wishlist"},"service":"purely-ceylon-backend-ecosystem","timestamp":"2026-07-15 10:07:02"}
{"level":"info","message":{"ip":"::1","method":"GET","url":"/uploads/profile/1784089235427-807036197.png"},"service":"purely-ceylon-backend-ecosystem","timestamp":"2026-07-15 10:07:02"}
{"level":"info","message":{"ip":"::1","method":"GET","url":"/api/v1/address"},"service":"purely-ceylon-backend-ecosystem","timestamp":"2026-07-15 10:07:02"}
{"level":"info","message":{"ip":"::1","method":"GET","url":"/api/v1/cart"},"service":"purely-ceylon-backend-ecosystem","timestamp":"2026-07-15 10:07:03"}
{"level":"info","message":{"ip":"::1","method":"GET","url":"/api/v1/wishlist"},"service":"purely-ceylon-backend-ecosystem","timestamp":"2026-07-15 10:07:03"}
{"level":"info","message":{"ip":"::1","method":"GET","url":"/api/v1/cart"},"service":"purely-ceylon-backend-ecosystem","timestamp":"2026-07-15 10:07:03"}
{"level":"info","message":{"ip":"::1","method":"GET","url":"/api/v1/wishlist"},"service":"purely-ceylon-backend-ecosystem","timestamp":"2026-07-15 10:07:03"}
{"level":"info","message":{"ip":"::1","method":"OPTIONS","url":"/api/v1/payment-methods"},"service":"purely-ceylon-backend-ecosystem","timestamp":"2026-07-15 10:09:03"}
{"level":"info","message":{"ip":"::1","method":"GET","url":"/api/v1/payment-methods"},"service":"purely-ceylon-backend-ecosystem","timestamp":"2026-07-15 10:09:03"}
{"level":"info","message":"📧 Processing Email Queue","service":"purely-ceylon-backend-ecosystem","timestamp":"2026-07-15 10:10:00"}
{"level":"info","message":{"ip":"::1","method":"OPTIONS","url":"/api/v1/payment-methods"},"service":"purely-ceylon-backend-ecosystem","timestamp":"2026-07-15 10:14:18"}
{"level":"info","message":{"ip":"::1","method":"POST","url":"/api/v1/payment-methods"},"service":"purely-ceylon-backend-ecosystem","timestamp":"2026-07-15 10:14:18"}
{"level":"info","message":{"ip":"::1","method":"GET","url":"/api/v1/payment-methods"},"service":"purely-ceylon-backend-ecosystem","timestamp":"2026-07-15 10:14:19"}
{"level":"info","message":{"ip":"::1","method":"OPTIONS","url":"/api/v1/payment-methods/default/545b3615-5025-409e-83e2-0f32ac299cd8"},"service":"purely-ceylon-backend-ecosystem","timestamp":"2026-07-15 10:14:21"}
{"level":"info","message":{"ip":"::1","method":"PUT","url":"/api/v1/payment-methods/default/545b3615-5025-409e-83e2-0f32ac299cd8"},"service":"purely-ceylon-backend-ecosystem","timestamp":"2026-07-15 10:14:21"}
{"level":"info","message":{"ip":"::1","method":"GET","url":"/api/v1/payment-methods"},"service":"purely-ceylon-backend-ecosystem","timestamp":"2026-07-15 10:14:21"}
{"level":"info","message":"📧 Processing Email Queue","service":"purely-ceylon-backend-ecosystem","timestamp":"2026-07-15 10:15:00"}
{"level":"info","message":{"ip":"::1","method":"OPTIONS","url":"/api/v1/payment-methods/545b3615-5025-409e-83e2-0f32ac299cd8"},"service":"purely-ceylon-backend-ecosystem","timestamp":"2026-07-15 10:15:50"}
{"level":"info","message":{"ip":"::1","method":"DELETE","url":"/api/v1/payment-methods/545b3615-5025-409e-83e2-0f32ac299cd8"},"service":"purely-ceylon-backend-ecosystem","timestamp":"2026-07-15 10:15:50"}
{"level":"info","message":{"ip":"::1","method":"OPTIONS","url":"/api/v1/payment-methods"},"service":"purely-ceylon-backend-ecosystem","timestamp":"2026-07-15 10:15:51"}
{"level":"info","message":{"ip":"::1","method":"GET","url":"/api/v1/payment-methods"},"service":"purely-ceylon-backend-ecosystem","timestamp":"2026-07-15 10:15:51"}
{"level":"info","message":{"ip":"::1","method":"OPTIONS","url":"/api/v1/orders/my-orders"},"service":"purely-ceylon-backend-ecosystem","timestamp":"2026-07-15 10:15:56"}
{"level":"info","message":{"ip":"::1","method":"OPTIONS","url":"/api/v1/address"},"service":"purely-ceylon-backend-ecosystem","timestamp":"2026-07-15 10:15:56"}
{"level":"info","message":{"ip":"::1","method":"OPTIONS","url":"/api/v1/orders/my-orders"},"service":"purely-ceylon-backend-ecosystem","timestamp":"2026-07-15 10:15:56"}
{"level":"info","message":{"ip":"::1","method":"OPTIONS","url":"/api/v1/address"},"service":"purely-ceylon-backend-ecosystem","timestamp":"2026-07-15 10:15:56"}
{"level":"info","message":{"ip":"::1","method":"GET","url":"/api/v1/orders/my-orders"},"service":"purely-ceylon-backend-ecosystem","timestamp":"2026-07-15 10:15:56"}
{"level":"info","message":{"ip":"::1","method":"GET","url":"/api/v1/address"},"service":"purely-ceylon-backend-ecosystem","timestamp":"2026-07-15 10:15:56"}
{"level":"info","message":{"ip":"::1","method":"GET","url":"/api/v1/orders/my-orders"},"service":"purely-ceylon-backend-ecosystem","timestamp":"2026-07-15 10:15:56"}
{"level":"info","message":{"ip":"::1","method":"GET","url":"/api/v1/address"},"service":"purely-ceylon-backend-ecosystem","timestamp":"2026-07-15 10:15:57"}
{"level":"info","message":{"ip":"::1","method":"GET","url":"/api/v1/address"},"service":"purely-ceylon-backend-ecosystem","timestamp":"2026-07-15 10:15:57"}
{"level":"info","message":{"ip":"::1","method":"GET","url":"/api/v1/address"},"service":"purely-ceylon-backend-ecosystem","timestamp":"2026-07-15 10:15:58"}
{"level":"info","message":{"ip":"::1","method":"OPTIONS","url":"/api/v1/profile/me"},"service":"purely-ceylon-backend-ecosystem","timestamp":"2026-07-15 10:15:59"}
{"level":"info","message":{"ip":"::1","method":"OPTIONS","url":"/api/v1/profile/me"},"service":"purely-ceylon-backend-ecosystem","timestamp":"2026-07-15 10:15:59"}
{"level":"info","message":{"ip":"::1","method":"GET","url":"/api/v1/profile/me"},"service":"purely-ceylon-backend-ecosystem","timestamp":"2026-07-15 10:15:59"}
{"level":"info","message":{"ip":"::1","method":"GET","url":"/api/v1/profile/me"},"service":"purely-ceylon-backend-ecosystem","timestamp":"2026-07-15 10:15:59"}
{"level":"info","message":{"ip":"::1","method":"OPTIONS","url":"/api/v1/orders/my-orders"},"service":"purely-ceylon-backend-ecosystem","timestamp":"2026-07-15 10:19:57"}
{"level":"info","message":{"ip":"::1","method":"OPTIONS","url":"/api/v1/address"},"service":"purely-ceylon-backend-ecosystem","timestamp":"2026-07-15 10:19:57"}
{"level":"info","message":{"ip":"::1","method":"OPTIONS","url":"/api/v1/orders/my-orders"},"service":"purely-ceylon-backend-ecosystem","timestamp":"2026-07-15 10:19:57"}
{"level":"info","message":{"ip":"::1","method":"OPTIONS","url":"/api/v1/address"},"service":"purely-ceylon-backend-ecosystem","timestamp":"2026-07-15 10:19:57"}
{"level":"info","message":{"ip":"::1","method":"GET","url":"/api/v1/orders/my-orders"},"service":"purely-ceylon-backend-ecosystem","timestamp":"2026-07-15 10:19:57"}
{"level":"info","message":{"ip":"::1","method":"GET","url":"/api/v1/address"},"service":"purely-ceylon-backend-ecosystem","timestamp":"2026-07-15 10:19:57"}
{"level":"info","message":{"ip":"::1","method":"GET","url":"/api/v1/orders/my-orders"},"service":"purely-ceylon-backend-ecosystem","timestamp":"2026-07-15 10:19:57"}
{"level":"info","message":{"ip":"::1","method":"GET","url":"/api/v1/address"},"service":"purely-ceylon-backend-ecosystem","timestamp":"2026-07-15 10:19:58"}
{"level":"info","message":{"ip":"::1","method":"GET","url":"/api/v1/address"},"service":"purely-ceylon-backend-ecosystem","timestamp":"2026-07-15 10:19:58"}
{"level":"info","message":{"ip":"::1","method":"GET","url":"/api/v1/address"},"service":"purely-ceylon-backend-ecosystem","timestamp":"2026-07-15 10:19:58"}
{"level":"info","message":"📧 Processing Email Queue","service":"purely-ceylon-backend-ecosystem","timestamp":"2026-07-15 10:20:00"}
{"level":"info","message":{"ip":"::1","method":"OPTIONS","url":"/api/v1/orders/my-orders"},"service":"purely-ceylon-backend-ecosystem","timestamp":"2026-07-15 10:20:04"}
{"level":"info","message":{"ip":"::1","method":"OPTIONS","url":"/api/v1/orders/my-orders"},"service":"purely-ceylon-backend-ecosystem","timestamp":"2026-07-15 10:20:04"}
{"level":"info","message":{"ip":"::1","method":"GET","url":"/api/v1/orders/my-orders"},"service":"purely-ceylon-backend-ecosystem","timestamp":"2026-07-15 10:20:04"}
{"level":"info","message":{"ip":"::1","method":"GET","url":"/api/v1/orders/my-orders"},"service":"purely-ceylon-backend-ecosystem","timestamp":"2026-07-15 10:20:04"}
{"level":"info","message":{"ip":"::1","method":"OPTIONS","url":"/api/v1/cart"},"service":"purely-ceylon-backend-ecosystem","timestamp":"2026-07-15 10:20:06"}
{"level":"info","message":{"ip":"::1","method":"OPTIONS","url":"/api/v1/address"},"service":"purely-ceylon-backend-ecosystem","timestamp":"2026-07-15 10:20:06"}
{"level":"info","message":{"ip":"::1","method":"OPTIONS","url":"/api/v1/cart"},"service":"purely-ceylon-backend-ecosystem","timestamp":"2026-07-15 10:20:06"}
{"level":"info","message":{"ip":"::1","method":"OPTIONS","url":"/api/v1/address"},"service":"purely-ceylon-backend-ecosystem","timestamp":"2026-07-15 10:20:06"}
{"level":"info","message":{"ip":"::1","method":"GET","url":"/api/v1/cart"},"service":"purely-ceylon-backend-ecosystem","timestamp":"2026-07-15 10:20:06"}
{"level":"info","message":{"ip":"::1","method":"GET","url":"/api/v1/address"},"service":"purely-ceylon-backend-ecosystem","timestamp":"2026-07-15 10:20:06"}
{"level":"info","message":{"ip":"::1","method":"GET","url":"/api/v1/address"},"service":"purely-ceylon-backend-ecosystem","timestamp":"2026-07-15 10:20:06"}
{"level":"info","message":{"ip":"::1","method":"GET","url":"/api/v1/cart"},"service":"purely-ceylon-backend-ecosystem","timestamp":"2026-07-15 10:20:06"}
{"level":"info","message":{"ip":"::1","method":"GET","url":"/api/v1/cart"},"service":"purely-ceylon-backend-ecosystem","timestamp":"2026-07-15 10:20:07"}
{"level":"info","message":{"ip":"::1","method":"GET","url":"/api/v1/cart"},"service":"purely-ceylon-backend-ecosystem","timestamp":"2026-07-15 10:20:07"}
{"level":"info","message":{"ip":"::1","method":"GET","url":"/api/v1/cart"},"service":"purely-ceylon-backend-ecosystem","timestamp":"2026-07-15 10:20:07"}
{"level":"info","message":{"ip":"::1","method":"GET","url":"/api/v1/cart"},"service":"purely-ceylon-backend-ecosystem","timestamp":"2026-07-15 10:20:07"}
{"level":"info","message":{"ip":"::1","method":"OPTIONS","url":"/api/v1/wishlist"},"service":"purely-ceylon-backend-ecosystem","timestamp":"2026-07-15 10:20:07"}
{"level":"info","message":{"ip":"::1","method":"OPTIONS","url":"/api/v1/wishlist"},"service":"purely-ceylon-backend-ecosystem","timestamp":"2026-07-15 10:20:07"}
{"level":"info","message":{"ip":"::1","method":"GET","url":"/api/v1/wishlist"},"service":"purely-ceylon-backend-ecosystem","timestamp":"2026-07-15 10:20:07"}
{"level":"info","message":{"ip":"::1","method":"GET","url":"/api/v1/wishlist"},"service":"purely-ceylon-backend-ecosystem","timestamp":"2026-07-15 10:20:08"}
{"level":"info","message":{"ip":"::1","method":"GET","url":"/api/v1/wishlist"},"service":"purely-ceylon-backend-ecosystem","timestamp":"2026-07-15 10:20:08"}
{"level":"info","message":{"ip":"::1","method":"GET","url":"/api/v1/wishlist"},"service":"purely-ceylon-backend-ecosystem","timestamp":"2026-07-15 10:20:08"}
{"level":"info","message":{"ip":"::1","method":"OPTIONS","url":"/api/v1/profile/me"},"service":"purely-ceylon-backend-ecosystem","timestamp":"2026-07-15 10:20:10"}
{"level":"info","message":{"ip":"::1","method":"OPTIONS","url":"/api/v1/profile/me"},"service":"purely-ceylon-backend-ecosystem","timestamp":"2026-07-15 10:20:10"}
{"level":"info","message":{"ip":"::1","method":"GET","url":"/api/v1/cart"},"service":"purely-ceylon-backend-ecosystem","timestamp":"2026-07-15 10:20:10"}
{"level":"info","message":{"ip":"::1","method":"GET","url":"/api/v1/wishlist"},"service":"purely-ceylon-backend-ecosystem","timestamp":"2026-07-15 10:20:10"}
{"level":"info","message":{"ip":"::1","method":"GET","url":"/api/v1/profile/me"},"service":"purely-ceylon-backend-ecosystem","timestamp":"2026-07-15 10:20:10"}
{"level":"info","message":{"ip":"::1","method":"GET","url":"/api/v1/cart"},"service":"purely-ceylon-backend-ecosystem","timestamp":"2026-07-15 10:20:10"}
{"level":"info","message":{"ip":"::1","method":"GET","url":"/api/v1/wishlist"},"service":"purely-ceylon-backend-ecosystem","timestamp":"2026-07-15 10:20:11"}
{"level":"info","message":{"ip":"::1","method":"GET","url":"/api/v1/profile/me"},"service":"purely-ceylon-backend-ecosystem","timestamp":"2026-07-15 10:20:11"}
{"level":"info","message":{"ip":"::1","method":"GET","url":"/api/v1/wishlist"},"service":"purely-ceylon-backend-ecosystem","timestamp":"2026-07-15 10:20:11"}
{"level":"info","message":{"ip":"::1","method":"GET","url":"/api/v1/wishlist"},"service":"purely-ceylon-backend-ecosystem","timestamp":"2026-07-15 10:20:11"}
{"level":"info","message":{"ip":"::1","method":"GET","url":"/api/v1/wishlist"},"service":"purely-ceylon-backend-ecosystem","timestamp":"2026-07-15 10:20:11"}
{"level":"info","message":{"ip":"::1","method":"GET","url":"/api/v1/wishlist"},"service":"purely-ceylon-backend-ecosystem","timestamp":"2026-07-15 10:20:11"}
{"level":"info","message":{"ip":"::1","method":"GET","url":"/api/v1/profile/me"},"service":"purely-ceylon-backend-ecosystem","timestamp":"2026-07-15 10:20:12"}
{"level":"info","message":{"ip":"::1","method":"OPTIONS","url":"/api/v1/cart"},"service":"purely-ceylon-backend-ecosystem","timestamp":"2026-07-15 10:20:12"}
{"level":"info","message":{"ip":"::1","method":"GET","url":"/api/v1/wishlist"},"service":"purely-ceylon-backend-ecosystem","timestamp":"2026-07-15 10:20:12"}
{"level":"info","message":{"ip":"::1","method":"OPTIONS","url":"/api/v1/cart"},"service":"purely-ceylon-backend-ecosystem","timestamp":"2026-07-15 10:20:12"}
{"level":"info","message":{"ip":"::1","method":"GET","url":"/api/v1/cart"},"service":"purely-ceylon-backend-ecosystem","timestamp":"2026-07-15 10:20:12"}
{"level":"info","message":{"ip":"::1","method":"GET","url":"/api/v1/profile/me"},"service":"purely-ceylon-backend-ecosystem","timestamp":"2026-07-15 10:20:12"}
{"level":"info","message":{"ip":"::1","method":"GET","url":"/api/v1/wishlist"},"service":"purely-ceylon-backend-ecosystem","timestamp":"2026-07-15 10:20:12"}
{"level":"info","message":{"ip":"::1","method":"GET","url":"/api/v1/cart"},"service":"purely-ceylon-backend-ecosystem","timestamp":"2026-07-15 10:20:13"}
{"level":"info","message":{"ip":"::1","method":"GET","url":"/api/v1/wishlist"},"service":"purely-ceylon-backend-ecosystem","timestamp":"2026-07-15 10:20:13"}
{"level":"info","message":{"ip":"::1","method":"OPTIONS","url":"/api/v1/wishlist"},"service":"purely-ceylon-backend-ecosystem","timestamp":"2026-07-15 10:20:13"}
{"level":"info","message":{"ip":"::1","method":"GET","url":"/api/v1/wishlist"},"service":"purely-ceylon-backend-ecosystem","timestamp":"2026-07-15 10:20:13"}
{"level":"info","message":{"ip":"::1","method":"GET","url":"/api/v1/wishlist"},"service":"purely-ceylon-backend-ecosystem","timestamp":"2026-07-15 10:20:13"}
{"level":"info","message":{"ip":"::1","method":"GET","url":"/api/v1/wishlist"},"service":"purely-ceylon-backend-ecosystem","timestamp":"2026-07-15 10:20:13"}
{"level":"info","message":{"ip":"::1","method":"GET","url":"/api/v1/profile/me"},"service":"purely-ceylon-backend-ecosystem","timestamp":"2026-07-15 10:20:15"}
{"level":"info","message":{"ip":"::1","method":"GET","url":"/api/v1/cart"},"service":"purely-ceylon-backend-ecosystem","timestamp":"2026-07-15 10:20:15"}
{"level":"info","message":{"ip":"::1","method":"GET","url":"/api/v1/wishlist"},"service":"purely-ceylon-backend-ecosystem","timestamp":"2026-07-15 10:20:15"}
{"level":"info","message":{"ip":"::1","method":"GET","url":"/api/v1/profile/me"},"service":"purely-ceylon-backend-ecosystem","timestamp":"2026-07-15 10:20:15"}
{"level":"info","message":{"ip":"::1","method":"GET","url":"/api/v1/cart"},"service":"purely-ceylon-backend-ecosystem","timestamp":"2026-07-15 10:20:15"}
{"level":"info","message":{"ip":"::1","method":"GET","url":"/api/v1/wishlist"},"service":"purely-ceylon-backend-ecosystem","timestamp":"2026-07-15 10:20:15"}
{"level":"info","message":{"ip":"::1","method":"GET","url":"/api/v1/wishlist"},"service":"purely-ceylon-backend-ecosystem","timestamp":"2026-07-15 10:20:15"}
{"level":"info","message":{"ip":"::1","method":"GET","url":"/api/v1/wishlist"},"service":"purely-ceylon-backend-ecosystem","timestamp":"2026-07-15 10:20:15"}
{"level":"info","message":{"ip":"::1","method":"GET","url":"/api/v1/wishlist"},"service":"purely-ceylon-backend-ecosystem","timestamp":"2026-07-15 10:20:15"}
{"level":"info","message":{"ip":"::1","method":"GET","url":"/api/v1/wishlist"},"service":"purely-ceylon-backend-ecosystem","timestamp":"2026-07-15 10:20:15"}
{"level":"info","message":{"ip":"::1","method":"OPTIONS","url":"/api/v1/categories"},"service":"purely-ceylon-backend-ecosystem","timestamp":"2026-07-15 10:20:15"}
{"level":"info","message":{"ip":"::1","method":"OPTIONS","url":"/api/v1/products"},"service":"purely-ceylon-backend-ecosystem","timestamp":"2026-07-15 10:20:15"}
{"level":"info","message":{"ip":"::1","method":"OPTIONS","url":"/api/v1/categories"},"service":"purely-ceylon-backend-ecosystem","timestamp":"2026-07-15 10:20:15"}
{"level":"info","message":{"ip":"::1","method":"OPTIONS","url":"/api/v1/products"},"service":"purely-ceylon-backend-ecosystem","timestamp":"2026-07-15 10:20:15"}
{"level":"info","message":{"ip":"::1","method":"GET","url":"/api/v1/categories"},"service":"purely-ceylon-backend-ecosystem","timestamp":"2026-07-15 10:20:15"}
{"level":"info","message":{"ip":"::1","method":"GET","url":"/api/v1/products"},"service":"purely-ceylon-backend-ecosystem","timestamp":"2026-07-15 10:20:15"}
{"level":"info","message":{"ip":"::1","method":"GET","url":"/api/v1/products"},"service":"purely-ceylon-backend-ecosystem","timestamp":"2026-07-15 10:20:16"}
{"level":"info","message":{"ip":"::1","method":"GET","url":"/api/v1/categories"},"service":"purely-ceylon-backend-ecosystem","timestamp":"2026-07-15 10:20:16"}
{"level":"info","message":{"ip":"::1","method":"OPTIONS","url":"/api/v1/auth/login"},"service":"purely-ceylon-backend-ecosystem","timestamp":"2026-07-15 10:20:48"}
{"level":"info","message":{"ip":"::1","method":"POST","url":"/api/v1/auth/login"},"service":"purely-ceylon-backend-ecosystem","timestamp":"2026-07-15 10:20:48"}
{"level":"info","message":{"email":"mahroofaathiqa@gmail.com","event":"LOGIN_SUCCESS"},"service":"purely-ceylon-backend-ecosystem","timestamp":"2026-07-15 10:20:48"}
{"level":"info","message":{"ip":"::1","method":"OPTIONS","url":"/api/v1/profile/me"},"service":"purely-ceylon-backend-ecosystem","timestamp":"2026-07-15 10:20:51"}
{"level":"info","message":{"ip":"::1","method":"OPTIONS","url":"/api/v1/cart"},"service":"purely-ceylon-backend-ecosystem","timestamp":"2026-07-15 10:20:51"}
{"level":"info","message":{"ip":"::1","method":"OPTIONS","url":"/api/v1/wishlist"},"service":"purely-ceylon-backend-ecosystem","timestamp":"2026-07-15 10:20:51"}
{"level":"info","message":{"ip":"::1","method":"OPTIONS","url":"/api/v1/categories"},"service":"purely-ceylon-backend-ecosystem","timestamp":"2026-07-15 10:20:51"}
{"level":"info","message":{"ip":"::1","method":"OPTIONS","url":"/api/v1/categories"},"service":"purely-ceylon-backend-ecosystem","timestamp":"2026-07-15 10:20:51"}
{"level":"info","message":{"ip":"::1","method":"OPTIONS","url":"/api/v1/products"},"service":"purely-ceylon-backend-ecosystem","timestamp":"2026-07-15 10:20:51"}
{"level":"info","message":{"ip":"::1","method":"GET","url":"/api/v1/profile/me"},"service":"purely-ceylon-backend-ecosystem","timestamp":"2026-07-15 10:20:51"}
{"level":"info","message":{"ip":"::1","method":"OPTIONS","url":"/api/v1/products"},"service":"purely-ceylon-backend-ecosystem","timestamp":"2026-07-15 10:20:51"}
{"level":"info","message":{"ip":"::1","method":"GET","url":"/api/v1/cart"},"service":"purely-ceylon-backend-ecosystem","timestamp":"2026-07-15 10:20:51"}
{"level":"info","message":{"ip":"::1","method":"GET","url":"/api/v1/wishlist"},"service":"purely-ceylon-backend-ecosystem","timestamp":"2026-07-15 10:20:51"}
{"level":"info","message":{"ip":"::1","method":"GET","url":"/api/v1/categories"},"service":"purely-ceylon-backend-ecosystem","timestamp":"2026-07-15 10:20:51"}
{"level":"info","message":{"ip":"::1","method":"GET","url":"/api/v1/products"},"service":"purely-ceylon-backend-ecosystem","timestamp":"2026-07-15 10:20:51"}
{"level":"info","message":{"ip":"::1","method":"GET","url":"/api/v1/categories"},"service":"purely-ceylon-backend-ecosystem","timestamp":"2026-07-15 10:20:51"}
{"level":"info","message":{"ip":"::1","method":"GET","url":"/api/v1/products"},"service":"purely-ceylon-backend-ecosystem","timestamp":"2026-07-15 10:20:51"}
{"level":"info","message":{"ip":"::1","method":"OPTIONS","url":"/api/v1/categories"},"service":"purely-ceylon-backend-ecosystem","timestamp":"2026-07-15 10:21:07"}
{"level":"info","message":{"ip":"::1","method":"OPTIONS","url":"/api/v1/products"},"service":"purely-ceylon-backend-ecosystem","timestamp":"2026-07-15 10:21:07"}
{"level":"info","message":{"ip":"::1","method":"OPTIONS","url":"/api/v1/categories"},"service":"purely-ceylon-backend-ecosystem","timestamp":"2026-07-15 10:21:07"}
{"level":"info","message":{"ip":"::1","method":"OPTIONS","url":"/api/v1/products"},"service":"purely-ceylon-backend-ecosystem","timestamp":"2026-07-15 10:21:07"}
{"level":"info","message":{"ip":"::1","method":"GET","url":"/api/v1/categories"},"service":"purely-ceylon-backend-ecosystem","timestamp":"2026-07-15 10:21:07"}
{"level":"info","message":{"ip":"::1","method":"GET","url":"/api/v1/products"},"service":"purely-ceylon-backend-ecosystem","timestamp":"2026-07-15 10:21:07"}
{"level":"info","message":{"ip":"::1","method":"GET","url":"/api/v1/categories"},"service":"purely-ceylon-backend-ecosystem","timestamp":"2026-07-15 10:21:07"}
{"level":"info","message":{"ip":"::1","method":"GET","url":"/api/v1/products"},"service":"purely-ceylon-backend-ecosystem","timestamp":"2026-07-15 10:21:07"}
{"level":"info","message":{"ip":"::1","method":"OPTIONS","url":"/api/v1/profile/me"},"service":"purely-ceylon-backend-ecosystem","timestamp":"2026-07-15 10:24:22"}
{"level":"info","message":{"ip":"::1","method":"OPTIONS","url":"/api/v1/profile/me"},"service":"purely-ceylon-backend-ecosystem","timestamp":"2026-07-15 10:24:22"}
{"level":"info","message":{"ip":"::1","method":"OPTIONS","url":"/api/v1/cart"},"service":"purely-ceylon-backend-ecosystem","timestamp":"2026-07-15 10:24:22"}
{"level":"info","message":{"ip":"::1","method":"OPTIONS","url":"/api/v1/wishlist"},"service":"purely-ceylon-backend-ecosystem","timestamp":"2026-07-15 10:24:22"}
{"level":"info","message":{"ip":"::1","method":"OPTIONS","url":"/api/v1/cart"},"service":"purely-ceylon-backend-ecosystem","timestamp":"2026-07-15 10:24:22"}
{"level":"info","message":{"ip":"::1","method":"OPTIONS","url":"/api/v1/wishlist"},"service":"purely-ceylon-backend-ecosystem","timestamp":"2026-07-15 10:24:22"}
{"level":"info","message":{"ip":"::1","method":"GET","url":"/api/v1/profile/me"},"service":"purely-ceylon-backend-ecosystem","timestamp":"2026-07-15 10:24:22"}
{"level":"info","message":{"ip":"::1","method":"GET","url":"/api/v1/cart"},"service":"purely-ceylon-backend-ecosystem","timestamp":"2026-07-15 10:24:22"}
{"level":"info","message":{"ip":"::1","method":"GET","url":"/api/v1/wishlist"},"service":"purely-ceylon-backend-ecosystem","timestamp":"2026-07-15 10:24:22"}
{"level":"info","message":{"ip":"::1","method":"GET","url":"/api/v1/profile/me"},"service":"purely-ceylon-backend-ecosystem","timestamp":"2026-07-15 10:24:22"}
{"level":"info","message":{"ip":"::1","method":"GET","url":"/api/v1/cart"},"service":"purely-ceylon-backend-ecosystem","timestamp":"2026-07-15 10:24:22"}
{"level":"info","message":{"ip":"::1","method":"GET","url":"/api/v1/wishlist"},"service":"purely-ceylon-backend-ecosystem","timestamp":"2026-07-15 10:24:22"}
{"level":"info","message":{"ip":"::1","method":"OPTIONS","url":"/api/v1/orders/my-orders"},"service":"purely-ceylon-backend-ecosystem","timestamp":"2026-07-15 10:24:34"}
{"level":"info","message":{"ip":"::1","method":"OPTIONS","url":"/api/v1/address"},"service":"purely-ceylon-backend-ecosystem","timestamp":"2026-07-15 10:24:34"}
{"level":"info","message":{"ip":"::1","method":"OPTIONS","url":"/api/v1/orders/my-orders"},"service":"purely-ceylon-backend-ecosystem","timestamp":"2026-07-15 10:24:34"}
{"level":"info","message":{"ip":"::1","method":"OPTIONS","url":"/api/v1/address"},"service":"purely-ceylon-backend-ecosystem","timestamp":"2026-07-15 10:24:34"}
{"level":"info","message":{"ip":"::1","method":"GET","url":"/api/v1/orders/my-orders"},"service":"purely-ceylon-backend-ecosystem","timestamp":"2026-07-15 10:24:34"}
{"level":"info","message":{"ip":"::1","method":"GET","url":"/api/v1/address"},"service":"purely-ceylon-backend-ecosystem","timestamp":"2026-07-15 10:24:34"}
{"level":"info","message":{"ip":"::1","method":"GET","url":"/api/v1/address"},"service":"purely-ceylon-backend-ecosystem","timestamp":"2026-07-15 10:24:34"}
{"level":"info","message":{"ip":"::1","method":"GET","url":"/api/v1/orders/my-orders"},"service":"purely-ceylon-backend-ecosystem","timestamp":"2026-07-15 10:24:34"}
{"level":"info","message":{"ip":"::1","method":"GET","url":"/api/v1/address"},"service":"purely-ceylon-backend-ecosystem","timestamp":"2026-07-15 10:24:34"}
{"level":"info","message":{"ip":"::1","method":"GET","url":"/api/v1/address"},"service":"purely-ceylon-backend-ecosystem","timestamp":"2026-07-15 10:24:34"}
{"level":"info","message":{"ip":"::1","method":"OPTIONS","url":"/api/v1/profile/me"},"service":"purely-ceylon-backend-ecosystem","timestamp":"2026-07-15 10:24:50"}
{"level":"info","message":{"ip":"::1","method":"GET","url":"/api/v1/profile/me"},"service":"purely-ceylon-backend-ecosystem","timestamp":"2026-07-15 10:24:50"}
{"level":"info","message":{"ip":"::1","method":"OPTIONS","url":"/api/v1/profile/me"},"service":"purely-ceylon-backend-ecosystem","timestamp":"2026-07-15 10:24:50"}
{"level":"info","message":{"ip":"::1","method":"GET","url":"/api/v1/profile/me"},"service":"purely-ceylon-backend-ecosystem","timestamp":"2026-07-15 10:24:50"}
{"level":"info","message":{"ip":"::1","method":"OPTIONS","url":"/api/v1/orders/my-orders"},"service":"purely-ceylon-backend-ecosystem","timestamp":"2026-07-15 10:24:57"}
{"level":"info","message":{"ip":"::1","method":"OPTIONS","url":"/api/v1/address"},"service":"purely-ceylon-backend-ecosystem","timestamp":"2026-07-15 10:24:57"}
{"level":"info","message":{"ip":"::1","method":"OPTIONS","url":"/api/v1/orders/my-orders"},"service":"purely-ceylon-backend-ecosystem","timestamp":"2026-07-15 10:24:57"}
{"level":"info","message":{"ip":"::1","method":"OPTIONS","url":"/api/v1/address"},"service":"purely-ceylon-backend-ecosystem","timestamp":"2026-07-15 10:24:57"}
{"level":"info","message":{"ip":"::1","method":"GET","url":"/api/v1/orders/my-orders"},"service":"purely-ceylon-backend-ecosystem","timestamp":"2026-07-15 10:24:57"}
{"level":"info","message":{"ip":"::1","method":"GET","url":"/api/v1/address"},"service":"purely-ceylon-backend-ecosystem","timestamp":"2026-07-15 10:24:57"}
{"level":"info","message":{"ip":"::1","method":"GET","url":"/api/v1/orders/my-orders"},"service":"purely-ceylon-backend-ecosystem","timestamp":"2026-07-15 10:24:57"}
{"level":"info","message":{"ip":"::1","method":"GET","url":"/api/v1/address"},"service":"purely-ceylon-backend-ecosystem","timestamp":"2026-07-15 10:24:57"}
{"level":"info","message":{"ip":"::1","method":"GET","url":"/api/v1/address"},"service":"purely-ceylon-backend-ecosystem","timestamp":"2026-07-15 10:24:57"}
{"level":"info","message":{"ip":"::1","method":"GET","url":"/api/v1/address"},"service":"purely-ceylon-backend-ecosystem","timestamp":"2026-07-15 10:24:57"}
{"level":"info","message":"📧 Processing Email Queue","service":"purely-ceylon-backend-ecosystem","timestamp":"2026-07-15 10:25:00"}
{"level":"info","message":{"ip":"::1","method":"GET","url":"/api/v1/orders/my-orders"},"service":"purely-ceylon-backend-ecosystem","timestamp":"2026-07-15 10:25:00"}
{"level":"info","message":{"ip":"::1","method":"GET","url":"/api/v1/orders/my-orders"},"service":"purely-ceylon-backend-ecosystem","timestamp":"2026-07-15 10:25:00"}
{"level":"info","message":{"ip":"::1","method":"OPTIONS","url":"/api/v1/cart"},"service":"purely-ceylon-backend-ecosystem","timestamp":"2026-07-15 10:25:01"}
{"level":"info","message":{"ip":"::1","method":"GET","url":"/api/v1/address"},"service":"purely-ceylon-backend-ecosystem","timestamp":"2026-07-15 10:25:01"}
{"level":"info","message":{"ip":"::1","method":"OPTIONS","url":"/api/v1/cart"},"service":"purely-ceylon-backend-ecosystem","timestamp":"2026-07-15 10:25:01"}
{"level":"info","message":{"ip":"::1","method":"GET","url":"/api/v1/cart"},"service":"purely-ceylon-backend-ecosystem","timestamp":"2026-07-15 10:25:01"}
{"level":"info","message":{"ip":"::1","method":"GET","url":"/api/v1/address"},"service":"purely-ceylon-backend-ecosystem","timestamp":"2026-07-15 10:25:01"}
{"level":"info","message":{"ip":"::1","method":"GET","url":"/api/v1/cart"},"service":"purely-ceylon-backend-ecosystem","timestamp":"2026-07-15 10:25:01"}
{"level":"info","message":{"ip":"::1","method":"GET","url":"/api/v1/cart"},"service":"purely-ceylon-backend-ecosystem","timestamp":"2026-07-15 10:25:04"}
{"level":"info","message":{"ip":"::1","method":"GET","url":"/api/v1/cart"},"service":"purely-ceylon-backend-ecosystem","timestamp":"2026-07-15 10:25:04"}
{"level":"info","message":{"ip":"::1","method":"OPTIONS","url":"/api/v1/wishlist"},"service":"purely-ceylon-backend-ecosystem","timestamp":"2026-07-15 10:25:05"}
{"level":"info","message":{"ip":"::1","method":"OPTIONS","url":"/api/v1/wishlist"},"service":"purely-ceylon-backend-ecosystem","timestamp":"2026-07-15 10:25:05"}
{"level":"info","message":{"ip":"::1","method":"GET","url":"/api/v1/wishlist"},"service":"purely-ceylon-backend-ecosystem","timestamp":"2026-07-15 10:25:05"}
{"level":"info","message":{"ip":"::1","method":"GET","url":"/api/v1/wishlist"},"service":"purely-ceylon-backend-ecosystem","timestamp":"2026-07-15 10:25:05"}
{"level":"info","message":{"ip":"::1","method":"OPTIONS","url":"/api/v1/categories"},"service":"purely-ceylon-backend-ecosystem","timestamp":"2026-07-15 10:25:07"}
{"level":"info","message":{"ip":"::1","method":"OPTIONS","url":"/api/v1/products"},"service":"purely-ceylon-backend-ecosystem","timestamp":"2026-07-15 10:25:07"}
{"level":"info","message":{"ip":"::1","method":"OPTIONS","url":"/api/v1/categories"},"service":"purely-ceylon-backend-ecosystem","timestamp":"2026-07-15 10:25:07"}
{"level":"info","message":{"ip":"::1","method":"OPTIONS","url":"/api/v1/products"},"service":"purely-ceylon-backend-ecosystem","timestamp":"2026-07-15 10:25:07"}
{"level":"info","message":{"ip":"::1","method":"GET","url":"/api/v1/categories"},"service":"purely-ceylon-backend-ecosystem","timestamp":"2026-07-15 10:25:07"}
{"level":"info","message":{"ip":"::1","method":"GET","url":"/api/v1/products"},"service":"purely-ceylon-backend-ecosystem","timestamp":"2026-07-15 10:25:07"}
{"level":"info","message":{"ip":"::1","method":"GET","url":"/api/v1/categories"},"service":"purely-ceylon-backend-ecosystem","timestamp":"2026-07-15 10:25:07"}
{"level":"info","message":{"ip":"::1","method":"GET","url":"/api/v1/products"},"service":"purely-ceylon-backend-ecosystem","timestamp":"2026-07-15 10:25:07"}
{"level":"info","message":"Gracefully shutting down...","service":"purely-ceylon-backend-ecosystem","timestamp":"2026-07-15 10:25:15"}
{"level":"info","message":"✅ All Background Jobs Started Successfully","service":"purely-ceylon-backend-ecosystem","timestamp":"2026-07-15 10:31:36"}
{"level":"info","message":"✅ Email credentials loaded successfully.","service":"purely-ceylon-backend-ecosystem","timestamp":"2026-07-15 10:31:36"}
{"level":"info","message":"Server running on 5000","service":"purely-ceylon-backend-ecosystem","timestamp":"2026-07-15 10:31:37"}
{"level":"info","message":{"ip":"::1","method":"OPTIONS","url":"/api/v1/profile/me"},"service":"purely-ceylon-backend-ecosystem","timestamp":"2026-07-15 10:32:03"}
{"level":"info","message":{"ip":"::1","method":"OPTIONS","url":"/api/v1/address"},"service":"purely-ceylon-backend-ecosystem","timestamp":"2026-07-15 10:32:03"}
{"level":"info","message":{"ip":"::1","method":"OPTIONS","url":"/api/v1/wishlist"},"service":"purely-ceylon-backend-ecosystem","timestamp":"2026-07-15 10:32:03"}
{"level":"info","message":{"ip":"::1","method":"OPTIONS","url":"/api/v1/cart"},"service":"purely-ceylon-backend-ecosystem","timestamp":"2026-07-15 10:32:03"}
{"level":"info","message":{"ip":"::1","method":"OPTIONS","url":"/api/v1/cart"},"service":"purely-ceylon-backend-ecosystem","timestamp":"2026-07-15 10:32:03"}
{"level":"info","message":{"ip":"::1","method":"OPTIONS","url":"/api/v1/wishlist"},"service":"purely-ceylon-backend-ecosystem","timestamp":"2026-07-15 10:32:03"}
{"level":"info","message":{"ip":"::1","method":"OPTIONS","url":"/api/v1/categories"},"service":"purely-ceylon-backend-ecosystem","timestamp":"2026-07-15 10:32:03"}
{"level":"info","message":{"ip":"::1","method":"OPTIONS","url":"/api/v1/profile/me"},"service":"purely-ceylon-backend-ecosystem","timestamp":"2026-07-15 10:32:03"}
{"level":"info","message":{"ip":"::1","method":"OPTIONS","url":"/api/v1/cart"},"service":"purely-ceylon-backend-ecosystem","timestamp":"2026-07-15 10:32:03"}
{"level":"info","message":{"ip":"::1","method":"OPTIONS","url":"/api/v1/wishlist"},"service":"purely-ceylon-backend-ecosystem","timestamp":"2026-07-15 10:32:03"}
{"level":"info","message":{"ip":"::1","method":"OPTIONS","url":"/api/v1/categories"},"service":"purely-ceylon-backend-ecosystem","timestamp":"2026-07-15 10:32:03"}
{"level":"info","message":{"ip":"::1","method":"OPTIONS","url":"/api/v1/products"},"service":"purely-ceylon-backend-ecosystem","timestamp":"2026-07-15 10:32:03"}
{"level":"info","message":{"ip":"::1","method":"GET","url":"/api/v1/address"},"service":"purely-ceylon-backend-ecosystem","timestamp":"2026-07-15 10:32:03"}
{"level":"info","message":{"ip":"::1","method":"GET","url":"/api/v1/wishlist"},"service":"purely-ceylon-backend-ecosystem","timestamp":"2026-07-15 10:32:03"}
{"level":"info","message":{"ip":"::1","method":"GET","url":"/api/v1/cart"},"service":"purely-ceylon-backend-ecosystem","timestamp":"2026-07-15 10:32:03"}
{"level":"info","message":{"ip":"::1","method":"OPTIONS","url":"/api/v1/products"},"service":"purely-ceylon-backend-ecosystem","timestamp":"2026-07-15 10:32:03"}
{"level":"info","message":{"ip":"::1","method":"OPTIONS","url":"/api/v1/address"},"service":"purely-ceylon-backend-ecosystem","timestamp":"2026-07-15 10:32:03"}
{"level":"info","message":{"ip":"::1","method":"OPTIONS","url":"/api/v1/wishlist"},"service":"purely-ceylon-backend-ecosystem","timestamp":"2026-07-15 10:32:03"}
{"level":"info","message":{"ip":"::1","method":"OPTIONS","url":"/api/v1/cart"},"service":"purely-ceylon-backend-ecosystem","timestamp":"2026-07-15 10:32:03"}
{"level":"info","message":{"ip":"::1","method":"GET","url":"/api/v1/profile/me"},"service":"purely-ceylon-backend-ecosystem","timestamp":"2026-07-15 10:32:03"}
{"level":"info","message":{"ip":"::1","method":"GET","url":"/api/v1/categories"},"service":"purely-ceylon-backend-ecosystem","timestamp":"2026-07-15 10:32:04"}
{"level":"info","message":{"ip":"::1","method":"GET","url":"/api/v1/products"},"service":"purely-ceylon-backend-ecosystem","timestamp":"2026-07-15 10:32:04"}
{"level":"info","message":{"ip":"::1","method":"GET","url":"/api/v1/wishlist"},"service":"purely-ceylon-backend-ecosystem","timestamp":"2026-07-15 10:32:04"}
{"level":"info","message":{"ip":"::1","method":"GET","url":"/api/v1/cart"},"service":"purely-ceylon-backend-ecosystem","timestamp":"2026-07-15 10:32:04"}
{"level":"info","message":{"ip":"::1","method":"GET","url":"/api/v1/categories"},"service":"purely-ceylon-backend-ecosystem","timestamp":"2026-07-15 10:32:04"}
{"level":"info","message":{"ip":"::1","method":"GET","url":"/api/v1/address"},"service":"purely-ceylon-backend-ecosystem","timestamp":"2026-07-15 10:32:04"}
{"level":"info","message":{"ip":"::1","method":"GET","url":"/api/v1/wishlist"},"service":"purely-ceylon-backend-ecosystem","timestamp":"2026-07-15 10:32:05"}
{"level":"info","message":{"ip":"::1","method":"GET","url":"/api/v1/profile/me"},"service":"purely-ceylon-backend-ecosystem","timestamp":"2026-07-15 10:32:05"}
{"level":"info","message":{"ip":"::1","method":"GET","url":"/uploads/profile/1784089235427-807036197.png"},"service":"purely-ceylon-backend-ecosystem","timestamp":"2026-07-15 10:32:05"}
{"level":"info","message":{"ip":"::1","method":"GET","url":"/api/v1/cart"},"service":"purely-ceylon-backend-ecosystem","timestamp":"2026-07-15 10:32:05"}
{"level":"info","message":{"ip":"::1","method":"GET","url":"/api/v1/products"},"service":"purely-ceylon-backend-ecosystem","timestamp":"2026-07-15 10:32:05"}
{"level":"info","message":{"ip":"::1","method":"GET","url":"/api/v1/wishlist"},"service":"purely-ceylon-backend-ecosystem","timestamp":"2026-07-15 10:32:05"}
{"level":"info","message":{"ip":"::1","method":"GET","url":"/api/v1/cart"},"service":"purely-ceylon-backend-ecosystem","timestamp":"2026-07-15 10:32:05"}
{"level":"info","message":{"ip":"::1","method":"OPTIONS","url":"/api/v1/categories"},"service":"purely-ceylon-backend-ecosystem","timestamp":"2026-07-15 10:32:21"}
{"level":"info","message":{"ip":"::1","method":"OPTIONS","url":"/api/v1/products"},"service":"purely-ceylon-backend-ecosystem","timestamp":"2026-07-15 10:32:21"}
{"level":"info","message":{"ip":"::1","method":"OPTIONS","url":"/api/v1/categories"},"service":"purely-ceylon-backend-ecosystem","timestamp":"2026-07-15 10:32:21"}
{"level":"info","message":{"ip":"::1","method":"OPTIONS","url":"/api/v1/products"},"service":"purely-ceylon-backend-ecosystem","timestamp":"2026-07-15 10:32:21"}
{"level":"info","message":{"ip":"::1","method":"GET","url":"/api/v1/categories"},"service":"purely-ceylon-backend-ecosystem","timestamp":"2026-07-15 10:32:21"}
{"level":"info","message":{"ip":"::1","method":"GET","url":"/api/v1/products"},"service":"purely-ceylon-backend-ecosystem","timestamp":"2026-07-15 10:32:21"}
{"level":"info","message":{"ip":"::1","method":"GET","url":"/api/v1/categories"},"service":"purely-ceylon-backend-ecosystem","timestamp":"2026-07-15 10:32:21"}
{"level":"info","message":{"ip":"::1","method":"GET","url":"/api/v1/products"},"service":"purely-ceylon-backend-ecosystem","timestamp":"2026-07-15 10:32:21"}
{"level":"info","message":{"ip":"::1","method":"OPTIONS","url":"/api/v1/products/889a6c64-edc0-46e5-aa52-3cf47d6fd979"},"service":"purely-ceylon-backend-ecosystem","timestamp":"2026-07-15 10:32:26"}
{"level":"info","message":{"ip":"::1","method":"OPTIONS","url":"/api/v1/products/889a6c64-edc0-46e5-aa52-3cf47d6fd979"},"service":"purely-ceylon-backend-ecosystem","timestamp":"2026-07-15 10:32:26"}
{"level":"info","message":{"ip":"::1","method":"GET","url":"/api/v1/products/889a6c64-edc0-46e5-aa52-3cf47d6fd979"},"service":"purely-ceylon-backend-ecosystem","timestamp":"2026-07-15 10:32:26"}
{"level":"info","message":{"ip":"::1","method":"GET","url":"/api/v1/products/889a6c64-edc0-46e5-aa52-3cf47d6fd979"},"service":"purely-ceylon-backend-ecosystem","timestamp":"2026-07-15 10:32:26"}
{"level":"info","message":{"ip":"::1","method":"OPTIONS","url":"/api/v1/reviews/889a6c64-edc0-46e5-aa52-3cf47d6fd979"},"service":"purely-ceylon-backend-ecosystem","timestamp":"2026-07-15 10:32:26"}
{"level":"info","message":{"ip":"::1","method":"GET","url":"/api/v1/reviews/889a6c64-edc0-46e5-aa52-3cf47d6fd979"},"service":"purely-ceylon-backend-ecosystem","timestamp":"2026-07-15 10:32:26"}
{"level":"info","message":{"ip":"::1","method":"GET","url":"/api/v1/reviews/889a6c64-edc0-46e5-aa52-3cf47d6fd979"},"service":"purely-ceylon-backend-ecosystem","timestamp":"2026-07-15 10:32:27"}
{"level":"info","message":{"ip":"::1","method":"OPTIONS","url":"/api/v1/questions/889a6c64-edc0-46e5-aa52-3cf47d6fd979"},"service":"purely-ceylon-backend-ecosystem","timestamp":"2026-07-15 10:32:27"}
{"level":"info","message":{"ip":"::1","method":"GET","url":"/api/v1/questions/889a6c64-edc0-46e5-aa52-3cf47d6fd979"},"service":"purely-ceylon-backend-ecosystem","timestamp":"2026-07-15 10:32:27"}
{"level":"info","message":{"ip":"::1","method":"GET","url":"/api/v1/questions/889a6c64-edc0-46e5-aa52-3cf47d6fd979"},"service":"purely-ceylon-backend-ecosystem","timestamp":"2026-07-15 10:32:27"}
{"level":"info","message":{"ip":"::1","method":"OPTIONS","url":"/api/v1/cart/add"},"service":"purely-ceylon-backend-ecosystem","timestamp":"2026-07-15 10:32:42"}
{"level":"info","message":{"ip":"::1","method":"POST","url":"/api/v1/cart/add"},"service":"purely-ceylon-backend-ecosystem","timestamp":"2026-07-15 10:32:42"}
{"level":"info","message":{"ip":"::1","method":"OPTIONS","url":"/api/v1/cart"},"service":"purely-ceylon-backend-ecosystem","timestamp":"2026-07-15 10:32:43"}
{"level":"info","message":{"ip":"::1","method":"GET","url":"/api/v1/cart"},"service":"purely-ceylon-backend-ecosystem","timestamp":"2026-07-15 10:32:43"}
{"level":"info","message":{"ip":"::1","method":"OPTIONS","url":"/api/v1/wishlist/add"},"service":"purely-ceylon-backend-ecosystem","timestamp":"2026-07-15 10:32:47"}
{"level":"info","message":{"ip":"::1","method":"POST","url":"/api/v1/wishlist/add"},"service":"purely-ceylon-backend-ecosystem","timestamp":"2026-07-15 10:32:47"}
{"level":"info","message":{"ip":"::1","method":"OPTIONS","url":"/api/v1/wishlist"},"service":"purely-ceylon-backend-ecosystem","timestamp":"2026-07-15 10:32:49"}
{"level":"info","message":{"ip":"::1","method":"GET","url":"/api/v1/wishlist"},"service":"purely-ceylon-backend-ecosystem","timestamp":"2026-07-15 10:32:49"}
{"level":"info","message":{"ip":"::1","method":"OPTIONS","url":"/api/v1/cart"},"service":"purely-ceylon-backend-ecosystem","timestamp":"2026-07-15 10:32:51"}
{"level":"info","message":{"ip":"::1","method":"OPTIONS","url":"/api/v1/cart"},"service":"purely-ceylon-backend-ecosystem","timestamp":"2026-07-15 10:32:51"}
{"level":"info","message":{"ip":"::1","method":"GET","url":"/api/v1/cart"},"service":"purely-ceylon-backend-ecosystem","timestamp":"2026-07-15 10:32:51"}
{"level":"info","message":{"ip":"::1","method":"GET","url":"/api/v1/cart"},"service":"purely-ceylon-backend-ecosystem","timestamp":"2026-07-15 10:32:51"}
{"level":"info","message":{"ip":"::1","method":"GET","url":"/api/v1/wishlist"},"service":"purely-ceylon-backend-ecosystem","timestamp":"2026-07-15 10:32:53"}
{"level":"info","message":{"ip":"::1","method":"GET","url":"/api/v1/wishlist"},"service":"purely-ceylon-backend-ecosystem","timestamp":"2026-07-15 10:32:53"}
{"level":"info","message":{"ip":"::1","method":"GET","url":"/api/v1/wishlist"},"service":"purely-ceylon-backend-ecosystem","timestamp":"2026-07-15 10:32:53"}
{"level":"info","message":{"ip":"::1","method":"GET","url":"/api/v1/wishlist"},"service":"purely-ceylon-backend-ecosystem","timestamp":"2026-07-15 10:32:53"}
{"level":"info","message":{"ip":"::1","method":"OPTIONS","url":"/api/v1/cart/add"},"service":"purely-ceylon-backend-ecosystem","timestamp":"2026-07-15 10:32:55"}
{"level":"info","message":{"ip":"::1","method":"POST","url":"/api/v1/cart/add"},"service":"purely-ceylon-backend-ecosystem","timestamp":"2026-07-15 10:32:55"}
{"level":"info","message":{"ip":"::1","method":"OPTIONS","url":"/api/v1/wishlist/00994df0-7229-42a1-b7aa-0812c7af5535"},"service":"purely-ceylon-backend-ecosystem","timestamp":"2026-07-15 10:32:55"}
{"level":"info","message":{"ip":"::1","method":"DELETE","url":"/api/v1/wishlist/00994df0-7229-42a1-b7aa-0812c7af5535"},"service":"purely-ceylon-backend-ecosystem","timestamp":"2026-07-15 10:32:55"}
{"level":"info","message":{"ip":"::1","method":"OPTIONS","url":"/api/v1/cart"},"service":"purely-ceylon-backend-ecosystem","timestamp":"2026-07-15 10:32:56"}
{"level":"info","message":{"ip":"::1","method":"OPTIONS","url":"/api/v1/wishlist"},"service":"purely-ceylon-backend-ecosystem","timestamp":"2026-07-15 10:32:56"}
{"level":"info","message":{"ip":"::1","method":"GET","url":"/api/v1/cart"},"service":"purely-ceylon-backend-ecosystem","timestamp":"2026-07-15 10:32:56"}
{"level":"info","message":{"ip":"::1","method":"GET","url":"/api/v1/wishlist"},"service":"purely-ceylon-backend-ecosystem","timestamp":"2026-07-15 10:32:56"}
{"level":"info","message":{"ip":"::1","method":"GET","url":"/api/v1/wishlist"},"service":"purely-ceylon-backend-ecosystem","timestamp":"2026-07-15 10:32:56"}
{"level":"info","message":{"ip":"::1","method":"GET","url":"/api/v1/wishlist"},"service":"purely-ceylon-backend-ecosystem","timestamp":"2026-07-15 10:32:56"}
{"level":"info","message":{"ip":"::1","method":"GET","url":"/api/v1/cart"},"service":"purely-ceylon-backend-ecosystem","timestamp":"2026-07-15 10:32:57"}
{"level":"info","message":{"ip":"::1","method":"GET","url":"/api/v1/cart"},"service":"purely-ceylon-backend-ecosystem","timestamp":"2026-07-15 10:32:57"}
{"level":"info","message":{"ip":"::1","method":"OPTIONS","url":"/api/v1/address"},"service":"purely-ceylon-backend-ecosystem","timestamp":"2026-07-15 10:32:59"}
{"level":"info","message":{"ip":"::1","method":"OPTIONS","url":"/api/v1/address"},"service":"purely-ceylon-backend-ecosystem","timestamp":"2026-07-15 10:32:59"}
{"level":"info","message":{"ip":"::1","method":"GET","url":"/api/v1/cart"},"service":"purely-ceylon-backend-ecosystem","timestamp":"2026-07-15 10:32:59"}
{"level":"info","message":{"ip":"::1","method":"GET","url":"/api/v1/address"},"service":"purely-ceylon-backend-ecosystem","timestamp":"2026-07-15 10:32:59"}
{"level":"info","message":{"ip":"::1","method":"GET","url":"/api/v1/address"},"service":"purely-ceylon-backend-ecosystem","timestamp":"2026-07-15 10:32:59"}
{"level":"info","message":{"ip":"::1","method":"GET","url":"/api/v1/cart"},"service":"purely-ceylon-backend-ecosystem","timestamp":"2026-07-15 10:32:59"}
{"level":"info","message":{"ip":"::1","method":"OPTIONS","url":"/api/v1/orders/my-orders"},"service":"purely-ceylon-backend-ecosystem","timestamp":"2026-07-15 10:33:01"}
{"level":"info","message":{"ip":"::1","method":"OPTIONS","url":"/api/v1/orders/my-orders"},"service":"purely-ceylon-backend-ecosystem","timestamp":"2026-07-15 10:33:01"}
{"level":"info","message":{"ip":"::1","method":"GET","url":"/api/v1/orders/my-orders"},"service":"purely-ceylon-backend-ecosystem","timestamp":"2026-07-15 10:33:01"}
{"level":"info","message":{"ip":"::1","method":"GET","url":"/api/v1/orders/my-orders"},"service":"purely-ceylon-backend-ecosystem","timestamp":"2026-07-15 10:33:01"}
{"level":"info","message":{"ip":"::1","method":"GET","url":"/api/v1/orders/my-orders"},"service":"purely-ceylon-backend-ecosystem","timestamp":"2026-07-15 10:33:03"}
{"level":"info","message":{"ip":"::1","method":"GET","url":"/api/v1/address"},"service":"purely-ceylon-backend-ecosystem","timestamp":"2026-07-15 10:33:03"}
{"level":"info","message":{"ip":"::1","method":"GET","url":"/api/v1/orders/my-orders"},"service":"purely-ceylon-backend-ecosystem","timestamp":"2026-07-15 10:33:03"}
{"level":"info","message":{"ip":"::1","method":"GET","url":"/api/v1/address"},"service":"purely-ceylon-backend-ecosystem","timestamp":"2026-07-15 10:33:03"}
{"level":"info","message":{"ip":"::1","method":"GET","url":"/api/v1/address"},"service":"purely-ceylon-backend-ecosystem","timestamp":"2026-07-15 10:33:03"}
{"level":"info","message":{"ip":"::1","method":"GET","url":"/api/v1/address"},"service":"purely-ceylon-backend-ecosystem","timestamp":"2026-07-15 10:33:03"}
{"level":"info","message":{"ip":"::1","method":"OPTIONS","url":"/api/v1/orders/my-orders"},"service":"purely-ceylon-backend-ecosystem","timestamp":"2026-07-15 10:33:07"}
{"level":"info","message":{"ip":"::1","method":"OPTIONS","url":"/api/v1/orders/my-orders"},"service":"purely-ceylon-backend-ecosystem","timestamp":"2026-07-15 10:33:07"}
{"level":"info","message":{"ip":"::1","method":"GET","url":"/api/v1/orders/my-orders"},"service":"purely-ceylon-backend-ecosystem","timestamp":"2026-07-15 10:33:07"}
{"level":"info","message":{"ip":"::1","method":"GET","url":"/api/v1/orders/my-orders"},"service":"purely-ceylon-backend-ecosystem","timestamp":"2026-07-15 10:33:07"}
{"level":"info","message":{"ip":"::1","method":"OPTIONS","url":"/api/v1/categories"},"service":"purely-ceylon-backend-ecosystem","timestamp":"2026-07-15 10:33:38"}
{"level":"info","message":{"ip":"::1","method":"OPTIONS","url":"/api/v1/products"},"service":"purely-ceylon-backend-ecosystem","timestamp":"2026-07-15 10:33:38"}
{"level":"info","message":{"ip":"::1","method":"OPTIONS","url":"/api/v1/categories"},"service":"purely-ceylon-backend-ecosystem","timestamp":"2026-07-15 10:33:38"}
{"level":"info","message":{"ip":"::1","method":"OPTIONS","url":"/api/v1/products"},"service":"purely-ceylon-backend-ecosystem","timestamp":"2026-07-15 10:33:38"}
{"level":"info","message":{"ip":"::1","method":"GET","url":"/api/v1/categories"},"service":"purely-ceylon-backend-ecosystem","timestamp":"2026-07-15 10:33:38"}
{"level":"info","message":{"ip":"::1","method":"GET","url":"/api/v1/products"},"service":"purely-ceylon-backend-ecosystem","timestamp":"2026-07-15 10:33:38"}
{"level":"info","message":{"ip":"::1","method":"GET","url":"/api/v1/categories"},"service":"purely-ceylon-backend-ecosystem","timestamp":"2026-07-15 10:33:38"}
{"level":"info","message":{"ip":"::1","method":"GET","url":"/api/v1/products"},"service":"purely-ceylon-backend-ecosystem","timestamp":"2026-07-15 10:33:38"}
{"level":"info","message":{"ip":"::1","method":"OPTIONS","url":"/api/v1/wishlist/add"},"service":"purely-ceylon-backend-ecosystem","timestamp":"2026-07-15 10:33:41"}
{"level":"info","message":{"ip":"::1","method":"POST","url":"/api/v1/wishlist/add"},"service":"purely-ceylon-backend-ecosystem","timestamp":"2026-07-15 10:33:41"}
{"level":"info","message":{"ip":"::1","method":"OPTIONS","url":"/api/v1/profile/me"},"service":"purely-ceylon-backend-ecosystem","timestamp":"2026-07-15 10:33:44"}
{"level":"info","message":{"ip":"::1","method":"OPTIONS","url":"/api/v1/categories"},"service":"purely-ceylon-backend-ecosystem","timestamp":"2026-07-15 10:33:44"}
{"level":"info","message":{"ip":"::1","method":"OPTIONS","url":"/api/v1/products"},"service":"purely-ceylon-backend-ecosystem","timestamp":"2026-07-15 10:33:44"}
{"level":"info","message":{"ip":"::1","method":"OPTIONS","url":"/api/v1/categories"},"service":"purely-ceylon-backend-ecosystem","timestamp":"2026-07-15 10:33:44"}
{"level":"info","message":{"ip":"::1","method":"OPTIONS","url":"/api/v1/cart"},"service":"purely-ceylon-backend-ecosystem","timestamp":"2026-07-15 10:33:44"}
{"level":"info","message":{"ip":"::1","method":"OPTIONS","url":"/api/v1/wishlist"},"service":"purely-ceylon-backend-ecosystem","timestamp":"2026-07-15 10:33:44"}
{"level":"info","message":{"ip":"::1","method":"GET","url":"/api/v1/categories"},"service":"purely-ceylon-backend-ecosystem","timestamp":"2026-07-15 10:33:44"}
{"level":"info","message":{"ip":"::1","method":"OPTIONS","url":"/api/v1/address"},"service":"purely-ceylon-backend-ecosystem","timestamp":"2026-07-15 10:33:44"}
{"level":"info","message":{"ip":"::1","method":"OPTIONS","url":"/api/v1/wishlist"},"service":"purely-ceylon-backend-ecosystem","timestamp":"2026-07-15 10:33:44"}
{"level":"info","message":{"ip":"::1","method":"OPTIONS","url":"/api/v1/cart"},"service":"purely-ceylon-backend-ecosystem","timestamp":"2026-07-15 10:33:44"}
{"level":"info","message":{"ip":"::1","method":"OPTIONS","url":"/api/v1/wishlist"},"service":"purely-ceylon-backend-ecosystem","timestamp":"2026-07-15 10:33:44"}
{"level":"info","message":{"ip":"::1","method":"GET","url":"/api/v1/products"},"service":"purely-ceylon-backend-ecosystem","timestamp":"2026-07-15 10:33:44"}
{"level":"info","message":{"ip":"::1","method":"OPTIONS","url":"/api/v1/wishlist"},"service":"purely-ceylon-backend-ecosystem","timestamp":"2026-07-15 10:33:44"}
{"level":"info","message":{"ip":"::1","method":"OPTIONS","url":"/api/v1/profile/me"},"service":"purely-ceylon-backend-ecosystem","timestamp":"2026-07-15 10:33:44"}
{"level":"info","message":{"ip":"::1","method":"OPTIONS","url":"/api/v1/products"},"service":"purely-ceylon-backend-ecosystem","timestamp":"2026-07-15 10:33:44"}
{"level":"info","message":{"ip":"::1","method":"OPTIONS","url":"/api/v1/address"},"service":"purely-ceylon-backend-ecosystem","timestamp":"2026-07-15 10:33:44"}
{"level":"info","message":{"ip":"::1","method":"OPTIONS","url":"/api/v1/cart"},"service":"purely-ceylon-backend-ecosystem","timestamp":"2026-07-15 10:33:44"}
{"level":"info","message":{"ip":"::1","method":"OPTIONS","url":"/api/v1/cart"},"service":"purely-ceylon-backend-ecosystem","timestamp":"2026-07-15 10:33:44"}
{"level":"info","message":{"ip":"::1","method":"GET","url":"/api/v1/profile/me"},"service":"purely-ceylon-backend-ecosystem","timestamp":"2026-07-15 10:33:44"}
{"level":"info","message":{"ip":"::1","method":"GET","url":"/api/v1/cart"},"service":"purely-ceylon-backend-ecosystem","timestamp":"2026-07-15 10:33:45"}
{"level":"info","message":{"ip":"::1","method":"GET","url":"/api/v1/wishlist"},"service":"purely-ceylon-backend-ecosystem","timestamp":"2026-07-15 10:33:45"}
{"level":"info","message":{"ip":"::1","method":"GET","url":"/api/v1/address"},"service":"purely-ceylon-backend-ecosystem","timestamp":"2026-07-15 10:33:45"}
{"level":"info","message":{"ip":"::1","method":"GET","url":"/api/v1/categories"},"service":"purely-ceylon-backend-ecosystem","timestamp":"2026-07-15 10:33:45"}
{"level":"info","message":{"ip":"::1","method":"GET","url":"/api/v1/products"},"service":"purely-ceylon-backend-ecosystem","timestamp":"2026-07-15 10:33:45"}
{"level":"info","message":{"ip":"::1","method":"GET","url":"/api/v1/profile/me"},"service":"purely-ceylon-backend-ecosystem","timestamp":"2026-07-15 10:33:45"}
{"level":"info","message":{"ip":"::1","method":"GET","url":"/api/v1/wishlist"},"service":"purely-ceylon-backend-ecosystem","timestamp":"2026-07-15 10:33:45"}
{"level":"info","message":{"ip":"::1","method":"GET","url":"/uploads/profile/1784089235427-807036197.png"},"service":"purely-ceylon-backend-ecosystem","timestamp":"2026-07-15 10:33:45"}
{"level":"info","message":{"ip":"::1","method":"GET","url":"/api/v1/address"},"service":"purely-ceylon-backend-ecosystem","timestamp":"2026-07-15 10:33:45"}
{"level":"info","message":{"ip":"::1","method":"GET","url":"/api/v1/cart"},"service":"purely-ceylon-backend-ecosystem","timestamp":"2026-07-15 10:33:45"}
{"level":"info","message":{"ip":"::1","method":"GET","url":"/api/v1/wishlist"},"service":"purely-ceylon-backend-ecosystem","timestamp":"2026-07-15 10:33:45"}
{"level":"info","message":{"ip":"::1","method":"GET","url":"/api/v1/cart"},"service":"purely-ceylon-backend-ecosystem","timestamp":"2026-07-15 10:33:45"}
{"level":"info","message":{"ip":"::1","method":"GET","url":"/api/v1/wishlist"},"service":"purely-ceylon-backend-ecosystem","timestamp":"2026-07-15 10:33:45"}
{"level":"info","message":{"ip":"::1","method":"GET","url":"/api/v1/cart"},"service":"purely-ceylon-backend-ecosystem","timestamp":"2026-07-15 10:33:45"}
{"level":"info","message":{"ip":"::1","method":"OPTIONS","url":"/api/v1/cart/add"},"service":"purely-ceylon-backend-ecosystem","timestamp":"2026-07-15 10:33:49"}
{"level":"info","message":{"ip":"::1","method":"POST","url":"/api/v1/cart/add"},"service":"purely-ceylon-backend-ecosystem","timestamp":"2026-07-15 10:33:49"}
{"level":"info","message":{"ip":"::1","method":"OPTIONS","url":"/api/v1/profile/me"},"service":"purely-ceylon-backend-ecosystem","timestamp":"2026-07-15 10:34:03"}
{"level":"info","message":{"ip":"::1","method":"OPTIONS","url":"/api/v1/profile/me"},"service":"purely-ceylon-backend-ecosystem","timestamp":"2026-07-15 10:34:03"}
{"level":"info","message":{"ip":"::1","method":"OPTIONS","url":"/api/v1/cart"},"service":"purely-ceylon-backend-ecosystem","timestamp":"2026-07-15 10:34:04"}
{"level":"info","message":{"ip":"::1","method":"OPTIONS","url":"/api/v1/address"},"service":"purely-ceylon-backend-ecosystem","timestamp":"2026-07-15 10:34:04"}
{"level":"info","message":{"ip":"::1","method":"OPTIONS","url":"/api/v1/wishlist"},"service":"purely-ceylon-backend-ecosystem","timestamp":"2026-07-15 10:34:04"}
{"level":"info","message":{"ip":"::1","method":"OPTIONS","url":"/api/v1/cart"},"service":"purely-ceylon-backend-ecosystem","timestamp":"2026-07-15 10:34:04"}
{"level":"info","message":{"ip":"::1","method":"OPTIONS","url":"/api/v1/wishlist"},"service":"purely-ceylon-backend-ecosystem","timestamp":"2026-07-15 10:34:04"}
{"level":"info","message":{"ip":"::1","method":"OPTIONS","url":"/api/v1/cart"},"service":"purely-ceylon-backend-ecosystem","timestamp":"2026-07-15 10:34:04"}
{"level":"info","message":{"ip":"::1","method":"OPTIONS","url":"/api/v1/wishlist"},"service":"purely-ceylon-backend-ecosystem","timestamp":"2026-07-15 10:34:04"}
{"level":"info","message":{"ip":"::1","method":"OPTIONS","url":"/api/v1/categories"},"service":"purely-ceylon-backend-ecosystem","timestamp":"2026-07-15 10:34:04"}
{"level":"info","message":{"ip":"::1","method":"OPTIONS","url":"/api/v1/products"},"service":"purely-ceylon-backend-ecosystem","timestamp":"2026-07-15 10:34:04"}
{"level":"info","message":{"ip":"::1","method":"OPTIONS","url":"/api/v1/address"},"service":"purely-ceylon-backend-ecosystem","timestamp":"2026-07-15 10:34:04"}
{"level":"info","message":{"ip":"::1","method":"OPTIONS","url":"/api/v1/wishlist"},"service":"purely-ceylon-backend-ecosystem","timestamp":"2026-07-15 10:34:04"}
{"level":"info","message":{"ip":"::1","method":"OPTIONS","url":"/api/v1/cart"},"service":"purely-ceylon-backend-ecosystem","timestamp":"2026-07-15 10:34:04"}
{"level":"info","message":{"ip":"::1","method":"GET","url":"/api/v1/profile/me"},"service":"purely-ceylon-backend-ecosystem","timestamp":"2026-07-15 10:34:04"}
{"level":"info","message":{"ip":"::1","method":"OPTIONS","url":"/api/v1/categories"},"service":"purely-ceylon-backend-ecosystem","timestamp":"2026-07-15 10:34:05"}
{"level":"info","message":{"ip":"::1","method":"OPTIONS","url":"/api/v1/products"},"service":"purely-ceylon-backend-ecosystem","timestamp":"2026-07-15 10:34:05"}
{"level":"info","message":{"ip":"::1","method":"GET","url":"/api/v1/cart"},"service":"purely-ceylon-backend-ecosystem","timestamp":"2026-07-15 10:34:05"}
{"level":"info","message":{"ip":"::1","method":"GET","url":"/api/v1/address"},"service":"purely-ceylon-backend-ecosystem","timestamp":"2026-07-15 10:34:05"}
{"level":"info","message":{"ip":"::1","method":"GET","url":"/api/v1/wishlist"},"service":"purely-ceylon-backend-ecosystem","timestamp":"2026-07-15 10:34:05"}
{"level":"info","message":{"ip":"::1","method":"GET","url":"/api/v1/categories"},"service":"purely-ceylon-backend-ecosystem","timestamp":"2026-07-15 10:34:05"}
{"level":"info","message":{"ip":"::1","method":"GET","url":"/api/v1/products"},"service":"purely-ceylon-backend-ecosystem","timestamp":"2026-07-15 10:34:05"}
{"level":"info","message":{"ip":"::1","method":"GET","url":"/api/v1/profile/me"},"service":"purely-ceylon-backend-ecosystem","timestamp":"2026-07-15 10:34:06"}
{"level":"info","message":{"ip":"::1","method":"GET","url":"/api/v1/address"},"service":"purely-ceylon-backend-ecosystem","timestamp":"2026-07-15 10:34:06"}
{"level":"info","message":{"ip":"::1","method":"GET","url":"/api/v1/wishlist"},"service":"purely-ceylon-backend-ecosystem","timestamp":"2026-07-15 10:34:06"}
{"level":"info","message":{"ip":"::1","method":"GET","url":"/api/v1/categories"},"service":"purely-ceylon-backend-ecosystem","timestamp":"2026-07-15 10:34:06"}
{"level":"info","message":{"ip":"::1","method":"GET","url":"/api/v1/products"},"service":"purely-ceylon-backend-ecosystem","timestamp":"2026-07-15 10:34:07"}
{"level":"info","message":{"ip":"::1","method":"GET","url":"/uploads/profile/1784089235427-807036197.png"},"service":"purely-ceylon-backend-ecosystem","timestamp":"2026-07-15 10:34:07"}
{"level":"info","message":{"ip":"::1","method":"GET","url":"/api/v1/cart"},"service":"purely-ceylon-backend-ecosystem","timestamp":"2026-07-15 10:34:07"}
{"level":"info","message":{"ip":"::1","method":"GET","url":"/api/v1/wishlist"},"service":"purely-ceylon-backend-ecosystem","timestamp":"2026-07-15 10:34:07"}
{"level":"info","message":{"ip":"::1","method":"GET","url":"/api/v1/cart"},"service":"purely-ceylon-backend-ecosystem","timestamp":"2026-07-15 10:34:08"}
{"level":"info","message":{"ip":"::1","method":"GET","url":"/api/v1/wishlist"},"service":"purely-ceylon-backend-ecosystem","timestamp":"2026-07-15 10:34:09"}
{"level":"info","message":{"ip":"::1","method":"GET","url":"/api/v1/cart"},"service":"purely-ceylon-backend-ecosystem","timestamp":"2026-07-15 10:34:09"}
{"level":"info","message":{"ip":"::1","method":"OPTIONS","url":"/api/v1/cart"},"service":"purely-ceylon-backend-ecosystem","timestamp":"2026-07-15 10:34:28"}
{"level":"info","message":{"ip":"::1","method":"OPTIONS","url":"/api/v1/cart"},"service":"purely-ceylon-backend-ecosystem","timestamp":"2026-07-15 10:34:28"}
{"level":"info","message":{"ip":"::1","method":"GET","url":"/api/v1/cart"},"service":"purely-ceylon-backend-ecosystem","timestamp":"2026-07-15 10:34:28"}
{"level":"info","message":{"ip":"::1","method":"GET","url":"/api/v1/cart"},"service":"purely-ceylon-backend-ecosystem","timestamp":"2026-07-15 10:34:28"}
{"level":"info","message":{"ip":"::1","method":"OPTIONS","url":"/api/v1/profile/me"},"service":"purely-ceylon-backend-ecosystem","timestamp":"2026-07-15 10:34:37"}
{"level":"info","message":{"ip":"::1","method":"OPTIONS","url":"/api/v1/profile/me"},"service":"purely-ceylon-backend-ecosystem","timestamp":"2026-07-15 10:34:37"}
{"level":"info","message":{"ip":"::1","method":"OPTIONS","url":"/api/v1/cart"},"service":"purely-ceylon-backend-ecosystem","timestamp":"2026-07-15 10:34:37"}
{"level":"info","message":{"ip":"::1","method":"OPTIONS","url":"/api/v1/wishlist"},"service":"purely-ceylon-backend-ecosystem","timestamp":"2026-07-15 10:34:37"}
{"level":"info","message":{"ip":"::1","method":"OPTIONS","url":"/api/v1/cart"},"service":"purely-ceylon-backend-ecosystem","timestamp":"2026-07-15 10:34:37"}
{"level":"info","message":{"ip":"::1","method":"OPTIONS","url":"/api/v1/address"},"service":"purely-ceylon-backend-ecosystem","timestamp":"2026-07-15 10:34:37"}
{"level":"info","message":{"ip":"::1","method":"OPTIONS","url":"/api/v1/wishlist"},"service":"purely-ceylon-backend-ecosystem","timestamp":"2026-07-15 10:34:37"}
{"level":"info","message":{"ip":"::1","method":"OPTIONS","url":"/api/v1/cart"},"service":"purely-ceylon-backend-ecosystem","timestamp":"2026-07-15 10:34:37"}
{"level":"info","message":{"ip":"::1","method":"OPTIONS","url":"/api/v1/cart"},"service":"purely-ceylon-backend-ecosystem","timestamp":"2026-07-15 10:34:37"}
{"level":"info","message":{"ip":"::1","method":"OPTIONS","url":"/api/v1/wishlist"},"service":"purely-ceylon-backend-ecosystem","timestamp":"2026-07-15 10:34:37"}
{"level":"info","message":{"ip":"::1","method":"OPTIONS","url":"/api/v1/cart"},"service":"purely-ceylon-backend-ecosystem","timestamp":"2026-07-15 10:34:37"}
{"level":"info","message":{"ip":"::1","method":"OPTIONS","url":"/api/v1/address"},"service":"purely-ceylon-backend-ecosystem","timestamp":"2026-07-15 10:34:38"}
{"level":"info","message":{"ip":"::1","method":"OPTIONS","url":"/api/v1/wishlist"},"service":"purely-ceylon-backend-ecosystem","timestamp":"2026-07-15 10:34:38"}
{"level":"info","message":{"ip":"::1","method":"OPTIONS","url":"/api/v1/cart"},"service":"purely-ceylon-backend-ecosystem","timestamp":"2026-07-15 10:34:38"}
{"level":"info","message":{"ip":"::1","method":"GET","url":"/api/v1/profile/me"},"service":"purely-ceylon-backend-ecosystem","timestamp":"2026-07-15 10:34:38"}
{"level":"info","message":{"ip":"::1","method":"GET","url":"/api/v1/cart"},"service":"purely-ceylon-backend-ecosystem","timestamp":"2026-07-15 10:34:38"}
{"level":"info","message":{"ip":"::1","method":"GET","url":"/api/v1/wishlist"},"service":"purely-ceylon-backend-ecosystem","timestamp":"2026-07-15 10:34:38"}
{"level":"info","message":{"ip":"::1","method":"GET","url":"/api/v1/address"},"service":"purely-ceylon-backend-ecosystem","timestamp":"2026-07-15 10:34:39"}
{"level":"info","message":{"ip":"::1","method":"GET","url":"/api/v1/wishlist"},"service":"purely-ceylon-backend-ecosystem","timestamp":"2026-07-15 10:34:39"}
{"level":"info","message":{"ip":"::1","method":"GET","url":"/api/v1/wishlist"},"service":"purely-ceylon-backend-ecosystem","timestamp":"2026-07-15 10:34:39"}
{"level":"info","message":{"ip":"::1","method":"GET","url":"/api/v1/wishlist"},"service":"purely-ceylon-backend-ecosystem","timestamp":"2026-07-15 10:34:39"}
{"level":"info","message":{"ip":"::1","method":"GET","url":"/api/v1/address"},"service":"purely-ceylon-backend-ecosystem","timestamp":"2026-07-15 10:34:39"}
{"level":"info","message":{"ip":"::1","method":"GET","url":"/api/v1/profile/me"},"service":"purely-ceylon-backend-ecosystem","timestamp":"2026-07-15 10:34:39"}
{"level":"info","message":{"ip":"::1","method":"GET","url":"/uploads/profile/1784089235427-807036197.png"},"service":"purely-ceylon-backend-ecosystem","timestamp":"2026-07-15 10:34:39"}
{"level":"info","message":{"ip":"::1","method":"GET","url":"/api/v1/cart"},"service":"purely-ceylon-backend-ecosystem","timestamp":"2026-07-15 10:34:40"}
{"level":"info","message":{"ip":"::1","method":"GET","url":"/api/v1/cart"},"service":"purely-ceylon-backend-ecosystem","timestamp":"2026-07-15 10:34:40"}
{"level":"info","message":{"ip":"::1","method":"GET","url":"/api/v1/cart"},"service":"purely-ceylon-backend-ecosystem","timestamp":"2026-07-15 10:34:40"}
{"level":"info","message":{"ip":"::1","method":"GET","url":"/api/v1/cart"},"service":"purely-ceylon-backend-ecosystem","timestamp":"2026-07-15 10:34:40"}
{"level":"info","message":{"ip":"::1","method":"GET","url":"/api/v1/cart"},"service":"purely-ceylon-backend-ecosystem","timestamp":"2026-07-15 10:34:40"}
{"level":"info","message":"📧 Processing Email Queue","service":"purely-ceylon-backend-ecosystem","timestamp":"2026-07-15 10:35:00"}
{"level":"info","message":{"ip":"::1","method":"OPTIONS","url":"/api/v1/auth/login"},"service":"purely-ceylon-backend-ecosystem","timestamp":"2026-07-15 10:39:32"}
{"level":"info","message":{"ip":"::1","method":"POST","url":"/api/v1/auth/login"},"service":"purely-ceylon-backend-ecosystem","timestamp":"2026-07-15 10:39:32"}
{"level":"info","message":{"ip":"::1","method":"OPTIONS","url":"/api/v1/auth/login"},"service":"purely-ceylon-backend-ecosystem","timestamp":"2026-07-15 10:39:46"}
{"level":"info","message":{"ip":"::1","method":"POST","url":"/api/v1/auth/login"},"service":"purely-ceylon-backend-ecosystem","timestamp":"2026-07-15 10:39:46"}
{"level":"info","message":"📧 Processing Email Queue","service":"purely-ceylon-backend-ecosystem","timestamp":"2026-07-15 10:40:00"}
{"level":"info","message":"📧 Processing Email Queue","service":"purely-ceylon-backend-ecosystem","timestamp":"2026-07-15 10:45:00"}
{"level":"info","message":{"ip":"::1","method":"GET","url":"/api/v1/address"},"service":"purely-ceylon-backend-ecosystem","timestamp":"2026-07-15 10:45:52"}
{"level":"info","message":{"ip":"::1","method":"GET","url":"/api/v1/wishlist"},"service":"purely-ceylon-backend-ecosystem","timestamp":"2026-07-15 10:45:52"}
{"level":"info","message":{"ip":"::1","method":"GET","url":"/api/v1/cart"},"service":"purely-ceylon-backend-ecosystem","timestamp":"2026-07-15 10:45:52"}
{"level":"info","message":{"ip":"::1","method":"GET","url":"/api/v1/address"},"service":"purely-ceylon-backend-ecosystem","timestamp":"2026-07-15 10:45:52"}
{"level":"info","message":{"ip":"::1","method":"GET","url":"/api/v1/wishlist"},"service":"purely-ceylon-backend-ecosystem","timestamp":"2026-07-15 10:45:52"}
{"level":"info","message":{"ip":"::1","method":"GET","url":"/api/v1/cart"},"service":"purely-ceylon-backend-ecosystem","timestamp":"2026-07-15 10:45:52"}
{"level":"info","message":"📧 Processing Email Queue","service":"purely-ceylon-backend-ecosystem","timestamp":"2026-07-15 10:50:00"}
{"level":"info","message":"Gracefully shutting down...","service":"purely-ceylon-backend-ecosystem","timestamp":"2026-07-15 10:53:58"}
{"level":"info","message":"✅ All Background Jobs Started Successfully","service":"purely-ceylon-backend-ecosystem","timestamp":"2026-07-15 11:18:11"}
{"level":"info","message":"✅ Email credentials loaded successfully.","service":"purely-ceylon-backend-ecosystem","timestamp":"2026-07-15 11:18:11"}
{"level":"info","message":"Server running on 5000","service":"purely-ceylon-backend-ecosystem","timestamp":"2026-07-15 11:18:11"}
{"level":"info","message":{"ip":"::1","method":"GET","url":"/api/v1/address"},"service":"purely-ceylon-backend-ecosystem","timestamp":"2026-07-15 11:18:26"}
{"level":"info","message":{"ip":"::1","method":"GET","url":"/api/v1/wishlist"},"service":"purely-ceylon-backend-ecosystem","timestamp":"2026-07-15 11:18:30"}
{"level":"info","message":{"ip":"::1","method":"GET","url":"/api/v1/cart"},"service":"purely-ceylon-backend-ecosystem","timestamp":"2026-07-15 11:18:30"}
{"level":"info","message":{"ip":"::1","method":"GET","url":"/api/v1/address"},"service":"purely-ceylon-backend-ecosystem","timestamp":"2026-07-15 11:18:30"}
{"level":"info","message":{"ip":"::1","method":"GET","url":"/api/v1/wishlist"},"service":"purely-ceylon-backend-ecosystem","timestamp":"2026-07-15 11:18:30"}
{"level":"info","message":{"ip":"::1","method":"GET","url":"/api/v1/cart"},"service":"purely-ceylon-backend-ecosystem","timestamp":"2026-07-15 11:18:31"}
{"level":"info","message":{"ip":"::1","method":"GET","url":"/api/v1/address"},"service":"purely-ceylon-backend-ecosystem","timestamp":"2026-07-15 11:18:33"}
{"level":"info","message":{"ip":"::1","method":"GET","url":"/api/v1/wishlist"},"service":"purely-ceylon-backend-ecosystem","timestamp":"2026-07-15 11:18:33"}
{"level":"info","message":{"ip":"::1","method":"GET","url":"/api/v1/cart"},"service":"purely-ceylon-backend-ecosystem","timestamp":"2026-07-15 11:18:33"}
{"level":"info","message":{"ip":"::1","method":"GET","url":"/api/v1/cart"},"service":"purely-ceylon-backend-ecosystem","timestamp":"2026-07-15 11:18:33"}
{"level":"info","message":{"ip":"::1","method":"GET","url":"/api/v1/orders/admin/dashboard"},"service":"purely-ceylon-backend-ecosystem","timestamp":"2026-07-15 11:18:33"}
{"level":"info","message":{"ip":"::1","method":"GET","url":"/api/v1/orders/admin/dashboard"},"service":"purely-ceylon-backend-ecosystem","timestamp":"2026-07-15 11:18:33"}
{"level":"info","message":{"ip":"::1","method":"GET","url":"/api/v1/address"},"service":"purely-ceylon-backend-ecosystem","timestamp":"2026-07-15 11:18:34"}
{"level":"info","message":{"ip":"::1","method":"GET","url":"/api/v1/wishlist"},"service":"purely-ceylon-backend-ecosystem","timestamp":"2026-07-15 11:18:34"}
{"level":"info","message":{"ip":"::1","method":"GET","url":"/api/v1/admin/revenue-dashboard"},"service":"purely-ceylon-backend-ecosystem","timestamp":"2026-07-15 11:18:37"}
{"level":"info","message":{"ip":"::1","method":"GET","url":"/api/v1/admin/revenue-dashboard"},"service":"purely-ceylon-backend-ecosystem","timestamp":"2026-07-15 11:18:39"}
{"level":"info","message":{"ip":"::1","method":"OPTIONS","url":"/api/v1/admin/monthly-sales"},"service":"purely-ceylon-backend-ecosystem","timestamp":"2026-07-15 11:18:40"}
{"level":"info","message":{"ip":"::1","method":"OPTIONS","url":"/api/v1/admin/top-products"},"service":"purely-ceylon-backend-ecosystem","timestamp":"2026-07-15 11:18:40"}
{"level":"info","message":{"ip":"::1","method":"GET","url":"/api/v1/admin/monthly-sales"},"service":"purely-ceylon-backend-ecosystem","timestamp":"2026-07-15 11:18:40"}
{"level":"info","message":{"ip":"::1","method":"GET","url":"/api/v1/admin/top-products"},"service":"purely-ceylon-backend-ecosystem","timestamp":"2026-07-15 11:18:40"}
{"level":"info","message":{"ip":"::1","method":"GET","url":"/api/v1/address"},"service":"purely-ceylon-backend-ecosystem","timestamp":"2026-07-15 11:18:41"}
{"level":"info","message":{"ip":"::1","method":"GET","url":"/api/v1/wishlist"},"service":"purely-ceylon-backend-ecosystem","timestamp":"2026-07-15 11:18:42"}
{"level":"info","message":{"ip":"::1","method":"GET","url":"/api/v1/cart"},"service":"purely-ceylon-backend-ecosystem","timestamp":"2026-07-15 11:18:42"}
{"level":"info","message":{"ip":"::1","method":"GET","url":"/api/v1/address"},"service":"purely-ceylon-backend-ecosystem","timestamp":"2026-07-15 11:18:42"}
{"level":"info","message":{"ip":"::1","method":"GET","url":"/api/v1/wishlist"},"service":"purely-ceylon-backend-ecosystem","timestamp":"2026-07-15 11:18:42"}
{"level":"info","message":{"ip":"::1","method":"GET","url":"/api/v1/cart"},"service":"purely-ceylon-backend-ecosystem","timestamp":"2026-07-15 11:18:42"}
{"level":"info","message":{"ip":"::1","method":"OPTIONS","url":"/api/v1/auth/forgot-password"},"service":"purely-ceylon-backend-ecosystem","timestamp":"2026-07-15 11:18:44"}
{"level":"info","message":{"ip":"::1","method":"POST","url":"/api/v1/auth/forgot-password"},"service":"purely-ceylon-backend-ecosystem","timestamp":"2026-07-15 11:18:44"}
{"level":"info","message":{"ip":"::1","method":"GET","url":"/api/v1/admin/monthly-sales"},"service":"purely-ceylon-backend-ecosystem","timestamp":"2026-07-15 11:18:44"}
{"level":"info","message":{"ip":"::1","method":"GET","url":"/api/v1/admin/top-products"},"service":"purely-ceylon-backend-ecosystem","timestamp":"2026-07-15 11:18:45"}
{"level":"info","message":{"ip":"::1","method":"GET","url":"/api/v1/admin/top-analytics"},"service":"purely-ceylon-backend-ecosystem","timestamp":"2026-07-15 11:18:45"}
{"level":"info","message":{"ip":"::1","method":"GET","url":"/api/v1/admin/top-analytics"},"service":"purely-ceylon-backend-ecosystem","timestamp":"2026-07-15 11:18:47"}
{"level":"info","message":"📧 Processing Email Queue","service":"purely-ceylon-backend-ecosystem","timestamp":"2026-07-15 11:20:00"}
{"level":"info","message":"📧 Processing Email Queue","service":"purely-ceylon-backend-ecosystem","timestamp":"2026-07-15 11:25:00"}
{"level":"info","message":"📧 Processing Email Queue","service":"purely-ceylon-backend-ecosystem","timestamp":"2026-07-15 11:30:00"}
{"level":"info","message":"📧 Processing Email Queue","service":"purely-ceylon-backend-ecosystem","timestamp":"2026-07-15 11:35:00"}
{"level":"info","message":{"ip":"::1","method":"GET","url":"/api/v1/address"},"service":"purely-ceylon-backend-ecosystem","timestamp":"2026-07-15 11:36:40"}
{"level":"info","message":{"ip":"::1","method":"GET","url":"/api/v1/cart"},"service":"purely-ceylon-backend-ecosystem","timestamp":"2026-07-15 11:36:40"}
{"level":"info","message":{"ip":"::1","method":"GET","url":"/api/v1/wishlist"},"service":"purely-ceylon-backend-ecosystem","timestamp":"2026-07-15 11:36:40"}
{"level":"info","message":{"ip":"::1","method":"GET","url":"/api/v1/address"},"service":"purely-ceylon-backend-ecosystem","timestamp":"2026-07-15 11:36:40"}
{"level":"info","message":{"ip":"::1","method":"GET","url":"/api/v1/cart"},"service":"purely-ceylon-backend-ecosystem","timestamp":"2026-07-15 11:36:40"}
{"level":"info","message":{"ip":"::1","method":"GET","url":"/api/v1/wishlist"},"service":"purely-ceylon-backend-ecosystem","timestamp":"2026-07-15 11:36:41"}
{"level":"info","message":{"ip":"::1","method":"OPTIONS","url":"/api/v1/auth/reset-password/91eb540ba7caea357e16de4ba81af47e0c18ed1531af2988255e0036ca421d08"},"service":"purely-ceylon-backend-ecosystem","timestamp":"2026-07-15 11:36:51"}
{"level":"info","message":{"ip":"::1","method":"POST","url":"/api/v1/auth/reset-password/91eb540ba7caea357e16de4ba81af47e0c18ed1531af2988255e0036ca421d08"},"service":"purely-ceylon-backend-ecosystem","timestamp":"2026-07-15 11:36:51"}
{"level":"info","message":{"ip":"::1","method":"GET","url":"/api/v1/address"},"service":"purely-ceylon-backend-ecosystem","timestamp":"2026-07-15 11:37:09"}
{"level":"info","message":{"ip":"::1","method":"GET","url":"/api/v1/wishlist"},"service":"purely-ceylon-backend-ecosystem","timestamp":"2026-07-15 11:37:09"}
{"level":"info","message":{"ip":"::1","method":"GET","url":"/api/v1/cart"},"service":"purely-ceylon-backend-ecosystem","timestamp":"2026-07-15 11:37:09"}
{"level":"info","message":{"ip":"::1","method":"GET","url":"/api/v1/address"},"service":"purely-ceylon-backend-ecosystem","timestamp":"2026-07-15 11:37:09"}
{"level":"info","message":{"ip":"::1","method":"GET","url":"/api/v1/wishlist"},"service":"purely-ceylon-backend-ecosystem","timestamp":"2026-07-15 11:37:09"}
{"level":"info","message":{"ip":"::1","method":"GET","url":"/api/v1/cart"},"service":"purely-ceylon-backend-ecosystem","timestamp":"2026-07-15 11:37:09"}
{"level":"info","message":{"ip":"::1","method":"OPTIONS","url":"/api/v1/admin/monthly-sales"},"service":"purely-ceylon-backend-ecosystem","timestamp":"2026-07-15 11:37:09"}
{"level":"info","message":{"ip":"::1","method":"GET","url":"/api/v1/admin/monthly-sales"},"service":"purely-ceylon-backend-ecosystem","timestamp":"2026-07-15 11:37:09"}
{"level":"info","message":{"ip":"::1","method":"OPTIONS","url":"/api/v1/admin/top-products"},"service":"purely-ceylon-backend-ecosystem","timestamp":"2026-07-15 11:37:10"}
{"level":"info","message":{"ip":"::1","method":"GET","url":"/api/v1/admin/top-products"},"service":"purely-ceylon-backend-ecosystem","timestamp":"2026-07-15 11:37:10"}
{"level":"info","message":{"ip":"::1","method":"GET","url":"/api/v1/admin/monthly-sales"},"service":"purely-ceylon-backend-ecosystem","timestamp":"2026-07-15 11:37:10"}
{"level":"info","message":{"ip":"::1","method":"GET","url":"/api/v1/admin/top-products"},"service":"purely-ceylon-backend-ecosystem","timestamp":"2026-07-15 11:37:10"}
{"level":"info","message":{"ip":"::1","method":"GET","url":"/api/v1/admin/top-analytics"},"service":"purely-ceylon-backend-ecosystem","timestamp":"2026-07-15 11:37:10"}
{"level":"info","message":{"ip":"::1","method":"GET","url":"/api/v1/admin/top-analytics"},"service":"purely-ceylon-backend-ecosystem","timestamp":"2026-07-15 11:37:10"}
{"level":"info","message":{"ip":"::1","method":"OPTIONS","url":"/api/v1/auth/forgot-password"},"service":"purely-ceylon-backend-ecosystem","timestamp":"2026-07-15 11:37:18"}
{"level":"info","message":{"ip":"::1","method":"POST","url":"/api/v1/auth/forgot-password"},"service":"purely-ceylon-backend-ecosystem","timestamp":"2026-07-15 11:37:18"}
{"level":"info","message":{"ip":"::1","method":"GET","url":"/api/v1/address"},"service":"purely-ceylon-backend-ecosystem","timestamp":"2026-07-15 11:37:42"}
{"level":"info","message":{"ip":"::1","method":"GET","url":"/api/v1/wishlist"},"service":"purely-ceylon-backend-ecosystem","timestamp":"2026-07-15 11:37:42"}
{"level":"info","message":{"ip":"::1","method":"GET","url":"/api/v1/cart"},"service":"purely-ceylon-backend-ecosystem","timestamp":"2026-07-15 11:37:42"}
{"level":"info","message":{"ip":"::1","method":"GET","url":"/api/v1/address"},"service":"purely-ceylon-backend-ecosystem","timestamp":"2026-07-15 11:37:42"}
{"level":"info","message":{"ip":"::1","method":"GET","url":"/api/v1/wishlist"},"service":"purely-ceylon-backend-ecosystem","timestamp":"2026-07-15 11:37:42"}
{"level":"info","message":{"ip":"::1","method":"GET","url":"/api/v1/cart"},"service":"purely-ceylon-backend-ecosystem","timestamp":"2026-07-15 11:37:42"}
{"level":"info","message":{"ip":"::1","method":"OPTIONS","url":"/api/v1/auth/reset-password/987138e605933afb2fa2ea043a9aa6f065f967aebb5e54961f6ce6d0f36a1f4f"},"service":"purely-ceylon-backend-ecosystem","timestamp":"2026-07-15 11:37:55"}
{"level":"info","message":{"ip":"::1","method":"POST","url":"/api/v1/auth/reset-password/987138e605933afb2fa2ea043a9aa6f065f967aebb5e54961f6ce6d0f36a1f4f"},"service":"purely-ceylon-backend-ecosystem","timestamp":"2026-07-15 11:37:55"}
{"level":"info","message":{"email":"musabhafiz995@gmail.com","event":"PASSWORD_RESET_SUCCESS"},"service":"purely-ceylon-backend-ecosystem","timestamp":"2026-07-15 11:37:55"}
{"level":"info","message":{"ip":"::1","method":"OPTIONS","url":"/api/v1/auth/login"},"service":"purely-ceylon-backend-ecosystem","timestamp":"2026-07-15 11:38:10"}
{"level":"info","message":{"ip":"::1","method":"POST","url":"/api/v1/auth/login"},"service":"purely-ceylon-backend-ecosystem","timestamp":"2026-07-15 11:38:10"}
{"level":"warn","message":{"email":"musabhafiz995@gmail.com","event":"LOGIN_FAILED","reason":"Email unverified"},"service":"purely-ceylon-backend-ecosystem","timestamp":"2026-07-15 11:38:10"}
{"level":"info","message":{"ip":"::1","method":"OPTIONS","url":"/api/v1/auth/register"},"service":"purely-ceylon-backend-ecosystem","timestamp":"2026-07-15 11:38:35"}
{"level":"info","message":{"ip":"::1","method":"POST","url":"/api/v1/auth/register"},"service":"purely-ceylon-backend-ecosystem","timestamp":"2026-07-15 11:38:35"}
{"level":"info","message":{"ip":"::1","method":"OPTIONS","url":"/api/v1/auth/login"},"service":"purely-ceylon-backend-ecosystem","timestamp":"2026-07-15 11:38:46"}
{"level":"info","message":{"ip":"::1","method":"POST","url":"/api/v1/auth/login"},"service":"purely-ceylon-backend-ecosystem","timestamp":"2026-07-15 11:38:46"}
{"level":"warn","message":{"email":"musabhafiz995@gmail.com","event":"LOGIN_FAILED","reason":"Email unverified"},"service":"purely-ceylon-backend-ecosystem","timestamp":"2026-07-15 11:38:46"}
{"level":"info","message":{"ip":"::1","method":"OPTIONS","url":"/api/v1/auth/login"},"service":"purely-ceylon-backend-ecosystem","timestamp":"2026-07-15 11:39:03"}
{"level":"info","message":{"ip":"::1","method":"POST","url":"/api/v1/auth/login"},"service":"purely-ceylon-backend-ecosystem","timestamp":"2026-07-15 11:39:03"}
{"level":"info","message":{"email":"mahroofaathiqa@gmail.com","event":"LOGIN_SUCCESS"},"service":"purely-ceylon-backend-ecosystem","timestamp":"2026-07-15 11:39:04"}
{"level":"info","message":{"ip":"::1","method":"OPTIONS","url":"/api/v1/profile/me"},"service":"purely-ceylon-backend-ecosystem","timestamp":"2026-07-15 11:39:06"}
{"level":"info","message":{"ip":"::1","method":"OPTIONS","url":"/api/v1/cart"},"service":"purely-ceylon-backend-ecosystem","timestamp":"2026-07-15 11:39:06"}
{"level":"info","message":{"ip":"::1","method":"OPTIONS","url":"/api/v1/wishlist"},"service":"purely-ceylon-backend-ecosystem","timestamp":"2026-07-15 11:39:06"}
{"level":"info","message":{"ip":"::1","method":"GET","url":"/api/v1/cart"},"service":"purely-ceylon-backend-ecosystem","timestamp":"2026-07-15 11:39:06"}
{"level":"info","message":{"ip":"::1","method":"OPTIONS","url":"/api/v1/categories"},"service":"purely-ceylon-backend-ecosystem","timestamp":"2026-07-15 11:39:06"}
{"level":"info","message":{"ip":"::1","method":"OPTIONS","url":"/api/v1/products"},"service":"purely-ceylon-backend-ecosystem","timestamp":"2026-07-15 11:39:06"}
{"level":"info","message":{"ip":"::1","method":"OPTIONS","url":"/api/v1/categories"},"service":"purely-ceylon-backend-ecosystem","timestamp":"2026-07-15 11:39:06"}
{"level":"info","message":{"ip":"::1","method":"OPTIONS","url":"/api/v1/products"},"service":"purely-ceylon-backend-ecosystem","timestamp":"2026-07-15 11:39:06"}
{"level":"info","message":{"ip":"::1","method":"GET","url":"/api/v1/profile/me"},"service":"purely-ceylon-backend-ecosystem","timestamp":"2026-07-15 11:39:06"}
{"level":"info","message":{"ip":"::1","method":"GET","url":"/api/v1/wishlist"},"service":"purely-ceylon-backend-ecosystem","timestamp":"2026-07-15 11:39:06"}
{"level":"info","message":{"ip":"::1","method":"GET","url":"/api/v1/categories"},"service":"purely-ceylon-backend-ecosystem","timestamp":"2026-07-15 11:39:06"}
{"level":"info","message":{"ip":"::1","method":"GET","url":"/api/v1/products"},"service":"purely-ceylon-backend-ecosystem","timestamp":"2026-07-15 11:39:06"}
{"level":"info","message":{"ip":"::1","method":"GET","url":"/uploads/profile/1784089235427-807036197.png"},"service":"purely-ceylon-backend-ecosystem","timestamp":"2026-07-15 11:39:07"}
{"level":"info","message":{"ip":"::1","method":"GET","url":"/api/v1/categories"},"service":"purely-ceylon-backend-ecosystem","timestamp":"2026-07-15 11:39:07"}
{"level":"info","message":{"ip":"::1","method":"GET","url":"/api/v1/products"},"service":"purely-ceylon-backend-ecosystem","timestamp":"2026-07-15 11:39:07"}
{"level":"info","message":{"ip":"::1","method":"OPTIONS","url":"/api/v1/cart/add"},"service":"purely-ceylon-backend-ecosystem","timestamp":"2026-07-15 11:39:11"}
{"level":"info","message":{"ip":"::1","method":"POST","url":"/api/v1/cart/add"},"service":"purely-ceylon-backend-ecosystem","timestamp":"2026-07-15 11:39:11"}
{"level":"info","message":{"ip":"::1","method":"OPTIONS","url":"/api/v1/cart"},"service":"purely-ceylon-backend-ecosystem","timestamp":"2026-07-15 11:39:14"}
{"level":"info","message":{"ip":"::1","method":"GET","url":"/api/v1/cart"},"service":"purely-ceylon-backend-ecosystem","timestamp":"2026-07-15 11:39:14"}
{"level":"info","message":{"ip":"::1","method":"GET","url":"/api/v1/cart"},"service":"purely-ceylon-backend-ecosystem","timestamp":"2026-07-15 11:39:14"}
{"level":"info","message":{"ip":"::1","method":"OPTIONS","url":"/api/v1/address"},"service":"purely-ceylon-backend-ecosystem","timestamp":"2026-07-15 11:39:16"}
{"level":"info","message":{"ip":"::1","method":"GET","url":"/api/v1/cart"},"service":"purely-ceylon-backend-ecosystem","timestamp":"2026-07-15 11:39:16"}
{"level":"info","message":{"ip":"::1","method":"OPTIONS","url":"/api/v1/address"},"service":"purely-ceylon-backend-ecosystem","timestamp":"2026-07-15 11:39:16"}
{"level":"info","message":{"ip":"::1","method":"GET","url":"/api/v1/address"},"service":"purely-ceylon-backend-ecosystem","timestamp":"2026-07-15 11:39:16"}
{"level":"info","message":{"ip":"::1","method":"GET","url":"/api/v1/cart"},"service":"purely-ceylon-backend-ecosystem","timestamp":"2026-07-15 11:39:16"}
{"level":"info","message":{"ip":"::1","method":"GET","url":"/api/v1/address"},"service":"purely-ceylon-backend-ecosystem","timestamp":"2026-07-15 11:39:17"}
{"level":"info","message":{"ip":"::1","method":"OPTIONS","url":"/api/v1/orders/my-orders"},"service":"purely-ceylon-backend-ecosystem","timestamp":"2026-07-15 11:39:18"}
{"level":"info","message":{"ip":"::1","method":"OPTIONS","url":"/api/v1/orders/my-orders"},"service":"purely-ceylon-backend-ecosystem","timestamp":"2026-07-15 11:39:18"}
{"level":"info","message":{"ip":"::1","method":"GET","url":"/api/v1/orders/my-orders"},"service":"purely-ceylon-backend-ecosystem","timestamp":"2026-07-15 11:39:18"}
{"level":"info","message":{"ip":"::1","method":"GET","url":"/api/v1/orders/my-orders"},"service":"purely-ceylon-backend-ecosystem","timestamp":"2026-07-15 11:39:18"}
{"level":"info","message":{"ip":"::1","method":"GET","url":"/api/v1/cart"},"service":"purely-ceylon-backend-ecosystem","timestamp":"2026-07-15 11:39:19"}
{"level":"info","message":{"ip":"::1","method":"GET","url":"/api/v1/address"},"service":"purely-ceylon-backend-ecosystem","timestamp":"2026-07-15 11:39:19"}
{"level":"info","message":{"ip":"::1","method":"GET","url":"/api/v1/address"},"service":"purely-ceylon-backend-ecosystem","timestamp":"2026-07-15 11:39:19"}
{"level":"info","message":{"ip":"::1","method":"GET","url":"/api/v1/cart"},"service":"purely-ceylon-backend-ecosystem","timestamp":"2026-07-15 11:39:20"}
{"level":"info","message":{"ip":"::1","method":"OPTIONS","url":"/api/v1/cart"},"service":"purely-ceylon-backend-ecosystem","timestamp":"2026-07-15 11:39:20"}
{"level":"info","message":{"ip":"::1","method":"OPTIONS","url":"/api/v1/cart"},"service":"purely-ceylon-backend-ecosystem","timestamp":"2026-07-15 11:39:20"}
{"level":"info","message":{"ip":"::1","method":"OPTIONS","url":"/api/v1/wishlist"},"service":"purely-ceylon-backend-ecosystem","timestamp":"2026-07-15 11:39:20"}
{"level":"info","message":{"ip":"::1","method":"OPTIONS","url":"/api/v1/wishlist"},"service":"purely-ceylon-backend-ecosystem","timestamp":"2026-07-15 11:39:20"}
{"level":"info","message":{"ip":"::1","method":"GET","url":"/api/v1/wishlist"},"service":"purely-ceylon-backend-ecosystem","timestamp":"2026-07-15 11:39:20"}
{"level":"info","message":{"ip":"::1","method":"GET","url":"/api/v1/cart"},"service":"purely-ceylon-backend-ecosystem","timestamp":"2026-07-15 11:39:21"}
{"level":"info","message":{"ip":"::1","method":"GET","url":"/api/v1/wishlist"},"service":"purely-ceylon-backend-ecosystem","timestamp":"2026-07-15 11:39:21"}
{"level":"info","message":{"ip":"::1","method":"GET","url":"/api/v1/cart"},"service":"purely-ceylon-backend-ecosystem","timestamp":"2026-07-15 11:39:21"}
{"level":"info","message":{"ip":"::1","method":"GET","url":"/api/v1/wishlist"},"service":"purely-ceylon-backend-ecosystem","timestamp":"2026-07-15 11:39:21"}
{"level":"info","message":{"ip":"::1","method":"GET","url":"/api/v1/wishlist"},"service":"purely-ceylon-backend-ecosystem","timestamp":"2026-07-15 11:39:21"}
{"level":"info","message":{"ip":"::1","method":"OPTIONS","url":"/api/v1/wishlist/35964496-1381-4d55-8509-200b27a60e67"},"service":"purely-ceylon-backend-ecosystem","timestamp":"2026-07-15 11:39:23"}
{"level":"info","message":{"ip":"::1","method":"DELETE","url":"/api/v1/wishlist/35964496-1381-4d55-8509-200b27a60e67"},"service":"purely-ceylon-backend-ecosystem","timestamp":"2026-07-15 11:39:23"}
{"level":"info","message":{"ip":"::1","method":"GET","url":"/api/v1/wishlist"},"service":"purely-ceylon-backend-ecosystem","timestamp":"2026-07-15 11:39:25"}
{"level":"info","message":{"ip":"::1","method":"GET","url":"/api/v1/wishlist"},"service":"purely-ceylon-backend-ecosystem","timestamp":"2026-07-15 11:39:25"}
{"level":"info","message":{"ip":"::1","method":"GET","url":"/api/v1/wishlist"},"service":"purely-ceylon-backend-ecosystem","timestamp":"2026-07-15 11:39:25"}
{"level":"info","message":{"ip":"::1","method":"OPTIONS","url":"/api/v1/cart"},"service":"purely-ceylon-backend-ecosystem","timestamp":"2026-07-15 11:39:26"}
{"level":"info","message":{"ip":"::1","method":"OPTIONS","url":"/api/v1/cart"},"service":"purely-ceylon-backend-ecosystem","timestamp":"2026-07-15 11:39:26"}
{"level":"info","message":{"ip":"::1","method":"GET","url":"/api/v1/cart"},"service":"purely-ceylon-backend-ecosystem","timestamp":"2026-07-15 11:39:26"}
{"level":"info","message":{"ip":"::1","method":"GET","url":"/api/v1/cart"},"service":"purely-ceylon-backend-ecosystem","timestamp":"2026-07-15 11:39:26"}
{"level":"info","message":{"ip":"::1","method":"OPTIONS","url":"/api/v1/orders/my-orders"},"service":"purely-ceylon-backend-ecosystem","timestamp":"2026-07-15 11:39:28"}
{"level":"info","message":{"ip":"::1","method":"OPTIONS","url":"/api/v1/orders/my-orders"},"service":"purely-ceylon-backend-ecosystem","timestamp":"2026-07-15 11:39:28"}
{"level":"info","message":{"ip":"::1","method":"GET","url":"/api/v1/orders/my-orders"},"service":"purely-ceylon-backend-ecosystem","timestamp":"2026-07-15 11:39:28"}
{"level":"info","message":{"ip":"::1","method":"GET","url":"/api/v1/orders/my-orders"},"service":"purely-ceylon-backend-ecosystem","timestamp":"2026-07-15 11:39:28"}
{"level":"info","message":{"ip":"::1","method":"OPTIONS","url":"/api/v1/address"},"service":"purely-ceylon-backend-ecosystem","timestamp":"2026-07-15 11:39:29"}
{"level":"info","message":{"ip":"::1","method":"OPTIONS","url":"/api/v1/address"},"service":"purely-ceylon-backend-ecosystem","timestamp":"2026-07-15 11:39:29"}
{"level":"info","message":{"ip":"::1","method":"GET","url":"/api/v1/orders/my-orders"},"service":"purely-ceylon-backend-ecosystem","timestamp":"2026-07-15 11:39:29"}
{"level":"info","message":{"ip":"::1","method":"GET","url":"/api/v1/address"},"service":"purely-ceylon-backend-ecosystem","timestamp":"2026-07-15 11:39:29"}
{"level":"info","message":{"ip":"::1","method":"GET","url":"/api/v1/orders/my-orders"},"service":"purely-ceylon-backend-ecosystem","timestamp":"2026-07-15 11:39:29"}
{"level":"info","message":{"ip":"::1","method":"GET","url":"/api/v1/address"},"service":"purely-ceylon-backend-ecosystem","timestamp":"2026-07-15 11:39:29"}
{"level":"info","message":{"ip":"::1","method":"GET","url":"/api/v1/address"},"service":"purely-ceylon-backend-ecosystem","timestamp":"2026-07-15 11:39:29"}
{"level":"info","message":{"ip":"::1","method":"GET","url":"/api/v1/address"},"service":"purely-ceylon-backend-ecosystem","timestamp":"2026-07-15 11:39:30"}
{"level":"info","message":{"ip":"::1","method":"OPTIONS","url":"/api/v1/profile/me"},"service":"purely-ceylon-backend-ecosystem","timestamp":"2026-07-15 11:39:31"}
{"level":"info","message":{"ip":"::1","method":"OPTIONS","url":"/api/v1/profile/me"},"service":"purely-ceylon-backend-ecosystem","timestamp":"2026-07-15 11:39:31"}
{"level":"info","message":{"ip":"::1","method":"GET","url":"/api/v1/profile/me"},"service":"purely-ceylon-backend-ecosystem","timestamp":"2026-07-15 11:39:31"}
{"level":"info","message":{"ip":"::1","method":"GET","url":"/api/v1/profile/me"},"service":"purely-ceylon-backend-ecosystem","timestamp":"2026-07-15 11:39:32"}
{"level":"info","message":{"ip":"::1","method":"OPTIONS","url":"/api/v1/payment-methods"},"service":"purely-ceylon-backend-ecosystem","timestamp":"2026-07-15 11:39:38"}
{"level":"info","message":{"ip":"::1","method":"OPTIONS","url":"/api/v1/payment-methods"},"service":"purely-ceylon-backend-ecosystem","timestamp":"2026-07-15 11:39:38"}
{"level":"info","message":{"ip":"::1","method":"GET","url":"/api/v1/payment-methods"},"service":"purely-ceylon-backend-ecosystem","timestamp":"2026-07-15 11:39:38"}
{"level":"info","message":{"ip":"::1","method":"GET","url":"/api/v1/payment-methods"},"service":"purely-ceylon-backend-ecosystem","timestamp":"2026-07-15 11:39:38"}
{"level":"info","message":{"ip":"::1","method":"OPTIONS","url":"/api/v1/profile/me"},"service":"purely-ceylon-backend-ecosystem","timestamp":"2026-07-15 11:39:40"}
{"level":"info","message":{"ip":"::1","method":"OPTIONS","url":"/api/v1/profile/me"},"service":"purely-ceylon-backend-ecosystem","timestamp":"2026-07-15 11:39:40"}
{"level":"info","message":{"ip":"::1","method":"GET","url":"/api/v1/profile/me"},"service":"purely-ceylon-backend-ecosystem","timestamp":"2026-07-15 11:39:40"}
{"level":"info","message":{"ip":"::1","method":"GET","url":"/api/v1/profile/me"},"service":"purely-ceylon-backend-ecosystem","timestamp":"2026-07-15 11:39:40"}
{"level":"info","message":{"ip":"::1","method":"OPTIONS","url":"/api/v1/cart"},"service":"purely-ceylon-backend-ecosystem","timestamp":"2026-07-15 11:39:44"}
{"level":"info","message":{"ip":"::1","method":"GET","url":"/api/v1/cart"},"service":"purely-ceylon-backend-ecosystem","timestamp":"2026-07-15 11:39:44"}
{"level":"info","message":{"ip":"::1","method":"GET","url":"/api/v1/cart"},"service":"purely-ceylon-backend-ecosystem","timestamp":"2026-07-15 11:39:44"}
{"level":"info","message":{"ip":"::1","method":"OPTIONS","url":"/api/v1/categories"},"service":"purely-ceylon-backend-ecosystem","timestamp":"2026-07-15 11:39:47"}
{"level":"info","message":{"ip":"::1","method":"OPTIONS","url":"/api/v1/products"},"service":"purely-ceylon-backend-ecosystem","timestamp":"2026-07-15 11:39:47"}
{"level":"info","message":{"ip":"::1","method":"OPTIONS","url":"/api/v1/categories"},"service":"purely-ceylon-backend-ecosystem","timestamp":"2026-07-15 11:39:47"}
{"level":"info","message":{"ip":"::1","method":"OPTIONS","url":"/api/v1/products"},"service":"purely-ceylon-backend-ecosystem","timestamp":"2026-07-15 11:39:47"}
{"level":"info","message":{"ip":"::1","method":"GET","url":"/api/v1/categories"},"service":"purely-ceylon-backend-ecosystem","timestamp":"2026-07-15 11:39:47"}
{"level":"info","message":{"ip":"::1","method":"GET","url":"/api/v1/products"},"service":"purely-ceylon-backend-ecosystem","timestamp":"2026-07-15 11:39:47"}
{"level":"info","message":{"ip":"::1","method":"GET","url":"/api/v1/categories"},"service":"purely-ceylon-backend-ecosystem","timestamp":"2026-07-15 11:39:47"}
{"level":"info","message":{"ip":"::1","method":"GET","url":"/api/v1/products"},"service":"purely-ceylon-backend-ecosystem","timestamp":"2026-07-15 11:39:47"}
{"level":"info","message":{"ip":"::1","method":"OPTIONS","url":"/api/v1/products/889a6c64-edc0-46e5-aa52-3cf47d6fd979"},"service":"purely-ceylon-backend-ecosystem","timestamp":"2026-07-15 11:39:49"}
{"level":"info","message":{"ip":"::1","method":"OPTIONS","url":"/api/v1/products/889a6c64-edc0-46e5-aa52-3cf47d6fd979"},"service":"purely-ceylon-backend-ecosystem","timestamp":"2026-07-15 11:39:49"}
{"level":"info","message":{"ip":"::1","method":"GET","url":"/api/v1/products/889a6c64-edc0-46e5-aa52-3cf47d6fd979"},"service":"purely-ceylon-backend-ecosystem","timestamp":"2026-07-15 11:39:49"}
{"level":"info","message":{"ip":"::1","method":"GET","url":"/api/v1/products/889a6c64-edc0-46e5-aa52-3cf47d6fd979"},"service":"purely-ceylon-backend-ecosystem","timestamp":"2026-07-15 11:39:49"}
{"level":"info","message":{"ip":"::1","method":"OPTIONS","url":"/api/v1/reviews/889a6c64-edc0-46e5-aa52-3cf47d6fd979"},"service":"purely-ceylon-backend-ecosystem","timestamp":"2026-07-15 11:39:49"}
{"level":"info","message":{"ip":"::1","method":"GET","url":"/api/v1/reviews/889a6c64-edc0-46e5-aa52-3cf47d6fd979"},"service":"purely-ceylon-backend-ecosystem","timestamp":"2026-07-15 11:39:49"}
{"level":"info","message":{"ip":"::1","method":"GET","url":"/api/v1/reviews/889a6c64-edc0-46e5-aa52-3cf47d6fd979"},"service":"purely-ceylon-backend-ecosystem","timestamp":"2026-07-15 11:39:49"}
{"level":"info","message":{"ip":"::1","method":"OPTIONS","url":"/api/v1/questions/889a6c64-edc0-46e5-aa52-3cf47d6fd979"},"service":"purely-ceylon-backend-ecosystem","timestamp":"2026-07-15 11:39:49"}
{"level":"info","message":{"ip":"::1","method":"GET","url":"/api/v1/questions/889a6c64-edc0-46e5-aa52-3cf47d6fd979"},"service":"purely-ceylon-backend-ecosystem","timestamp":"2026-07-15 11:39:49"}
{"level":"info","message":{"ip":"::1","method":"GET","url":"/api/v1/questions/889a6c64-edc0-46e5-aa52-3cf47d6fd979"},"service":"purely-ceylon-backend-ecosystem","timestamp":"2026-07-15 11:39:49"}
{"level":"info","message":{"ip":"::1","method":"OPTIONS","url":"/api/v1/cart/add"},"service":"purely-ceylon-backend-ecosystem","timestamp":"2026-07-15 11:39:52"}
{"level":"info","message":{"ip":"::1","method":"POST","url":"/api/v1/cart/add"},"service":"purely-ceylon-backend-ecosystem","timestamp":"2026-07-15 11:39:52"}
{"level":"info","message":{"ip":"::1","method":"OPTIONS","url":"/api/v1/cart"},"service":"purely-ceylon-backend-ecosystem","timestamp":"2026-07-15 11:39:54"}
{"level":"info","message":{"ip":"::1","method":"GET","url":"/api/v1/cart"},"service":"purely-ceylon-backend-ecosystem","timestamp":"2026-07-15 11:39:54"}
{"level":"info","message":{"ip":"::1","method":"OPTIONS","url":"/api/v1/orders/my-orders"},"service":"purely-ceylon-backend-ecosystem","timestamp":"2026-07-15 11:39:56"}
{"level":"info","message":{"ip":"::1","method":"OPTIONS","url":"/api/v1/address"},"service":"purely-ceylon-backend-ecosystem","timestamp":"2026-07-15 11:39:56"}
{"level":"info","message":{"ip":"::1","method":"OPTIONS","url":"/api/v1/address"},"service":"purely-ceylon-backend-ecosystem","timestamp":"2026-07-15 11:39:56"}
{"level":"info","message":{"ip":"::1","method":"OPTIONS","url":"/api/v1/orders/my-orders"},"service":"purely-ceylon-backend-ecosystem","timestamp":"2026-07-15 11:39:56"}
{"level":"info","message":{"ip":"::1","method":"GET","url":"/api/v1/orders/my-orders"},"service":"purely-ceylon-backend-ecosystem","timestamp":"2026-07-15 11:39:56"}
{"level":"info","message":{"ip":"::1","method":"GET","url":"/api/v1/address"},"service":"purely-ceylon-backend-ecosystem","timestamp":"2026-07-15 11:39:56"}
{"level":"info","message":{"ip":"::1","method":"GET","url":"/api/v1/orders/my-orders"},"service":"purely-ceylon-backend-ecosystem","timestamp":"2026-07-15 11:39:57"}
{"level":"info","message":{"ip":"::1","method":"GET","url":"/api/v1/address"},"service":"purely-ceylon-backend-ecosystem","timestamp":"2026-07-15 11:39:57"}
{"level":"info","message":{"ip":"::1","method":"GET","url":"/api/v1/address"},"service":"purely-ceylon-backend-ecosystem","timestamp":"2026-07-15 11:39:58"}
{"level":"info","message":{"ip":"::1","method":"GET","url":"/api/v1/address"},"service":"purely-ceylon-backend-ecosystem","timestamp":"2026-07-15 11:39:58"}
{"level":"info","message":{"ip":"::1","method":"OPTIONS","url":"/api/v1/cart"},"service":"purely-ceylon-backend-ecosystem","timestamp":"2026-07-15 11:39:59"}
{"level":"info","message":{"ip":"::1","method":"OPTIONS","url":"/api/v1/cart"},"service":"purely-ceylon-backend-ecosystem","timestamp":"2026-07-15 11:39:59"}
{"level":"info","message":{"ip":"::1","method":"GET","url":"/api/v1/cart"},"service":"purely-ceylon-backend-ecosystem","timestamp":"2026-07-15 11:39:59"}
{"level":"info","message":{"ip":"::1","method":"GET","url":"/api/v1/cart"},"service":"purely-ceylon-backend-ecosystem","timestamp":"2026-07-15 11:39:59"}
{"level":"info","message":"📧 Processing Email Queue","service":"purely-ceylon-backend-ecosystem","timestamp":"2026-07-15 11:40:00"}
{"level":"info","message":{"ip":"::1","method":"GET","url":"/api/v1/cart"},"service":"purely-ceylon-backend-ecosystem","timestamp":"2026-07-15 11:40:01"}
{"level":"info","message":{"ip":"::1","method":"GET","url":"/api/v1/address"},"service":"purely-ceylon-backend-ecosystem","timestamp":"2026-07-15 11:40:01"}
{"level":"info","message":{"ip":"::1","method":"GET","url":"/api/v1/address"},"service":"purely-ceylon-backend-ecosystem","timestamp":"2026-07-15 11:40:01"}
{"level":"info","message":{"ip":"::1","method":"GET","url":"/api/v1/cart"},"service":"purely-ceylon-backend-ecosystem","timestamp":"2026-07-15 11:40:01"}
{"level":"info","message":{"ip":"::1","method":"OPTIONS","url":"/api/v1/orders/my-orders"},"service":"purely-ceylon-backend-ecosystem","timestamp":"2026-07-15 11:40:04"}
{"level":"info","message":{"ip":"::1","method":"OPTIONS","url":"/api/v1/orders/my-orders"},"service":"purely-ceylon-backend-ecosystem","timestamp":"2026-07-15 11:40:04"}
{"level":"info","message":{"ip":"::1","method":"GET","url":"/api/v1/orders/my-orders"},"service":"purely-ceylon-backend-ecosystem","timestamp":"2026-07-15 11:40:04"}
{"level":"info","message":{"ip":"::1","method":"GET","url":"/api/v1/orders/my-orders"},"service":"purely-ceylon-backend-ecosystem","timestamp":"2026-07-15 11:40:04"}
{"level":"info","message":{"ip":"::1","method":"OPTIONS","url":"/api/v1/cart"},"service":"purely-ceylon-backend-ecosystem","timestamp":"2026-07-15 11:40:05"}
{"level":"info","message":{"ip":"::1","method":"OPTIONS","url":"/api/v1/cart"},"service":"purely-ceylon-backend-ecosystem","timestamp":"2026-07-15 11:40:05"}
{"level":"info","message":{"ip":"::1","method":"GET","url":"/api/v1/cart"},"service":"purely-ceylon-backend-ecosystem","timestamp":"2026-07-15 11:40:05"}
{"level":"info","message":{"ip":"::1","method":"GET","url":"/api/v1/cart"},"service":"purely-ceylon-backend-ecosystem","timestamp":"2026-07-15 11:40:06"}
{"level":"info","message":"✅ All Background Jobs Started Successfully","service":"purely-ceylon-backend-ecosystem","timestamp":"2026-07-15 13:07:10"}
{"level":"info","message":"✅ Email credentials loaded successfully.","service":"purely-ceylon-backend-ecosystem","timestamp":"2026-07-15 13:07:10"}
{"level":"info","message":"Server running on 5000","service":"purely-ceylon-backend-ecosystem","timestamp":"2026-07-15 13:07:10"}
{"level":"info","message":{"ip":"::1","method":"OPTIONS","url":"/api/v1/auth/login"},"service":"purely-ceylon-backend-ecosystem","timestamp":"2026-07-15 13:07:13"}
{"level":"info","message":{"ip":"::1","method":"POST","url":"/api/v1/auth/login"},"service":"purely-ceylon-backend-ecosystem","timestamp":"2026-07-15 13:07:13"}
{"level":"warn","message":{"email":"musabhafiz995@gmail.com","event":"LOGIN_FAILED","reason":"Email unverified"},"service":"purely-ceylon-backend-ecosystem","timestamp":"2026-07-15 13:07:14"}
{"level":"info","message":{"ip":"::1","method":"OPTIONS","url":"/api/v1/auth/login"},"service":"purely-ceylon-backend-ecosystem","timestamp":"2026-07-15 13:08:59"}
{"level":"info","message":{"ip":"::1","method":"POST","url":"/api/v1/auth/login"},"service":"purely-ceylon-backend-ecosystem","timestamp":"2026-07-15 13:09:00"}
{"level":"warn","message":{"email":"musabhafiz995@gmail.com","event":"LOGIN_FAILED","reason":"Email unverified"},"service":"purely-ceylon-backend-ecosystem","timestamp":"2026-07-15 13:09:00"}
{"level":"info","message":"📧 Processing Email Queue","service":"purely-ceylon-backend-ecosystem","timestamp":"2026-07-15 13:10:00"}
{"level":"info","message":{"ip":"::1","method":"OPTIONS","url":"/api/v1/auth/login"},"service":"purely-ceylon-backend-ecosystem","timestamp":"2026-07-15 13:13:42"}
{"level":"info","message":{"ip":"::1","method":"POST","url":"/api/v1/auth/login"},"service":"purely-ceylon-backend-ecosystem","timestamp":"2026-07-15 13:13:43"}
{"level":"warn","message":{"email":"musabhafiz995@gmail.com","event":"LOGIN_FAILED","reason":"Email unverified"},"service":"purely-ceylon-backend-ecosystem","timestamp":"2026-07-15 13:13:43"}
{"level":"info","message":"📧 Processing Email Queue","service":"purely-ceylon-backend-ecosystem","timestamp":"2026-07-15 13:15:00"}
{"level":"info","message":"📧 Processing Email Queue","service":"purely-ceylon-backend-ecosystem","timestamp":"2026-07-15 13:20:00"}
{"level":"info","message":"📧 Processing Email Queue","service":"purely-ceylon-backend-ecosystem","timestamp":"2026-07-15 13:25:00"}
{"level":"info","message":"📧 Processing Email Queue","service":"purely-ceylon-backend-ecosystem","timestamp":"2026-07-15 13:30:00"}
{"level":"info","message":"✅ All Background Jobs Started Successfully","service":"purely-ceylon-backend-ecosystem","timestamp":"2026-07-15 13:31:16"}
{"level":"info","message":"✅ Email credentials loaded successfully.","service":"purely-ceylon-backend-ecosystem","timestamp":"2026-07-15 13:31:16"}
{"level":"info","message":"Server running on 5000","service":"purely-ceylon-backend-ecosystem","timestamp":"2026-07-15 13:31:17"}
{"level":"info","message":{"ip":"::1","method":"OPTIONS","url":"/api/v1/auth/login"},"service":"purely-ceylon-backend-ecosystem","timestamp":"2026-07-15 13:31:18"}
{"level":"info","message":{"ip":"::1","method":"POST","url":"/api/v1/auth/login"},"service":"purely-ceylon-backend-ecosystem","timestamp":"2026-07-15 13:31:18"}
{"level":"warn","message":{"email":"musabhafiz995@gmail.com","event":"LOGIN_FAILED","reason":"Email unverified"},"service":"purely-ceylon-backend-ecosystem","timestamp":"2026-07-15 13:31:18"}
{"level":"info","message":{"ip":"::1","method":"GET","url":"/api/v1/address"},"service":"purely-ceylon-backend-ecosystem","timestamp":"2026-07-15 13:31:27"}
{"level":"info","message":{"ip":"::1","method":"GET","url":"/api/v1/wishlist"},"service":"purely-ceylon-backend-ecosystem","timestamp":"2026-07-15 13:31:27"}
{"level":"info","message":{"ip":"::1","method":"GET","url":"/api/v1/cart"},"service":"purely-ceylon-backend-ecosystem","timestamp":"2026-07-15 13:31:29"}
{"level":"info","message":{"ip":"::1","method":"GET","url":"/api/v1/address"},"service":"purely-ceylon-backend-ecosystem","timestamp":"2026-07-15 13:31:29"}
{"level":"info","message":{"ip":"::1","method":"GET","url":"/api/v1/wishlist"},"service":"purely-ceylon-backend-ecosystem","timestamp":"2026-07-15 13:31:30"}
{"level":"info","message":{"ip":"::1","method":"GET","url":"/api/v1/cart"},"service":"purely-ceylon-backend-ecosystem","timestamp":"2026-07-15 13:31:31"}
{"level":"info","message":{"ip":"::1","method":"OPTIONS","url":"/api/v1/auth/login"},"service":"purely-ceylon-backend-ecosystem","timestamp":"2026-07-15 13:32:15"}
{"level":"info","message":{"ip":"::1","method":"POST","url":"/api/v1/auth/login"},"service":"purely-ceylon-backend-ecosystem","timestamp":"2026-07-15 13:32:15"}
{"level":"warn","message":{"email":"musabhafiz995@gmail.com","event":"LOGIN_FAILED","reason":"Email unverified"},"service":"purely-ceylon-backend-ecosystem","timestamp":"2026-07-15 13:32:15"}
{"level":"info","message":"📧 Processing Email Queue","service":"purely-ceylon-backend-ecosystem","timestamp":"2026-07-15 13:35:00"}
{"level":"info","message":"Gracefully shutting down...","service":"purely-ceylon-backend-ecosystem","timestamp":"2026-07-15 13:35:43"}
{"level":"info","message":"✅ All Background Jobs Started Successfully","service":"purely-ceylon-backend-ecosystem","timestamp":"2026-07-15 13:36:59"}
{"level":"info","message":"✅ Email credentials loaded successfully.","service":"purely-ceylon-backend-ecosystem","timestamp":"2026-07-15 13:36:59"}
{"level":"info","message":"Server running on 5000","service":"purely-ceylon-backend-ecosystem","timestamp":"2026-07-15 13:37:00"}
{"level":"info","message":{"ip":"::1","method":"OPTIONS","url":"/api/v1/auth/login"},"service":"purely-ceylon-backend-ecosystem","timestamp":"2026-07-15 13:37:07"}
{"level":"info","message":{"ip":"::1","method":"POST","url":"/api/v1/auth/login"},"service":"purely-ceylon-backend-ecosystem","timestamp":"2026-07-15 13:37:07"}
{"level":"info","message":{"email":"musabhafiz995@gmail.com","event":"LOGIN_SUCCESS"},"service":"purely-ceylon-backend-ecosystem","timestamp":"2026-07-15 13:37:08"}
{"level":"info","message":{"ip":"::1","method":"OPTIONS","url":"/api/v1/profile/me"},"service":"purely-ceylon-backend-ecosystem","timestamp":"2026-07-15 13:37:11"}
{"level":"info","message":{"ip":"::1","method":"OPTIONS","url":"/api/v1/products"},"service":"purely-ceylon-backend-ecosystem","timestamp":"2026-07-15 13:37:11"}
{"level":"info","message":{"ip":"::1","method":"OPTIONS","url":"/api/v1/cart"},"service":"purely-ceylon-backend-ecosystem","timestamp":"2026-07-15 13:37:11"}
{"level":"info","message":{"ip":"::1","method":"OPTIONS","url":"/api/v1/wishlist"},"service":"purely-ceylon-backend-ecosystem","timestamp":"2026-07-15 13:37:11"}
{"level":"info","message":{"ip":"::1","method":"OPTIONS","url":"/api/v1/categories"},"service":"purely-ceylon-backend-ecosystem","timestamp":"2026-07-15 13:37:11"}
{"level":"info","message":{"ip":"::1","method":"OPTIONS","url":"/api/v1/products"},"service":"purely-ceylon-backend-ecosystem","timestamp":"2026-07-15 13:37:11"}
{"level":"info","message":{"ip":"::1","method":"OPTIONS","url":"/api/v1/categories"},"service":"purely-ceylon-backend-ecosystem","timestamp":"2026-07-15 13:37:11"}
{"level":"info","message":{"ip":"::1","method":"GET","url":"/api/v1/profile/me"},"service":"purely-ceylon-backend-ecosystem","timestamp":"2026-07-15 13:37:11"}
{"level":"info","message":{"ip":"::1","method":"GET","url":"/api/v1/products"},"service":"purely-ceylon-backend-ecosystem","timestamp":"2026-07-15 13:37:12"}
{"level":"info","message":{"ip":"::1","method":"GET","url":"/api/v1/cart"},"service":"purely-ceylon-backend-ecosystem","timestamp":"2026-07-15 13:37:12"}
{"level":"info","message":{"ip":"::1","method":"GET","url":"/api/v1/wishlist"},"service":"purely-ceylon-backend-ecosystem","timestamp":"2026-07-15 13:37:14"}
{"level":"info","message":{"ip":"::1","method":"GET","url":"/api/v1/categories"},"service":"purely-ceylon-backend-ecosystem","timestamp":"2026-07-15 13:37:14"}
{"level":"info","message":{"ip":"::1","method":"GET","url":"/api/v1/products"},"service":"purely-ceylon-backend-ecosystem","timestamp":"2026-07-15 13:37:14"}
{"level":"info","message":{"ip":"::1","method":"GET","url":"/api/v1/categories"},"service":"purely-ceylon-backend-ecosystem","timestamp":"2026-07-15 13:37:14"}
{"level":"info","message":{"ip":"::1","method":"OPTIONS","url":"/api/v1/cart/add"},"service":"purely-ceylon-backend-ecosystem","timestamp":"2026-07-15 13:37:18"}
{"level":"info","message":{"ip":"::1","method":"POST","url":"/api/v1/cart/add"},"service":"purely-ceylon-backend-ecosystem","timestamp":"2026-07-15 13:37:18"}
{"level":"info","message":{"ip":"::1","method":"OPTIONS","url":"/api/v1/cart"},"service":"purely-ceylon-backend-ecosystem","timestamp":"2026-07-15 13:37:22"}
{"level":"info","message":{"ip":"::1","method":"OPTIONS","url":"/api/v1/cart"},"service":"purely-ceylon-backend-ecosystem","timestamp":"2026-07-15 13:37:22"}
{"level":"info","message":{"ip":"::1","method":"GET","url":"/api/v1/cart"},"service":"purely-ceylon-backend-ecosystem","timestamp":"2026-07-15 13:37:22"}
{"level":"info","message":{"ip":"::1","method":"GET","url":"/api/v1/cart"},"service":"purely-ceylon-backend-ecosystem","timestamp":"2026-07-15 13:37:22"}
{"level":"info","message":{"ip":"::1","method":"OPTIONS","url":"/api/v1/orders/my-orders"},"service":"purely-ceylon-backend-ecosystem","timestamp":"2026-07-15 13:37:27"}
{"level":"info","message":{"ip":"::1","method":"OPTIONS","url":"/api/v1/address"},"service":"purely-ceylon-backend-ecosystem","timestamp":"2026-07-15 13:37:27"}
{"level":"info","message":{"ip":"::1","method":"OPTIONS","url":"/api/v1/address"},"service":"purely-ceylon-backend-ecosystem","timestamp":"2026-07-15 13:37:27"}
{"level":"info","message":{"ip":"::1","method":"OPTIONS","url":"/api/v1/orders/my-orders"},"service":"purely-ceylon-backend-ecosystem","timestamp":"2026-07-15 13:37:27"}
{"level":"info","message":{"ip":"::1","method":"GET","url":"/api/v1/orders/my-orders"},"service":"purely-ceylon-backend-ecosystem","timestamp":"2026-07-15 13:37:27"}
{"level":"info","message":{"ip":"::1","method":"GET","url":"/api/v1/address"},"service":"purely-ceylon-backend-ecosystem","timestamp":"2026-07-15 13:37:27"}
{"level":"info","message":{"ip":"::1","method":"GET","url":"/api/v1/orders/my-orders"},"service":"purely-ceylon-backend-ecosystem","timestamp":"2026-07-15 13:37:28"}
{"level":"info","message":{"ip":"::1","method":"GET","url":"/api/v1/address"},"service":"purely-ceylon-backend-ecosystem","timestamp":"2026-07-15 13:37:28"}
{"level":"info","message":{"ip":"::1","method":"GET","url":"/api/v1/address"},"service":"purely-ceylon-backend-ecosystem","timestamp":"2026-07-15 13:37:29"}
{"level":"info","message":{"ip":"::1","method":"GET","url":"/api/v1/address"},"service":"purely-ceylon-backend-ecosystem","timestamp":"2026-07-15 13:37:29"}
{"level":"info","message":{"ip":"::1","method":"OPTIONS","url":"/api/v1/profile/me"},"service":"purely-ceylon-backend-ecosystem","timestamp":"2026-07-15 13:37:30"}
{"level":"info","message":{"ip":"::1","method":"OPTIONS","url":"/api/v1/profile/me"},"service":"purely-ceylon-backend-ecosystem","timestamp":"2026-07-15 13:37:30"}
{"level":"info","message":{"ip":"::1","method":"GET","url":"/api/v1/profile/me"},"service":"purely-ceylon-backend-ecosystem","timestamp":"2026-07-15 13:37:30"}
{"level":"info","message":{"ip":"::1","method":"GET","url":"/api/v1/profile/me"},"service":"purely-ceylon-backend-ecosystem","timestamp":"2026-07-15 13:37:30"}
{"level":"info","message":{"ip":"::1","method":"OPTIONS","url":"/api/v1/categories"},"service":"purely-ceylon-backend-ecosystem","timestamp":"2026-07-15 13:37:43"}
{"level":"info","message":{"ip":"::1","method":"OPTIONS","url":"/api/v1/products"},"service":"purely-ceylon-backend-ecosystem","timestamp":"2026-07-15 13:37:43"}
{"level":"info","message":{"ip":"::1","method":"OPTIONS","url":"/api/v1/categories"},"service":"purely-ceylon-backend-ecosystem","timestamp":"2026-07-15 13:37:43"}
{"level":"info","message":{"ip":"::1","method":"OPTIONS","url":"/api/v1/products"},"service":"purely-ceylon-backend-ecosystem","timestamp":"2026-07-15 13:37:43"}
{"level":"info","message":{"ip":"::1","method":"GET","url":"/api/v1/categories"},"service":"purely-ceylon-backend-ecosystem","timestamp":"2026-07-15 13:37:43"}
{"level":"info","message":{"ip":"::1","method":"GET","url":"/api/v1/products"},"service":"purely-ceylon-backend-ecosystem","timestamp":"2026-07-15 13:37:43"}
{"level":"info","message":{"ip":"::1","method":"GET","url":"/api/v1/categories"},"service":"purely-ceylon-backend-ecosystem","timestamp":"2026-07-15 13:37:43"}
{"level":"info","message":{"ip":"::1","method":"GET","url":"/api/v1/products"},"service":"purely-ceylon-backend-ecosystem","timestamp":"2026-07-15 13:37:43"}
{"level":"info","message":{"ip":"::1","method":"OPTIONS","url":"/api/v1/wishlist/add"},"service":"purely-ceylon-backend-ecosystem","timestamp":"2026-07-15 13:37:44"}
{"level":"info","message":{"ip":"::1","method":"POST","url":"/api/v1/wishlist/add"},"service":"purely-ceylon-backend-ecosystem","timestamp":"2026-07-15 13:37:44"}
{"level":"info","message":{"ip":"::1","method":"OPTIONS","url":"/api/v1/profile/me"},"service":"purely-ceylon-backend-ecosystem","timestamp":"2026-07-15 13:37:47"}
{"level":"info","message":{"ip":"::1","method":"OPTIONS","url":"/api/v1/profile/me"},"service":"purely-ceylon-backend-ecosystem","timestamp":"2026-07-15 13:37:47"}
{"level":"info","message":{"ip":"::1","method":"OPTIONS","url":"/api/v1/cart"},"service":"purely-ceylon-backend-ecosystem","timestamp":"2026-07-15 13:37:48"}
{"level":"info","message":{"ip":"::1","method":"OPTIONS","url":"/api/v1/wishlist"},"service":"purely-ceylon-backend-ecosystem","timestamp":"2026-07-15 13:37:48"}
{"level":"info","message":{"ip":"::1","method":"OPTIONS","url":"/api/v1/cart"},"service":"purely-ceylon-backend-ecosystem","timestamp":"2026-07-15 13:37:48"}
{"level":"info","message":{"ip":"::1","method":"OPTIONS","url":"/api/v1/wishlist"},"service":"purely-ceylon-backend-ecosystem","timestamp":"2026-07-15 13:37:48"}
{"level":"info","message":{"ip":"::1","method":"OPTIONS","url":"/api/v1/address"},"service":"purely-ceylon-backend-ecosystem","timestamp":"2026-07-15 13:37:48"}
{"level":"info","message":{"ip":"::1","method":"OPTIONS","url":"/api/v1/address"},"service":"purely-ceylon-backend-ecosystem","timestamp":"2026-07-15 13:37:48"}
{"level":"info","message":{"ip":"::1","method":"OPTIONS","url":"/api/v1/wishlist"},"service":"purely-ceylon-backend-ecosystem","timestamp":"2026-07-15 13:37:48"}
{"level":"info","message":{"ip":"::1","method":"OPTIONS","url":"/api/v1/wishlist"},"service":"purely-ceylon-backend-ecosystem","timestamp":"2026-07-15 13:37:48"}
{"level":"info","message":{"ip":"::1","method":"GET","url":"/api/v1/profile/me"},"service":"purely-ceylon-backend-ecosystem","timestamp":"2026-07-15 13:37:48"}
{"level":"info","message":{"ip":"::1","method":"GET","url":"/api/v1/categories"},"service":"purely-ceylon-backend-ecosystem","timestamp":"2026-07-15 13:37:48"}
{"level":"info","message":{"ip":"::1","method":"GET","url":"/api/v1/products"},"service":"purely-ceylon-backend-ecosystem","timestamp":"2026-07-15 13:37:48"}
{"level":"info","message":{"ip":"::1","method":"OPTIONS","url":"/api/v1/cart"},"service":"purely-ceylon-backend-ecosystem","timestamp":"2026-07-15 13:37:48"}
{"level":"info","message":{"ip":"::1","method":"OPTIONS","url":"/api/v1/cart"},"service":"purely-ceylon-backend-ecosystem","timestamp":"2026-07-15 13:37:48"}
{"level":"info","message":{"ip":"::1","method":"GET","url":"/api/v1/cart"},"service":"purely-ceylon-backend-ecosystem","timestamp":"2026-07-15 13:37:48"}
{"level":"info","message":{"ip":"::1","method":"GET","url":"/api/v1/wishlist"},"service":"purely-ceylon-backend-ecosystem","timestamp":"2026-07-15 13:37:48"}
{"level":"info","message":{"ip":"::1","method":"GET","url":"/api/v1/address"},"service":"purely-ceylon-backend-ecosystem","timestamp":"2026-07-15 13:37:48"}
{"level":"info","message":{"ip":"::1","method":"GET","url":"/api/v1/profile/me"},"service":"purely-ceylon-backend-ecosystem","timestamp":"2026-07-15 13:37:48"}
{"level":"info","message":{"ip":"::1","method":"GET","url":"/api/v1/categories"},"service":"purely-ceylon-backend-ecosystem","timestamp":"2026-07-15 13:37:48"}
{"level":"info","message":{"ip":"::1","method":"GET","url":"/api/v1/products"},"service":"purely-ceylon-backend-ecosystem","timestamp":"2026-07-15 13:37:48"}
{"level":"info","message":{"ip":"::1","method":"GET","url":"/api/v1/wishlist"},"service":"purely-ceylon-backend-ecosystem","timestamp":"2026-07-15 13:37:48"}
{"level":"info","message":{"ip":"::1","method":"GET","url":"/api/v1/address"},"service":"purely-ceylon-backend-ecosystem","timestamp":"2026-07-15 13:37:48"}
{"level":"info","message":{"ip":"::1","method":"GET","url":"/api/v1/cart"},"service":"purely-ceylon-backend-ecosystem","timestamp":"2026-07-15 13:37:48"}
{"level":"info","message":{"ip":"::1","method":"GET","url":"/api/v1/wishlist"},"service":"purely-ceylon-backend-ecosystem","timestamp":"2026-07-15 13:37:48"}
{"level":"info","message":{"ip":"::1","method":"GET","url":"/api/v1/cart"},"service":"purely-ceylon-backend-ecosystem","timestamp":"2026-07-15 13:37:48"}
{"level":"info","message":{"ip":"::1","method":"GET","url":"/api/v1/wishlist"},"service":"purely-ceylon-backend-ecosystem","timestamp":"2026-07-15 13:37:48"}
{"level":"info","message":{"ip":"::1","method":"GET","url":"/api/v1/cart"},"service":"purely-ceylon-backend-ecosystem","timestamp":"2026-07-15 13:37:48"}
{"level":"info","message":{"ip":"::1","method":"OPTIONS","url":"/api/v1/cart/add"},"service":"purely-ceylon-backend-ecosystem","timestamp":"2026-07-15 13:37:51"}
{"level":"info","message":{"ip":"::1","method":"POST","url":"/api/v1/cart/add"},"service":"purely-ceylon-backend-ecosystem","timestamp":"2026-07-15 13:37:51"}
{"level":"info","message":{"ip":"::1","method":"OPTIONS","url":"/api/v1/cart"},"service":"purely-ceylon-backend-ecosystem","timestamp":"2026-07-15 13:37:55"}
{"level":"info","message":{"ip":"::1","method":"OPTIONS","url":"/api/v1/cart"},"service":"purely-ceylon-backend-ecosystem","timestamp":"2026-07-15 13:37:55"}
{"level":"info","message":{"ip":"::1","method":"GET","url":"/api/v1/cart"},"service":"purely-ceylon-backend-ecosystem","timestamp":"2026-07-15 13:37:55"}
{"level":"info","message":{"ip":"::1","method":"GET","url":"/api/v1/cart"},"service":"purely-ceylon-backend-ecosystem","timestamp":"2026-07-15 13:37:55"}
{"level":"info","message":{"ip":"::1","method":"OPTIONS","url":"/api/v1/wishlist"},"service":"purely-ceylon-backend-ecosystem","timestamp":"2026-07-15 13:37:59"}
{"level":"info","message":{"ip":"::1","method":"OPTIONS","url":"/api/v1/wishlist"},"service":"purely-ceylon-backend-ecosystem","timestamp":"2026-07-15 13:37:59"}
{"level":"info","message":{"ip":"::1","method":"GET","url":"/api/v1/wishlist"},"service":"purely-ceylon-backend-ecosystem","timestamp":"2026-07-15 13:37:59"}
{"level":"info","message":{"ip":"::1","method":"GET","url":"/api/v1/wishlist"},"service":"purely-ceylon-backend-ecosystem","timestamp":"2026-07-15 13:37:59"}
{"level":"info","message":{"ip":"::1","method":"GET","url":"/api/v1/wishlist"},"service":"purely-ceylon-backend-ecosystem","timestamp":"2026-07-15 13:37:59"}
{"level":"info","message":{"ip":"::1","method":"GET","url":"/api/v1/wishlist"},"service":"purely-ceylon-backend-ecosystem","timestamp":"2026-07-15 13:37:59"}
{"level":"info","message":{"ip":"::1","method":"OPTIONS","url":"/api/v1/cart/add"},"service":"purely-ceylon-backend-ecosystem","timestamp":"2026-07-15 13:38:01"}
{"level":"info","message":{"ip":"::1","method":"POST","url":"/api/v1/cart/add"},"service":"purely-ceylon-backend-ecosystem","timestamp":"2026-07-15 13:38:01"}
{"level":"info","message":{"ip":"::1","method":"OPTIONS","url":"/api/v1/wishlist/807159f2-519e-4a72-a733-68788363f4bf"},"service":"purely-ceylon-backend-ecosystem","timestamp":"2026-07-15 13:38:01"}
{"level":"info","message":{"ip":"::1","method":"DELETE","url":"/api/v1/wishlist/807159f2-519e-4a72-a733-68788363f4bf"},"service":"purely-ceylon-backend-ecosystem","timestamp":"2026-07-15 13:38:01"}
{"level":"info","message":{"ip":"::1","method":"OPTIONS","url":"/api/v1/cart"},"service":"purely-ceylon-backend-ecosystem","timestamp":"2026-07-15 13:38:03"}
{"level":"info","message":{"ip":"::1","method":"GET","url":"/api/v1/wishlist"},"service":"purely-ceylon-backend-ecosystem","timestamp":"2026-07-15 13:38:03"}
{"level":"info","message":{"ip":"::1","method":"GET","url":"/api/v1/cart"},"service":"purely-ceylon-backend-ecosystem","timestamp":"2026-07-15 13:38:03"}
{"level":"info","message":{"ip":"::1","method":"GET","url":"/api/v1/wishlist"},"service":"purely-ceylon-backend-ecosystem","timestamp":"2026-07-15 13:38:03"}
{"level":"info","message":{"ip":"::1","method":"GET","url":"/api/v1/wishlist"},"service":"purely-ceylon-backend-ecosystem","timestamp":"2026-07-15 13:38:03"}
{"level":"info","message":{"ip":"::1","method":"OPTIONS","url":"/api/v1/products"},"service":"purely-ceylon-backend-ecosystem","timestamp":"2026-07-15 13:38:11"}
{"level":"info","message":{"ip":"::1","method":"OPTIONS","url":"/api/v1/categories"},"service":"purely-ceylon-backend-ecosystem","timestamp":"2026-07-15 13:38:11"}
{"level":"info","message":{"ip":"::1","method":"OPTIONS","url":"/api/v1/products"},"service":"purely-ceylon-backend-ecosystem","timestamp":"2026-07-15 13:38:11"}
{"level":"info","message":{"ip":"::1","method":"OPTIONS","url":"/api/v1/categories"},"service":"purely-ceylon-backend-ecosystem","timestamp":"2026-07-15 13:38:11"}
{"level":"info","message":{"ip":"::1","method":"GET","url":"/api/v1/products"},"service":"purely-ceylon-backend-ecosystem","timestamp":"2026-07-15 13:38:12"}
{"level":"info","message":{"ip":"::1","method":"GET","url":"/api/v1/categories"},"service":"purely-ceylon-backend-ecosystem","timestamp":"2026-07-15 13:38:12"}
{"level":"info","message":{"ip":"::1","method":"GET","url":"/api/v1/products"},"service":"purely-ceylon-backend-ecosystem","timestamp":"2026-07-15 13:38:12"}
{"level":"info","message":{"ip":"::1","method":"GET","url":"/api/v1/categories"},"service":"purely-ceylon-backend-ecosystem","timestamp":"2026-07-15 13:38:13"}
{"level":"info","message":{"ip":"::1","method":"OPTIONS","url":"/api/v1/cart/add"},"service":"purely-ceylon-backend-ecosystem","timestamp":"2026-07-15 13:38:15"}
{"level":"info","message":{"ip":"::1","method":"POST","url":"/api/v1/cart/add"},"service":"purely-ceylon-backend-ecosystem","timestamp":"2026-07-15 13:38:15"}
{"level":"info","message":{"ip":"::1","method":"OPTIONS","url":"/api/v1/cart"},"service":"purely-ceylon-backend-ecosystem","timestamp":"2026-07-15 13:38:21"}
{"level":"info","message":{"ip":"::1","method":"OPTIONS","url":"/api/v1/cart"},"service":"purely-ceylon-backend-ecosystem","timestamp":"2026-07-15 13:38:21"}
{"level":"info","message":{"ip":"::1","method":"GET","url":"/api/v1/cart"},"service":"purely-ceylon-backend-ecosystem","timestamp":"2026-07-15 13:38:21"}
{"level":"info","message":{"ip":"::1","method":"GET","url":"/api/v1/cart"},"service":"purely-ceylon-backend-ecosystem","timestamp":"2026-07-15 13:38:21"}
{"level":"info","message":"📧 Processing Email Queue","service":"purely-ceylon-backend-ecosystem","timestamp":"2026-07-15 13:40:00"}
{"level":"info","message":"📧 Processing Email Queue","service":"purely-ceylon-backend-ecosystem","timestamp":"2026-07-15 13:45:00"}
{"level":"info","message":"📧 Processing Email Queue","service":"purely-ceylon-backend-ecosystem","timestamp":"2026-07-15 13:50:00"}
{"level":"info","message":"📧 Processing Email Queue","service":"purely-ceylon-backend-ecosystem","timestamp":"2026-07-15 21:30:00"}
{"level":"info","message":{"ip":"::1","method":"OPTIONS","url":"/api/v1/categories"},"service":"purely-ceylon-backend-ecosystem","timestamp":"2026-07-15 21:31:26"}
{"level":"info","message":{"ip":"::1","method":"OPTIONS","url":"/api/v1/products"},"service":"purely-ceylon-backend-ecosystem","timestamp":"2026-07-15 21:31:26"}
{"level":"info","message":{"ip":"::1","method":"OPTIONS","url":"/api/v1/categories"},"service":"purely-ceylon-backend-ecosystem","timestamp":"2026-07-15 21:31:26"}
{"level":"info","message":{"ip":"::1","method":"OPTIONS","url":"/api/v1/products"},"service":"purely-ceylon-backend-ecosystem","timestamp":"2026-07-15 21:31:26"}
{"level":"info","message":{"ip":"::1","method":"GET","url":"/api/v1/categories"},"service":"purely-ceylon-backend-ecosystem","timestamp":"2026-07-15 21:31:26"}
{"level":"info","message":{"ip":"::1","method":"GET","url":"/api/v1/products"},"service":"purely-ceylon-backend-ecosystem","timestamp":"2026-07-15 21:31:26"}
{"level":"info","message":{"ip":"::1","method":"GET","url":"/api/v1/products"},"service":"purely-ceylon-backend-ecosystem","timestamp":"2026-07-15 21:31:26"}
{"level":"info","message":{"ip":"::1","method":"GET","url":"/api/v1/categories"},"service":"purely-ceylon-backend-ecosystem","timestamp":"2026-07-15 21:31:26"}
{"level":"info","message":"Gracefully shutting down...","service":"purely-ceylon-backend-ecosystem","timestamp":"2026-07-15 21:31:43"}
{"level":"info","message":"✅ All Background Jobs Started Successfully","service":"purely-ceylon-backend-ecosystem","timestamp":"2026-07-15 21:32:11"}
{"level":"info","message":"✅ Email credentials loaded successfully.","service":"purely-ceylon-backend-ecosystem","timestamp":"2026-07-15 21:32:11"}
{"level":"info","message":"Server running on 5000","service":"purely-ceylon-backend-ecosystem","timestamp":"2026-07-15 21:32:11"}
{"level":"info","message":{"ip":"::1","method":"OPTIONS","url":"/api/v1/profile/me"},"service":"purely-ceylon-backend-ecosystem","timestamp":"2026-07-15 21:32:17"}
{"level":"info","message":{"ip":"::1","method":"OPTIONS","url":"/api/v1/profile/me"},"service":"purely-ceylon-backend-ecosystem","timestamp":"2026-07-15 21:32:17"}
{"level":"info","message":{"ip":"::1","method":"OPTIONS","url":"/api/v1/cart"},"service":"purely-ceylon-backend-ecosystem","timestamp":"2026-07-15 21:32:17"}
{"level":"info","message":{"ip":"::1","method":"OPTIONS","url":"/api/v1/address"},"service":"purely-ceylon-backend-ecosystem","timestamp":"2026-07-15 21:32:17"}
{"level":"info","message":{"ip":"::1","method":"OPTIONS","url":"/api/v1/wishlist"},"service":"purely-ceylon-backend-ecosystem","timestamp":"2026-07-15 21:32:18"}
{"level":"info","message":{"ip":"::1","method":"OPTIONS","url":"/api/v1/cart"},"service":"purely-ceylon-backend-ecosystem","timestamp":"2026-07-15 21:32:18"}
{"level":"info","message":{"ip":"::1","method":"OPTIONS","url":"/api/v1/wishlist"},"service":"purely-ceylon-backend-ecosystem","timestamp":"2026-07-15 21:32:18"}
{"level":"info","message":{"ip":"::1","method":"OPTIONS","url":"/api/v1/cart"},"service":"purely-ceylon-backend-ecosystem","timestamp":"2026-07-15 21:32:18"}
{"level":"info","message":{"ip":"::1","method":"OPTIONS","url":"/api/v1/wishlist"},"service":"purely-ceylon-backend-ecosystem","timestamp":"2026-07-15 21:32:18"}
{"level":"info","message":{"ip":"::1","method":"OPTIONS","url":"/api/v1/categories"},"service":"purely-ceylon-backend-ecosystem","timestamp":"2026-07-15 21:32:18"}
{"level":"info","message":{"ip":"::1","method":"OPTIONS","url":"/api/v1/products"},"service":"purely-ceylon-backend-ecosystem","timestamp":"2026-07-15 21:32:19"}
{"level":"info","message":{"ip":"::1","method":"OPTIONS","url":"/api/v1/address"},"service":"purely-ceylon-backend-ecosystem","timestamp":"2026-07-15 21:32:19"}
{"level":"info","message":{"ip":"::1","method":"OPTIONS","url":"/api/v1/wishlist"},"service":"purely-ceylon-backend-ecosystem","timestamp":"2026-07-15 21:32:19"}
{"level":"info","message":{"ip":"::1","method":"OPTIONS","url":"/api/v1/cart"},"service":"purely-ceylon-backend-ecosystem","timestamp":"2026-07-15 21:32:19"}
{"level":"info","message":{"ip":"::1","method":"GET","url":"/api/v1/profile/me"},"service":"purely-ceylon-backend-ecosystem","timestamp":"2026-07-15 21:32:19"}
{"level":"info","message":{"ip":"::1","method":"OPTIONS","url":"/api/v1/categories"},"service":"purely-ceylon-backend-ecosystem","timestamp":"2026-07-15 21:32:20"}
{"level":"info","message":{"ip":"::1","method":"OPTIONS","url":"/api/v1/products"},"service":"purely-ceylon-backend-ecosystem","timestamp":"2026-07-15 21:32:20"}
{"level":"info","message":{"ip":"::1","method":"GET","url":"/api/v1/cart"},"service":"purely-ceylon-backend-ecosystem","timestamp":"2026-07-15 21:32:20"}
{"level":"info","message":{"ip":"::1","method":"GET","url":"/api/v1/address"},"service":"purely-ceylon-backend-ecosystem","timestamp":"2026-07-15 21:32:20"}
{"level":"info","message":{"ip":"::1","method":"GET","url":"/api/v1/wishlist"},"service":"purely-ceylon-backend-ecosystem","timestamp":"2026-07-15 21:32:21"}
{"level":"info","message":{"ip":"::1","method":"GET","url":"/api/v1/categories"},"service":"purely-ceylon-backend-ecosystem","timestamp":"2026-07-15 21:32:21"}
{"level":"info","message":{"ip":"::1","method":"GET","url":"/api/v1/products"},"service":"purely-ceylon-backend-ecosystem","timestamp":"2026-07-15 21:32:21"}
{"level":"info","message":{"ip":"::1","method":"GET","url":"/api/v1/profile/me"},"service":"purely-ceylon-backend-ecosystem","timestamp":"2026-07-15 21:32:21"}
{"level":"info","message":{"ip":"::1","method":"GET","url":"/api/v1/address"},"service":"purely-ceylon-backend-ecosystem","timestamp":"2026-07-15 21:32:22"}
{"level":"info","message":{"ip":"::1","method":"GET","url":"/api/v1/cart"},"service":"purely-ceylon-backend-ecosystem","timestamp":"2026-07-15 21:32:22"}
{"level":"info","message":{"ip":"::1","method":"GET","url":"/api/v1/wishlist"},"service":"purely-ceylon-backend-ecosystem","timestamp":"2026-07-15 21:32:23"}
{"level":"info","message":{"ip":"::1","method":"GET","url":"/api/v1/categories"},"service":"purely-ceylon-backend-ecosystem","timestamp":"2026-07-15 21:32:23"}
{"level":"info","message":{"ip":"::1","method":"GET","url":"/api/v1/products"},"service":"purely-ceylon-backend-ecosystem","timestamp":"2026-07-15 21:32:23"}
{"level":"info","message":{"ip":"::1","method":"GET","url":"/api/v1/wishlist"},"service":"purely-ceylon-backend-ecosystem","timestamp":"2026-07-15 21:32:23"}
{"level":"info","message":{"ip":"::1","method":"GET","url":"/api/v1/cart"},"service":"purely-ceylon-backend-ecosystem","timestamp":"2026-07-15 21:32:24"}
{"level":"info","message":{"ip":"::1","method":"GET","url":"/api/v1/wishlist"},"service":"purely-ceylon-backend-ecosystem","timestamp":"2026-07-15 21:32:24"}
{"level":"info","message":{"ip":"::1","method":"GET","url":"/api/v1/cart"},"service":"purely-ceylon-backend-ecosystem","timestamp":"2026-07-15 21:32:24"}
{"level":"info","message":"📧 Processing Email Queue","service":"purely-ceylon-backend-ecosystem","timestamp":"2026-07-15 21:35:00"}
{"level":"info","message":{"ip":"::1","method":"OPTIONS","url":"/api/v1/cart/add"},"service":"purely-ceylon-backend-ecosystem","timestamp":"2026-07-15 21:35:04"}
{"level":"info","message":{"ip":"::1","method":"POST","url":"/api/v1/cart/add"},"service":"purely-ceylon-backend-ecosystem","timestamp":"2026-07-15 21:35:04"}
{"level":"info","message":{"ip":"::1","method":"OPTIONS","url":"/api/v1/cart/add"},"service":"purely-ceylon-backend-ecosystem","timestamp":"2026-07-15 21:35:09"}
{"level":"info","message":{"ip":"::1","method":"POST","url":"/api/v1/cart/add"},"service":"purely-ceylon-backend-ecosystem","timestamp":"2026-07-15 21:35:09"}
{"level":"info","message":{"ip":"::1","method":"OPTIONS","url":"/api/v1/cart"},"service":"purely-ceylon-backend-ecosystem","timestamp":"2026-07-15 21:35:20"}
{"level":"info","message":{"ip":"::1","method":"OPTIONS","url":"/api/v1/cart"},"service":"purely-ceylon-backend-ecosystem","timestamp":"2026-07-15 21:35:20"}
{"level":"info","message":{"ip":"::1","method":"GET","url":"/api/v1/cart"},"service":"purely-ceylon-backend-ecosystem","timestamp":"2026-07-15 21:35:20"}
{"level":"info","message":{"ip":"::1","method":"GET","url":"/api/v1/cart"},"service":"purely-ceylon-backend-ecosystem","timestamp":"2026-07-15 21:35:20"}
{"level":"info","message":"Gracefully shutting down...","service":"purely-ceylon-backend-ecosystem","timestamp":"2026-07-15 21:36:04"}
{"level":"info","message":"✅ All Background Jobs Started Successfully","service":"purely-ceylon-backend-ecosystem","timestamp":"2026-07-15 21:38:01"}
{"level":"info","message":"✅ Email credentials loaded successfully.","service":"purely-ceylon-backend-ecosystem","timestamp":"2026-07-15 21:38:01"}
{"level":"info","message":"Server running on 5000","service":"purely-ceylon-backend-ecosystem","timestamp":"2026-07-15 21:38:01"}
{"level":"info","message":{"ip":"::1","method":"OPTIONS","url":"/api/v1/categories"},"service":"purely-ceylon-backend-ecosystem","timestamp":"2026-07-15 21:38:08"}
{"level":"info","message":{"ip":"::1","method":"OPTIONS","url":"/api/v1/products"},"service":"purely-ceylon-backend-ecosystem","timestamp":"2026-07-15 21:38:08"}
{"level":"info","message":{"ip":"::1","method":"OPTIONS","url":"/api/v1/categories"},"service":"purely-ceylon-backend-ecosystem","timestamp":"2026-07-15 21:38:08"}
{"level":"info","message":{"ip":"::1","method":"OPTIONS","url":"/api/v1/products"},"service":"purely-ceylon-backend-ecosystem","timestamp":"2026-07-15 21:38:08"}
{"level":"info","message":{"ip":"::1","method":"GET","url":"/api/v1/categories"},"service":"purely-ceylon-backend-ecosystem","timestamp":"2026-07-15 21:38:08"}
{"level":"info","message":{"ip":"::1","method":"GET","url":"/api/v1/products"},"service":"purely-ceylon-backend-ecosystem","timestamp":"2026-07-15 21:38:09"}
{"level":"info","message":{"ip":"::1","method":"GET","url":"/api/v1/categories"},"service":"purely-ceylon-backend-ecosystem","timestamp":"2026-07-15 21:38:09"}
{"level":"info","message":{"ip":"::1","method":"GET","url":"/api/v1/products"},"service":"purely-ceylon-backend-ecosystem","timestamp":"2026-07-15 21:38:09"}
{"level":"info","message":{"ip":"::1","method":"OPTIONS","url":"/api/v1/cart/add"},"service":"purely-ceylon-backend-ecosystem","timestamp":"2026-07-15 21:38:10"}
{"level":"info","message":{"ip":"::1","method":"POST","url":"/api/v1/cart/add"},"service":"purely-ceylon-backend-ecosystem","timestamp":"2026-07-15 21:38:10"}
{"level":"info","message":{"ip":"::1","method":"OPTIONS","url":"/api/v1/cart/add"},"service":"purely-ceylon-backend-ecosystem","timestamp":"2026-07-15 21:38:25"}
{"level":"info","message":{"ip":"::1","method":"POST","url":"/api/v1/cart/add"},"service":"purely-ceylon-backend-ecosystem","timestamp":"2026-07-15 21:38:25"}
{"level":"info","message":{"ip":"::1","method":"OPTIONS","url":"/api/v1/cart"},"service":"purely-ceylon-backend-ecosystem","timestamp":"2026-07-15 21:38:29"}
{"level":"info","message":{"ip":"::1","method":"OPTIONS","url":"/api/v1/address"},"service":"purely-ceylon-backend-ecosystem","timestamp":"2026-07-15 21:38:29"}
{"level":"info","message":{"ip":"::1","method":"OPTIONS","url":"/api/v1/cart"},"service":"purely-ceylon-backend-ecosystem","timestamp":"2026-07-15 21:38:29"}
{"level":"info","message":{"ip":"::1","method":"OPTIONS","url":"/api/v1/address"},"service":"purely-ceylon-backend-ecosystem","timestamp":"2026-07-15 21:38:29"}
{"level":"info","message":{"ip":"::1","method":"GET","url":"/api/v1/cart"},"service":"purely-ceylon-backend-ecosystem","timestamp":"2026-07-15 21:38:29"}
{"level":"info","message":{"ip":"::1","method":"GET","url":"/api/v1/address"},"service":"purely-ceylon-backend-ecosystem","timestamp":"2026-07-15 21:38:29"}
{"level":"info","message":{"ip":"::1","method":"GET","url":"/api/v1/cart"},"service":"purely-ceylon-backend-ecosystem","timestamp":"2026-07-15 21:38:30"}
{"level":"info","message":{"ip":"::1","method":"GET","url":"/api/v1/address"},"service":"purely-ceylon-backend-ecosystem","timestamp":"2026-07-15 21:38:30"}
{"level":"info","message":{"ip":"::1","method":"OPTIONS","url":"/api/v1/cart"},"service":"purely-ceylon-backend-ecosystem","timestamp":"2026-07-15 21:38:37"}
{"level":"info","message":{"ip":"::1","method":"OPTIONS","url":"/api/v1/cart"},"service":"purely-ceylon-backend-ecosystem","timestamp":"2026-07-15 21:38:37"}
{"level":"info","message":{"ip":"::1","method":"GET","url":"/api/v1/cart"},"service":"purely-ceylon-backend-ecosystem","timestamp":"2026-07-15 21:38:37"}
{"level":"info","message":{"ip":"::1","method":"GET","url":"/api/v1/cart"},"service":"purely-ceylon-backend-ecosystem","timestamp":"2026-07-15 21:38:37"}
{"level":"info","message":{"ip":"::1","method":"GET","url":"/api/v1/cart"},"service":"purely-ceylon-backend-ecosystem","timestamp":"2026-07-15 21:38:37"}
{"level":"info","message":{"ip":"::1","method":"GET","url":"/api/v1/cart"},"service":"purely-ceylon-backend-ecosystem","timestamp":"2026-07-15 21:38:37"}
{"level":"info","message":{"ip":"::1","method":"OPTIONS","url":"/api/v1/profile/me"},"service":"purely-ceylon-backend-ecosystem","timestamp":"2026-07-15 21:38:49"}
{"level":"info","message":{"ip":"::1","method":"OPTIONS","url":"/api/v1/profile/me"},"service":"purely-ceylon-backend-ecosystem","timestamp":"2026-07-15 21:38:49"}
{"level":"info","message":{"ip":"::1","method":"OPTIONS","url":"/api/v1/cart"},"service":"purely-ceylon-backend-ecosystem","timestamp":"2026-07-15 21:38:49"}
{"level":"info","message":{"ip":"::1","method":"OPTIONS","url":"/api/v1/wishlist"},"service":"purely-ceylon-backend-ecosystem","timestamp":"2026-07-15 21:38:50"}
{"level":"info","message":{"ip":"::1","method":"OPTIONS","url":"/api/v1/address"},"service":"purely-ceylon-backend-ecosystem","timestamp":"2026-07-15 21:38:50"}
{"level":"info","message":{"ip":"::1","method":"OPTIONS","url":"/api/v1/wishlist"},"service":"purely-ceylon-backend-ecosystem","timestamp":"2026-07-15 21:38:50"}
{"level":"info","message":{"ip":"::1","method":"OPTIONS","url":"/api/v1/cart"},"service":"purely-ceylon-backend-ecosystem","timestamp":"2026-07-15 21:38:50"}
{"level":"info","message":{"ip":"::1","method":"OPTIONS","url":"/api/v1/cart"},"service":"purely-ceylon-backend-ecosystem","timestamp":"2026-07-15 21:38:50"}
{"level":"info","message":{"ip":"::1","method":"OPTIONS","url":"/api/v1/wishlist"},"service":"purely-ceylon-backend-ecosystem","timestamp":"2026-07-15 21:38:50"}
{"level":"info","message":{"ip":"::1","method":"OPTIONS","url":"/api/v1/address"},"service":"purely-ceylon-backend-ecosystem","timestamp":"2026-07-15 21:38:50"}
{"level":"info","message":{"ip":"::1","method":"OPTIONS","url":"/api/v1/wishlist"},"service":"purely-ceylon-backend-ecosystem","timestamp":"2026-07-15 21:38:50"}
{"level":"info","message":{"ip":"::1","method":"OPTIONS","url":"/api/v1/cart"},"service":"purely-ceylon-backend-ecosystem","timestamp":"2026-07-15 21:38:50"}
{"level":"info","message":{"ip":"::1","method":"GET","url":"/api/v1/profile/me"},"service":"purely-ceylon-backend-ecosystem","timestamp":"2026-07-15 21:38:50"}
{"level":"info","message":{"ip":"::1","method":"GET","url":"/api/v1/cart"},"service":"purely-ceylon-backend-ecosystem","timestamp":"2026-07-15 21:38:51"}
{"level":"info","message":{"ip":"::1","method":"GET","url":"/api/v1/wishlist"},"service":"purely-ceylon-backend-ecosystem","timestamp":"2026-07-15 21:38:52"}
{"level":"info","message":{"ip":"::1","method":"GET","url":"/api/v1/address"},"service":"purely-ceylon-backend-ecosystem","timestamp":"2026-07-15 21:38:52"}
{"level":"info","message":{"ip":"::1","method":"GET","url":"/api/v1/address"},"service":"purely-ceylon-backend-ecosystem","timestamp":"2026-07-15 21:38:53"}
{"level":"info","message":{"ip":"::1","method":"GET","url":"/api/v1/profile/me"},"service":"purely-ceylon-backend-ecosystem","timestamp":"2026-07-15 21:38:53"}
{"level":"info","message":{"ip":"::1","method":"GET","url":"/api/v1/cart"},"service":"purely-ceylon-backend-ecosystem","timestamp":"2026-07-15 21:38:53"}
{"level":"info","message":{"ip":"::1","method":"GET","url":"/api/v1/wishlist"},"service":"purely-ceylon-backend-ecosystem","timestamp":"2026-07-15 21:38:53"}
{"level":"info","message":{"ip":"::1","method":"GET","url":"/api/v1/wishlist"},"service":"purely-ceylon-backend-ecosystem","timestamp":"2026-07-15 21:38:53"}
{"level":"info","message":{"ip":"::1","method":"GET","url":"/api/v1/cart"},"service":"purely-ceylon-backend-ecosystem","timestamp":"2026-07-15 21:38:53"}
{"level":"info","message":{"ip":"::1","method":"GET","url":"/api/v1/wishlist"},"service":"purely-ceylon-backend-ecosystem","timestamp":"2026-07-15 21:38:53"}
{"level":"info","message":{"ip":"::1","method":"GET","url":"/api/v1/cart"},"service":"purely-ceylon-backend-ecosystem","timestamp":"2026-07-15 21:38:53"}
{"level":"info","message":{"ip":"::1","method":"OPTIONS","url":"/api/v1/categories"},"service":"purely-ceylon-backend-ecosystem","timestamp":"2026-07-15 21:38:54"}
{"level":"info","message":{"ip":"::1","method":"OPTIONS","url":"/api/v1/products"},"service":"purely-ceylon-backend-ecosystem","timestamp":"2026-07-15 21:38:54"}
{"level":"info","message":{"ip":"::1","method":"OPTIONS","url":"/api/v1/categories"},"service":"purely-ceylon-backend-ecosystem","timestamp":"2026-07-15 21:38:54"}
{"level":"info","message":{"ip":"::1","method":"OPTIONS","url":"/api/v1/products"},"service":"purely-ceylon-backend-ecosystem","timestamp":"2026-07-15 21:38:54"}
{"level":"info","message":{"ip":"::1","method":"GET","url":"/api/v1/categories"},"service":"purely-ceylon-backend-ecosystem","timestamp":"2026-07-15 21:38:54"}
{"level":"info","message":{"ip":"::1","method":"GET","url":"/api/v1/products"},"service":"purely-ceylon-backend-ecosystem","timestamp":"2026-07-15 21:38:54"}
{"level":"info","message":{"ip":"::1","method":"GET","url":"/api/v1/categories"},"service":"purely-ceylon-backend-ecosystem","timestamp":"2026-07-15 21:38:54"}
{"level":"info","message":{"ip":"::1","method":"GET","url":"/api/v1/products"},"service":"purely-ceylon-backend-ecosystem","timestamp":"2026-07-15 21:38:54"}
{"level":"info","message":{"ip":"::1","method":"OPTIONS","url":"/api/v1/products/889a6c64-edc0-46e5-aa52-3cf47d6fd979"},"service":"purely-ceylon-backend-ecosystem","timestamp":"2026-07-15 21:38:56"}
{"level":"info","message":{"ip":"::1","method":"OPTIONS","url":"/api/v1/products/889a6c64-edc0-46e5-aa52-3cf47d6fd979"},"service":"purely-ceylon-backend-ecosystem","timestamp":"2026-07-15 21:38:56"}
{"level":"info","message":{"ip":"::1","method":"GET","url":"/api/v1/products/889a6c64-edc0-46e5-aa52-3cf47d6fd979"},"service":"purely-ceylon-backend-ecosystem","timestamp":"2026-07-15 21:38:56"}
{"level":"info","message":{"ip":"::1","method":"GET","url":"/api/v1/products/889a6c64-edc0-46e5-aa52-3cf47d6fd979"},"service":"purely-ceylon-backend-ecosystem","timestamp":"2026-07-15 21:38:56"}
{"level":"info","message":{"ip":"::1","method":"OPTIONS","url":"/api/v1/reviews/889a6c64-edc0-46e5-aa52-3cf47d6fd979"},"service":"purely-ceylon-backend-ecosystem","timestamp":"2026-07-15 21:38:56"}
{"level":"info","message":{"ip":"::1","method":"GET","url":"/api/v1/reviews/889a6c64-edc0-46e5-aa52-3cf47d6fd979"},"service":"purely-ceylon-backend-ecosystem","timestamp":"2026-07-15 21:38:56"}
{"level":"info","message":{"ip":"::1","method":"GET","url":"/api/v1/reviews/889a6c64-edc0-46e5-aa52-3cf47d6fd979"},"service":"purely-ceylon-backend-ecosystem","timestamp":"2026-07-15 21:38:56"}
{"level":"info","message":{"ip":"::1","method":"OPTIONS","url":"/api/v1/questions/889a6c64-edc0-46e5-aa52-3cf47d6fd979"},"service":"purely-ceylon-backend-ecosystem","timestamp":"2026-07-15 21:38:56"}
{"level":"info","message":{"ip":"::1","method":"GET","url":"/api/v1/questions/889a6c64-edc0-46e5-aa52-3cf47d6fd979"},"service":"purely-ceylon-backend-ecosystem","timestamp":"2026-07-15 21:38:56"}
{"level":"info","message":{"ip":"::1","method":"GET","url":"/api/v1/questions/889a6c64-edc0-46e5-aa52-3cf47d6fd979"},"service":"purely-ceylon-backend-ecosystem","timestamp":"2026-07-15 21:38:56"}
{"level":"info","message":{"ip":"::1","method":"OPTIONS","url":"/api/v1/wishlist/add"},"service":"purely-ceylon-backend-ecosystem","timestamp":"2026-07-15 21:38:59"}
{"level":"info","message":{"ip":"::1","method":"POST","url":"/api/v1/wishlist/add"},"service":"purely-ceylon-backend-ecosystem","timestamp":"2026-07-15 21:38:59"}
{"level":"info","message":{"ip":"::1","method":"OPTIONS","url":"/api/v1/wishlist"},"service":"purely-ceylon-backend-ecosystem","timestamp":"2026-07-15 21:39:01"}
{"level":"info","message":{"ip":"::1","method":"GET","url":"/api/v1/wishlist"},"service":"purely-ceylon-backend-ecosystem","timestamp":"2026-07-15 21:39:01"}
{"level":"info","message":{"ip":"::1","method":"OPTIONS","url":"/api/v1/cart/add"},"service":"purely-ceylon-backend-ecosystem","timestamp":"2026-07-15 21:39:03"}
{"level":"info","message":{"ip":"::1","method":"POST","url":"/api/v1/cart/add"},"service":"purely-ceylon-backend-ecosystem","timestamp":"2026-07-15 21:39:03"}
{"level":"info","message":{"ip":"::1","method":"OPTIONS","url":"/api/v1/cart"},"service":"purely-ceylon-backend-ecosystem","timestamp":"2026-07-15 21:39:04"}
{"level":"info","message":{"ip":"::1","method":"GET","url":"/api/v1/cart"},"service":"purely-ceylon-backend-ecosystem","timestamp":"2026-07-15 21:39:04"}
{"level":"info","message":{"ip":"::1","method":"OPTIONS","url":"/api/v1/questions/889a6c64-edc0-46e5-aa52-3cf47d6fd979"},"service":"purely-ceylon-backend-ecosystem","timestamp":"2026-07-15 21:39:12"}
{"level":"info","message":{"ip":"::1","method":"POST","url":"/api/v1/questions/889a6c64-edc0-46e5-aa52-3cf47d6fd979"},"service":"purely-ceylon-backend-ecosystem","timestamp":"2026-07-15 21:39:12"}
{"level":"info","message":{"ip":"::1","method":"GET","url":"/api/v1/questions/889a6c64-edc0-46e5-aa52-3cf47d6fd979"},"service":"purely-ceylon-backend-ecosystem","timestamp":"2026-07-15 21:39:14"}
{"level":"info","message":{"ip":"::1","method":"OPTIONS","url":"/api/v1/reviews/889a6c64-edc0-46e5-aa52-3cf47d6fd979"},"service":"purely-ceylon-backend-ecosystem","timestamp":"2026-07-15 21:39:26"}
{"level":"info","message":{"ip":"::1","method":"POST","url":"/api/v1/reviews/889a6c64-edc0-46e5-aa52-3cf47d6fd979"},"service":"purely-ceylon-backend-ecosystem","timestamp":"2026-07-15 21:39:26"}
{"level":"info","message":{"ip":"::1","method":"GET","url":"/api/v1/reviews/889a6c64-edc0-46e5-aa52-3cf47d6fd979"},"service":"purely-ceylon-backend-ecosystem","timestamp":"2026-07-15 21:39:28"}
{"level":"info","message":{"ip":"::1","method":"OPTIONS","url":"/api/v1/wishlist"},"service":"purely-ceylon-backend-ecosystem","timestamp":"2026-07-15 21:39:31"}
{"level":"info","message":{"ip":"::1","method":"OPTIONS","url":"/api/v1/wishlist"},"service":"purely-ceylon-backend-ecosystem","timestamp":"2026-07-15 21:39:31"}
{"level":"info","message":{"ip":"::1","method":"GET","url":"/api/v1/wishlist"},"service":"purely-ceylon-backend-ecosystem","timestamp":"2026-07-15 21:39:32"}
{"level":"info","message":{"ip":"::1","method":"GET","url":"/api/v1/wishlist"},"service":"purely-ceylon-backend-ecosystem","timestamp":"2026-07-15 21:39:32"}
{"level":"info","message":{"ip":"::1","method":"GET","url":"/api/v1/wishlist"},"service":"purely-ceylon-backend-ecosystem","timestamp":"2026-07-15 21:39:32"}
{"level":"info","message":{"ip":"::1","method":"GET","url":"/api/v1/wishlist"},"service":"purely-ceylon-backend-ecosystem","timestamp":"2026-07-15 21:39:32"}
{"level":"info","message":{"ip":"::1","method":"OPTIONS","url":"/api/v1/cart/add"},"service":"purely-ceylon-backend-ecosystem","timestamp":"2026-07-15 21:39:35"}
{"level":"info","message":{"ip":"::1","method":"POST","url":"/api/v1/cart/add"},"service":"purely-ceylon-backend-ecosystem","timestamp":"2026-07-15 21:39:35"}
{"level":"info","message":{"ip":"::1","method":"OPTIONS","url":"/api/v1/wishlist/37ac181a-4980-4461-ba82-efdd7b02b1cf"},"service":"purely-ceylon-backend-ecosystem","timestamp":"2026-07-15 21:39:35"}
{"level":"info","message":{"ip":"::1","method":"DELETE","url":"/api/v1/wishlist/37ac181a-4980-4461-ba82-efdd7b02b1cf"},"service":"purely-ceylon-backend-ecosystem","timestamp":"2026-07-15 21:39:35"}
{"level":"info","message":{"ip":"::1","method":"OPTIONS","url":"/api/v1/cart"},"service":"purely-ceylon-backend-ecosystem","timestamp":"2026-07-15 21:39:37"}
{"level":"info","message":{"ip":"::1","method":"OPTIONS","url":"/api/v1/wishlist"},"service":"purely-ceylon-backend-ecosystem","timestamp":"2026-07-15 21:39:37"}
{"level":"info","message":{"ip":"::1","method":"GET","url":"/api/v1/cart"},"service":"purely-ceylon-backend-ecosystem","timestamp":"2026-07-15 21:39:37"}
{"level":"info","message":{"ip":"::1","method":"GET","url":"/api/v1/wishlist"},"service":"purely-ceylon-backend-ecosystem","timestamp":"2026-07-15 21:39:37"}
{"level":"info","message":{"ip":"::1","method":"GET","url":"/api/v1/wishlist"},"service":"purely-ceylon-backend-ecosystem","timestamp":"2026-07-15 21:39:37"}
{"level":"info","message":{"ip":"::1","method":"GET","url":"/api/v1/wishlist"},"service":"purely-ceylon-backend-ecosystem","timestamp":"2026-07-15 21:39:37"}
{"level":"info","message":{"ip":"::1","method":"OPTIONS","url":"/api/v1/categories"},"service":"purely-ceylon-backend-ecosystem","timestamp":"2026-07-15 21:39:40"}
{"level":"info","message":{"ip":"::1","method":"OPTIONS","url":"/api/v1/products"},"service":"purely-ceylon-backend-ecosystem","timestamp":"2026-07-15 21:39:40"}
{"level":"info","message":{"ip":"::1","method":"OPTIONS","url":"/api/v1/categories"},"service":"purely-ceylon-backend-ecosystem","timestamp":"2026-07-15 21:39:40"}
{"level":"info","message":{"ip":"::1","method":"OPTIONS","url":"/api/v1/products"},"service":"purely-ceylon-backend-ecosystem","timestamp":"2026-07-15 21:39:40"}
{"level":"info","message":{"ip":"::1","method":"GET","url":"/api/v1/categories"},"service":"purely-ceylon-backend-ecosystem","timestamp":"2026-07-15 21:39:40"}
{"level":"info","message":{"ip":"::1","method":"GET","url":"/api/v1/products"},"service":"purely-ceylon-backend-ecosystem","timestamp":"2026-07-15 21:39:40"}
{"level":"info","message":{"ip":"::1","method":"GET","url":"/api/v1/categories"},"service":"purely-ceylon-backend-ecosystem","timestamp":"2026-07-15 21:39:40"}
{"level":"info","message":{"ip":"::1","method":"GET","url":"/api/v1/products"},"service":"purely-ceylon-backend-ecosystem","timestamp":"2026-07-15 21:39:40"}
{"level":"info","message":{"ip":"::1","method":"OPTIONS","url":"/api/v1/wishlist/add"},"service":"purely-ceylon-backend-ecosystem","timestamp":"2026-07-15 21:39:42"}
{"level":"info","message":{"ip":"::1","method":"POST","url":"/api/v1/wishlist/add"},"service":"purely-ceylon-backend-ecosystem","timestamp":"2026-07-15 21:39:42"}
{"level":"info","message":{"ip":"::1","method":"OPTIONS","url":"/api/v1/profile/me"},"service":"purely-ceylon-backend-ecosystem","timestamp":"2026-07-15 21:39:47"}
{"level":"info","message":{"ip":"::1","method":"OPTIONS","url":"/api/v1/cart"},"service":"purely-ceylon-backend-ecosystem","timestamp":"2026-07-15 21:39:47"}
{"level":"info","message":{"ip":"::1","method":"OPTIONS","url":"/api/v1/categories"},"service":"purely-ceylon-backend-ecosystem","timestamp":"2026-07-15 21:39:47"}
{"level":"info","message":{"ip":"::1","method":"OPTIONS","url":"/api/v1/products"},"service":"purely-ceylon-backend-ecosystem","timestamp":"2026-07-15 21:39:47"}
{"level":"info","message":{"ip":"::1","method":"OPTIONS","url":"/api/v1/address"},"service":"purely-ceylon-backend-ecosystem","timestamp":"2026-07-15 21:39:47"}
{"level":"info","message":{"ip":"::1","method":"OPTIONS","url":"/api/v1/wishlist"},"service":"purely-ceylon-backend-ecosystem","timestamp":"2026-07-15 21:39:47"}
{"level":"info","message":{"ip":"::1","method":"OPTIONS","url":"/api/v1/cart"},"service":"purely-ceylon-backend-ecosystem","timestamp":"2026-07-15 21:39:47"}
{"level":"info","message":{"ip":"::1","method":"OPTIONS","url":"/api/v1/wishlist"},"service":"purely-ceylon-backend-ecosystem","timestamp":"2026-07-15 21:39:47"}
{"level":"info","message":{"ip":"::1","method":"OPTIONS","url":"/api/v1/categories"},"service":"purely-ceylon-backend-ecosystem","timestamp":"2026-07-15 21:39:47"}
{"level":"info","message":{"ip":"::1","method":"OPTIONS","url":"/api/v1/products"},"service":"purely-ceylon-backend-ecosystem","timestamp":"2026-07-15 21:39:47"}
{"level":"info","message":{"ip":"::1","method":"OPTIONS","url":"/api/v1/address"},"service":"purely-ceylon-backend-ecosystem","timestamp":"2026-07-15 21:39:47"}
{"level":"info","message":{"ip":"::1","method":"OPTIONS","url":"/api/v1/wishlist"},"service":"purely-ceylon-backend-ecosystem","timestamp":"2026-07-15 21:39:47"}
{"level":"info","message":{"ip":"::1","method":"OPTIONS","url":"/api/v1/cart"},"service":"purely-ceylon-backend-ecosystem","timestamp":"2026-07-15 21:39:47"}
{"level":"info","message":{"ip":"::1","method":"OPTIONS","url":"/api/v1/wishlist"},"service":"purely-ceylon-backend-ecosystem","timestamp":"2026-07-15 21:39:47"}
{"level":"info","message":{"ip":"::1","method":"OPTIONS","url":"/api/v1/cart"},"service":"purely-ceylon-backend-ecosystem","timestamp":"2026-07-15 21:39:48"}
{"level":"info","message":{"ip":"::1","method":"OPTIONS","url":"/api/v1/profile/me"},"service":"purely-ceylon-backend-ecosystem","timestamp":"2026-07-15 21:39:48"}
{"level":"info","message":{"ip":"::1","method":"GET","url":"/api/v1/profile/me"},"service":"purely-ceylon-backend-ecosystem","timestamp":"2026-07-15 21:39:48"}
{"level":"info","message":{"ip":"::1","method":"GET","url":"/api/v1/categories"},"service":"purely-ceylon-backend-ecosystem","timestamp":"2026-07-15 21:39:49"}
{"level":"info","message":{"ip":"::1","method":"GET","url":"/api/v1/products"},"service":"purely-ceylon-backend-ecosystem","timestamp":"2026-07-15 21:39:49"}
{"level":"info","message":{"ip":"::1","method":"GET","url":"/api/v1/address"},"service":"purely-ceylon-backend-ecosystem","timestamp":"2026-07-15 21:39:49"}
{"level":"info","message":{"ip":"::1","method":"GET","url":"/api/v1/wishlist"},"service":"purely-ceylon-backend-ecosystem","timestamp":"2026-07-15 21:39:49"}
{"level":"info","message":{"ip":"::1","method":"GET","url":"/api/v1/profile/me"},"service":"purely-ceylon-backend-ecosystem","timestamp":"2026-07-15 21:39:49"}
{"level":"info","message":{"ip":"::1","method":"GET","url":"/api/v1/cart"},"service":"purely-ceylon-backend-ecosystem","timestamp":"2026-07-15 21:39:50"}
{"level":"info","message":{"ip":"::1","method":"GET","url":"/api/v1/categories"},"service":"purely-ceylon-backend-ecosystem","timestamp":"2026-07-15 21:39:50"}
{"level":"info","message":{"ip":"::1","method":"GET","url":"/api/v1/products"},"service":"purely-ceylon-backend-ecosystem","timestamp":"2026-07-15 21:39:50"}
{"level":"info","message":{"ip":"::1","method":"GET","url":"/api/v1/address"},"service":"purely-ceylon-backend-ecosystem","timestamp":"2026-07-15 21:39:50"}
{"level":"info","message":{"ip":"::1","method":"GET","url":"/api/v1/wishlist"},"service":"purely-ceylon-backend-ecosystem","timestamp":"2026-07-15 21:39:50"}
{"level":"info","message":{"ip":"::1","method":"GET","url":"/api/v1/cart"},"service":"purely-ceylon-backend-ecosystem","timestamp":"2026-07-15 21:39:50"}
{"level":"info","message":{"ip":"::1","method":"GET","url":"/api/v1/wishlist"},"service":"purely-ceylon-backend-ecosystem","timestamp":"2026-07-15 21:39:50"}
{"level":"info","message":{"ip":"::1","method":"GET","url":"/api/v1/wishlist"},"service":"purely-ceylon-backend-ecosystem","timestamp":"2026-07-15 21:39:51"}
{"level":"info","message":{"ip":"::1","method":"GET","url":"/api/v1/cart"},"service":"purely-ceylon-backend-ecosystem","timestamp":"2026-07-15 21:39:51"}
{"level":"info","message":{"ip":"::1","method":"GET","url":"/api/v1/wishlist"},"service":"purely-ceylon-backend-ecosystem","timestamp":"2026-07-15 21:39:51"}
{"level":"info","message":{"ip":"::1","method":"GET","url":"/api/v1/cart"},"service":"purely-ceylon-backend-ecosystem","timestamp":"2026-07-15 21:39:52"}
{"level":"info","message":{"ip":"::1","method":"GET","url":"/api/v1/wishlist"},"service":"purely-ceylon-backend-ecosystem","timestamp":"2026-07-15 21:39:52"}
{"level":"info","message":{"ip":"::1","method":"GET","url":"/api/v1/wishlist"},"service":"purely-ceylon-backend-ecosystem","timestamp":"2026-07-15 21:39:52"}
{"level":"info","message":{"ip":"::1","method":"GET","url":"/api/v1/wishlist"},"service":"purely-ceylon-backend-ecosystem","timestamp":"2026-07-15 21:39:53"}
{"level":"info","message":{"ip":"::1","method":"OPTIONS","url":"/api/v1/wishlist/635cffd8-c642-41c4-938d-02eac8269166"},"service":"purely-ceylon-backend-ecosystem","timestamp":"2026-07-15 21:39:54"}
{"level":"info","message":{"ip":"::1","method":"DELETE","url":"/api/v1/wishlist/635cffd8-c642-41c4-938d-02eac8269166"},"service":"purely-ceylon-backend-ecosystem","timestamp":"2026-07-15 21:39:54"}
{"level":"info","message":{"ip":"::1","method":"OPTIONS","url":"/api/v1/wishlist"},"service":"purely-ceylon-backend-ecosystem","timestamp":"2026-07-15 21:39:56"}
{"level":"info","message":{"ip":"::1","method":"GET","url":"/api/v1/wishlist"},"service":"purely-ceylon-backend-ecosystem","timestamp":"2026-07-15 21:39:56"}
{"level":"info","message":{"ip":"::1","method":"GET","url":"/api/v1/wishlist"},"service":"purely-ceylon-backend-ecosystem","timestamp":"2026-07-15 21:39:56"}
{"level":"info","message":{"ip":"::1","method":"GET","url":"/api/v1/wishlist"},"service":"purely-ceylon-backend-ecosystem","timestamp":"2026-07-15 21:39:56"}
{"level":"info","message":{"ip":"::1","method":"OPTIONS","url":"/api/v1/cart"},"service":"purely-ceylon-backend-ecosystem","timestamp":"2026-07-15 21:39:57"}
{"level":"info","message":{"ip":"::1","method":"OPTIONS","url":"/api/v1/cart"},"service":"purely-ceylon-backend-ecosystem","timestamp":"2026-07-15 21:39:57"}
{"level":"info","message":{"ip":"::1","method":"GET","url":"/api/v1/cart"},"service":"purely-ceylon-backend-ecosystem","timestamp":"2026-07-15 21:39:57"}
{"level":"info","message":{"ip":"::1","method":"GET","url":"/api/v1/cart"},"service":"purely-ceylon-backend-ecosystem","timestamp":"2026-07-15 21:39:57"}
{"level":"info","message":{"ip":"::1","method":"GET","url":"/api/v1/cart"},"service":"purely-ceylon-backend-ecosystem","timestamp":"2026-07-15 21:39:57"}
{"level":"info","message":{"ip":"::1","method":"GET","url":"/api/v1/cart"},"service":"purely-ceylon-backend-ecosystem","timestamp":"2026-07-15 21:39:57"}
{"level":"info","message":"📧 Processing Email Queue","service":"purely-ceylon-backend-ecosystem","timestamp":"2026-07-15 21:40:00"}
{"level":"info","message":{"ip":"::1","method":"OPTIONS","url":"/api/v1/cart/update/acc7393f-81c6-47df-b60e-cf5e57b17d72"},"service":"purely-ceylon-backend-ecosystem","timestamp":"2026-07-15 21:40:00"}
{"level":"info","message":{"ip":"::1","method":"PUT","url":"/api/v1/cart/update/acc7393f-81c6-47df-b60e-cf5e57b17d72"},"service":"purely-ceylon-backend-ecosystem","timestamp":"2026-07-15 21:40:00"}
{"level":"info","message":{"ip":"::1","method":"GET","url":"/api/v1/cart"},"service":"purely-ceylon-backend-ecosystem","timestamp":"2026-07-15 21:40:00"}
{"level":"info","message":{"ip":"::1","method":"GET","url":"/api/v1/cart"},"service":"purely-ceylon-backend-ecosystem","timestamp":"2026-07-15 21:40:00"}
{"level":"info","message":{"ip":"::1","method":"GET","url":"/api/v1/cart"},"service":"purely-ceylon-backend-ecosystem","timestamp":"2026-07-15 21:40:00"}
{"level":"info","message":{"ip":"::1","method":"PUT","url":"/api/v1/cart/update/acc7393f-81c6-47df-b60e-cf5e57b17d72"},"service":"purely-ceylon-backend-ecosystem","timestamp":"2026-07-15 21:40:02"}
{"level":"info","message":{"ip":"::1","method":"GET","url":"/api/v1/cart"},"service":"purely-ceylon-backend-ecosystem","timestamp":"2026-07-15 21:40:02"}
{"level":"info","message":{"ip":"::1","method":"GET","url":"/api/v1/cart"},"service":"purely-ceylon-backend-ecosystem","timestamp":"2026-07-15 21:40:02"}
{"level":"info","message":{"ip":"::1","method":"GET","url":"/api/v1/cart"},"service":"purely-ceylon-backend-ecosystem","timestamp":"2026-07-15 21:40:02"}
{"level":"info","message":{"ip":"::1","method":"OPTIONS","url":"/api/v1/cart/update/acc7393f-81c6-47df-b60e-cf5e57b17d72"},"service":"purely-ceylon-backend-ecosystem","timestamp":"2026-07-15 21:40:05"}
{"level":"info","message":{"ip":"::1","method":"PUT","url":"/api/v1/cart/update/acc7393f-81c6-47df-b60e-cf5e57b17d72"},"service":"purely-ceylon-backend-ecosystem","timestamp":"2026-07-15 21:40:05"}
{"level":"info","message":{"ip":"::1","method":"OPTIONS","url":"/api/v1/cart"},"service":"purely-ceylon-backend-ecosystem","timestamp":"2026-07-15 21:40:06"}
{"level":"info","message":{"ip":"::1","method":"GET","url":"/api/v1/cart"},"service":"purely-ceylon-backend-ecosystem","timestamp":"2026-07-15 21:40:06"}
{"level":"info","message":{"ip":"::1","method":"PUT","url":"/api/v1/cart/update/acc7393f-81c6-47df-b60e-cf5e57b17d72"},"service":"purely-ceylon-backend-ecosystem","timestamp":"2026-07-15 21:40:06"}
{"level":"info","message":{"ip":"::1","method":"GET","url":"/api/v1/cart"},"service":"purely-ceylon-backend-ecosystem","timestamp":"2026-07-15 21:40:06"}
{"level":"info","message":{"ip":"::1","method":"GET","url":"/api/v1/cart"},"service":"purely-ceylon-backend-ecosystem","timestamp":"2026-07-15 21:40:06"}
{"level":"info","message":{"ip":"::1","method":"GET","url":"/api/v1/cart"},"service":"purely-ceylon-backend-ecosystem","timestamp":"2026-07-15 21:40:06"}
{"level":"info","message":{"ip":"::1","method":"GET","url":"/api/v1/cart"},"service":"purely-ceylon-backend-ecosystem","timestamp":"2026-07-15 21:40:06"}
{"level":"info","message":{"ip":"::1","method":"PUT","url":"/api/v1/cart/update/acc7393f-81c6-47df-b60e-cf5e57b17d72"},"service":"purely-ceylon-backend-ecosystem","timestamp":"2026-07-15 21:40:06"}
{"level":"info","message":{"ip":"::1","method":"PUT","url":"/api/v1/cart/update/acc7393f-81c6-47df-b60e-cf5e57b17d72"},"service":"purely-ceylon-backend-ecosystem","timestamp":"2026-07-15 21:40:07"}
{"level":"info","message":{"ip":"::1","method":"PUT","url":"/api/v1/cart/update/acc7393f-81c6-47df-b60e-cf5e57b17d72"},"service":"purely-ceylon-backend-ecosystem","timestamp":"2026-07-15 21:40:07"}
{"level":"info","message":{"ip":"::1","method":"PUT","url":"/api/v1/cart/update/acc7393f-81c6-47df-b60e-cf5e57b17d72"},"service":"purely-ceylon-backend-ecosystem","timestamp":"2026-07-15 21:40:08"}
{"level":"info","message":{"ip":"::1","method":"PUT","url":"/api/v1/cart/update/acc7393f-81c6-47df-b60e-cf5e57b17d72"},"service":"purely-ceylon-backend-ecosystem","timestamp":"2026-07-15 21:40:08"}
{"level":"info","message":{"ip":"::1","method":"PUT","url":"/api/v1/cart/update/acc7393f-81c6-47df-b60e-cf5e57b17d72"},"service":"purely-ceylon-backend-ecosystem","timestamp":"2026-07-15 21:40:08"}
{"level":"info","message":{"ip":"::1","method":"PUT","url":"/api/v1/cart/update/acc7393f-81c6-47df-b60e-cf5e57b17d72"},"service":"purely-ceylon-backend-ecosystem","timestamp":"2026-07-15 21:40:08"}
{"level":"info","message":{"ip":"::1","method":"PUT","url":"/api/v1/cart/update/acc7393f-81c6-47df-b60e-cf5e57b17d72"},"service":"purely-ceylon-backend-ecosystem","timestamp":"2026-07-15 21:40:09"}
{"level":"info","message":{"ip":"::1","method":"OPTIONS","url":"/api/v1/cart/update/acc7393f-81c6-47df-b60e-cf5e57b17d72"},"service":"purely-ceylon-backend-ecosystem","timestamp":"2026-07-15 21:40:15"}
{"level":"info","message":{"ip":"::1","method":"PUT","url":"/api/v1/cart/update/acc7393f-81c6-47df-b60e-cf5e57b17d72"},"service":"purely-ceylon-backend-ecosystem","timestamp":"2026-07-15 21:40:15"}
{"level":"info","message":{"ip":"::1","method":"PUT","url":"/api/v1/cart/update/acc7393f-81c6-47df-b60e-cf5e57b17d72"},"service":"purely-ceylon-backend-ecosystem","timestamp":"2026-07-15 21:40:16"}
{"level":"info","message":{"ip":"::1","method":"PUT","url":"/api/v1/cart/update/acc7393f-81c6-47df-b60e-cf5e57b17d72"},"service":"purely-ceylon-backend-ecosystem","timestamp":"2026-07-15 21:40:16"}
{"level":"info","message":{"ip":"::1","method":"PUT","url":"/api/v1/cart/update/acc7393f-81c6-47df-b60e-cf5e57b17d72"},"service":"purely-ceylon-backend-ecosystem","timestamp":"2026-07-15 21:40:17"}
{"level":"info","message":{"ip":"::1","method":"OPTIONS","url":"/api/v1/profile/me"},"service":"purely-ceylon-backend-ecosystem","timestamp":"2026-07-15 21:40:28"}
{"level":"info","message":{"ip":"::1","method":"OPTIONS","url":"/api/v1/profile/me"},"service":"purely-ceylon-backend-ecosystem","timestamp":"2026-07-15 21:40:28"}
{"level":"info","message":{"ip":"::1","method":"OPTIONS","url":"/api/v1/cart"},"service":"purely-ceylon-backend-ecosystem","timestamp":"2026-07-15 21:40:28"}
{"level":"info","message":{"ip":"::1","method":"OPTIONS","url":"/api/v1/wishlist"},"service":"purely-ceylon-backend-ecosystem","timestamp":"2026-07-15 21:40:28"}
{"level":"info","message":{"ip":"::1","method":"OPTIONS","url":"/api/v1/cart"},"service":"purely-ceylon-backend-ecosystem","timestamp":"2026-07-15 21:40:28"}
{"level":"info","message":{"ip":"::1","method":"OPTIONS","url":"/api/v1/address"},"service":"purely-ceylon-backend-ecosystem","timestamp":"2026-07-15 21:40:28"}
{"level":"info","message":{"ip":"::1","method":"OPTIONS","url":"/api/v1/cart"},"service":"purely-ceylon-backend-ecosystem","timestamp":"2026-07-15 21:40:28"}
{"level":"info","message":{"ip":"::1","method":"OPTIONS","url":"/api/v1/wishlist"},"service":"purely-ceylon-backend-ecosystem","timestamp":"2026-07-15 21:40:28"}
{"level":"info","message":{"ip":"::1","method":"OPTIONS","url":"/api/v1/cart"},"service":"purely-ceylon-backend-ecosystem","timestamp":"2026-07-15 21:40:28"}
{"level":"info","message":{"ip":"::1","method":"OPTIONS","url":"/api/v1/address"},"service":"purely-ceylon-backend-ecosystem","timestamp":"2026-07-15 21:40:28"}
{"level":"info","message":{"ip":"::1","method":"OPTIONS","url":"/api/v1/wishlist"},"service":"purely-ceylon-backend-ecosystem","timestamp":"2026-07-15 21:40:28"}
{"level":"info","message":{"ip":"::1","method":"OPTIONS","url":"/api/v1/cart"},"service":"purely-ceylon-backend-ecosystem","timestamp":"2026-07-15 21:40:28"}
{"level":"info","message":{"ip":"::1","method":"GET","url":"/api/v1/profile/me"},"service":"purely-ceylon-backend-ecosystem","timestamp":"2026-07-15 21:40:28"}
{"level":"info","message":{"ip":"::1","method":"GET","url":"/api/v1/profile/me"},"service":"purely-ceylon-backend-ecosystem","timestamp":"2026-07-15 21:40:29"}
{"level":"info","message":{"ip":"::1","method":"OPTIONS","url":"/api/v1/wishlist"},"service":"purely-ceylon-backend-ecosystem","timestamp":"2026-07-15 21:40:29"}
{"level":"info","message":{"ip":"::1","method":"OPTIONS","url":"/api/v1/cart"},"service":"purely-ceylon-backend-ecosystem","timestamp":"2026-07-15 21:40:29"}
{"level":"info","message":{"ip":"::1","method":"GET","url":"/api/v1/cart"},"service":"purely-ceylon-backend-ecosystem","timestamp":"2026-07-15 21:40:29"}
{"level":"info","message":{"ip":"::1","method":"GET","url":"/api/v1/wishlist"},"service":"purely-ceylon-backend-ecosystem","timestamp":"2026-07-15 21:40:29"}
{"level":"info","message":{"ip":"::1","method":"GET","url":"/api/v1/address"},"service":"purely-ceylon-backend-ecosystem","timestamp":"2026-07-15 21:40:29"}
{"level":"info","message":{"ip":"::1","method":"GET","url":"/api/v1/cart"},"service":"purely-ceylon-backend-ecosystem","timestamp":"2026-07-15 21:40:29"}
{"level":"info","message":{"ip":"::1","method":"GET","url":"/api/v1/wishlist"},"service":"purely-ceylon-backend-ecosystem","timestamp":"2026-07-15 21:40:29"}
{"level":"info","message":{"ip":"::1","method":"GET","url":"/api/v1/address"},"service":"purely-ceylon-backend-ecosystem","timestamp":"2026-07-15 21:40:30"}
{"level":"info","message":{"ip":"::1","method":"GET","url":"/api/v1/cart"},"service":"purely-ceylon-backend-ecosystem","timestamp":"2026-07-15 21:40:30"}
{"level":"info","message":{"ip":"::1","method":"GET","url":"/api/v1/wishlist"},"service":"purely-ceylon-backend-ecosystem","timestamp":"2026-07-15 21:40:30"}
{"level":"info","message":{"ip":"::1","method":"GET","url":"/api/v1/wishlist"},"service":"purely-ceylon-backend-ecosystem","timestamp":"2026-07-15 21:40:30"}
{"level":"info","message":{"ip":"::1","method":"GET","url":"/api/v1/cart"},"service":"purely-ceylon-backend-ecosystem","timestamp":"2026-07-15 21:40:31"}
{"level":"info","message":{"ip":"::1","method":"GET","url":"/api/v1/cart"},"service":"purely-ceylon-backend-ecosystem","timestamp":"2026-07-15 21:40:31"}
{"level":"info","message":{"ip":"::1","method":"GET","url":"/api/v1/cart"},"service":"purely-ceylon-backend-ecosystem","timestamp":"2026-07-15 21:40:31"}
{"level":"info","message":{"ip":"::1","method":"OPTIONS","url":"/api/v1/categories"},"service":"purely-ceylon-backend-ecosystem","timestamp":"2026-07-15 21:40:34"}
{"level":"info","message":{"ip":"::1","method":"OPTIONS","url":"/api/v1/products"},"service":"purely-ceylon-backend-ecosystem","timestamp":"2026-07-15 21:40:34"}
{"level":"info","message":{"ip":"::1","method":"OPTIONS","url":"/api/v1/categories"},"service":"purely-ceylon-backend-ecosystem","timestamp":"2026-07-15 21:40:34"}
{"level":"info","message":{"ip":"::1","method":"OPTIONS","url":"/api/v1/products"},"service":"purely-ceylon-backend-ecosystem","timestamp":"2026-07-15 21:40:34"}
{"level":"info","message":{"ip":"::1","method":"GET","url":"/api/v1/categories"},"service":"purely-ceylon-backend-ecosystem","timestamp":"2026-07-15 21:40:34"}
{"level":"info","message":{"ip":"::1","method":"GET","url":"/api/v1/products"},"service":"purely-ceylon-backend-ecosystem","timestamp":"2026-07-15 21:40:34"}
{"level":"info","message":{"ip":"::1","method":"GET","url":"/api/v1/categories"},"service":"purely-ceylon-backend-ecosystem","timestamp":"2026-07-15 21:40:34"}
{"level":"info","message":{"ip":"::1","method":"GET","url":"/api/v1/products"},"service":"purely-ceylon-backend-ecosystem","timestamp":"2026-07-15 21:40:34"}
{"level":"info","message":"Gracefully shutting down...","service":"purely-ceylon-backend-ecosystem","timestamp":"2026-07-15 21:40:46"}
{"level":"info","message":"✅ All Background Jobs Started Successfully","service":"purely-ceylon-backend-ecosystem","timestamp":"2026-07-15 21:41:01"}
{"level":"info","message":"✅ Email credentials loaded successfully.","service":"purely-ceylon-backend-ecosystem","timestamp":"2026-07-15 21:41:01"}
{"level":"info","message":"Server running on 5000","service":"purely-ceylon-backend-ecosystem","timestamp":"2026-07-15 21:41:01"}
{"level":"info","message":{"ip":"::1","method":"OPTIONS","url":"/api/v1/profile/me"},"service":"purely-ceylon-backend-ecosystem","timestamp":"2026-07-15 21:41:20"}
{"level":"info","message":{"ip":"::1","method":"OPTIONS","url":"/api/v1/address"},"service":"purely-ceylon-backend-ecosystem","timestamp":"2026-07-15 21:41:20"}
{"level":"info","message":{"ip":"::1","method":"OPTIONS","url":"/api/v1/wishlist"},"service":"purely-ceylon-backend-ecosystem","timestamp":"2026-07-15 21:41:20"}
{"level":"info","message":{"ip":"::1","method":"OPTIONS","url":"/api/v1/profile/me"},"service":"purely-ceylon-backend-ecosystem","timestamp":"2026-07-15 21:41:20"}
{"level":"info","message":{"ip":"::1","method":"OPTIONS","url":"/api/v1/wishlist"},"service":"purely-ceylon-backend-ecosystem","timestamp":"2026-07-15 21:41:20"}
{"level":"info","message":{"ip":"::1","method":"OPTIONS","url":"/api/v1/cart"},"service":"purely-ceylon-backend-ecosystem","timestamp":"2026-07-15 21:41:20"}
{"level":"info","message":{"ip":"::1","method":"OPTIONS","url":"/api/v1/categories"},"service":"purely-ceylon-backend-ecosystem","timestamp":"2026-07-15 21:41:20"}
{"level":"info","message":{"ip":"::1","method":"OPTIONS","url":"/api/v1/products"},"service":"purely-ceylon-backend-ecosystem","timestamp":"2026-07-15 21:41:20"}
{"level":"info","message":{"ip":"::1","method":"GET","url":"/api/v1/address"},"service":"purely-ceylon-backend-ecosystem","timestamp":"2026-07-15 21:41:20"}
{"level":"info","message":{"ip":"::1","method":"OPTIONS","url":"/api/v1/cart"},"service":"purely-ceylon-backend-ecosystem","timestamp":"2026-07-15 21:41:20"}
{"level":"info","message":{"ip":"::1","method":"OPTIONS","url":"/api/v1/cart"},"service":"purely-ceylon-backend-ecosystem","timestamp":"2026-07-15 21:41:20"}
{"level":"info","message":{"ip":"::1","method":"OPTIONS","url":"/api/v1/wishlist"},"service":"purely-ceylon-backend-ecosystem","timestamp":"2026-07-15 21:41:20"}
{"level":"info","message":{"ip":"::1","method":"OPTIONS","url":"/api/v1/categories"},"service":"purely-ceylon-backend-ecosystem","timestamp":"2026-07-15 21:41:20"}
{"level":"info","message":{"ip":"::1","method":"OPTIONS","url":"/api/v1/products"},"service":"purely-ceylon-backend-ecosystem","timestamp":"2026-07-15 21:41:20"}
{"level":"info","message":{"ip":"::1","method":"OPTIONS","url":"/api/v1/address"},"service":"purely-ceylon-backend-ecosystem","timestamp":"2026-07-15 21:41:20"}
{"level":"info","message":{"ip":"::1","method":"OPTIONS","url":"/api/v1/wishlist"},"service":"purely-ceylon-backend-ecosystem","timestamp":"2026-07-15 21:41:20"}
{"level":"info","message":{"ip":"::1","method":"GET","url":"/api/v1/wishlist"},"service":"purely-ceylon-backend-ecosystem","timestamp":"2026-07-15 21:41:20"}
{"level":"info","message":{"ip":"::1","method":"OPTIONS","url":"/api/v1/cart"},"service":"purely-ceylon-backend-ecosystem","timestamp":"2026-07-15 21:41:20"}
{"level":"info","message":{"ip":"::1","method":"GET","url":"/api/v1/profile/me"},"service":"purely-ceylon-backend-ecosystem","timestamp":"2026-07-15 21:41:20"}
{"level":"info","message":{"ip":"::1","method":"GET","url":"/api/v1/cart"},"service":"purely-ceylon-backend-ecosystem","timestamp":"2026-07-15 21:41:20"}
{"level":"info","message":{"ip":"::1","method":"GET","url":"/api/v1/categories"},"service":"purely-ceylon-backend-ecosystem","timestamp":"2026-07-15 21:41:20"}
{"level":"info","message":{"ip":"::1","method":"GET","url":"/api/v1/products"},"service":"purely-ceylon-backend-ecosystem","timestamp":"2026-07-15 21:41:20"}
{"level":"info","message":{"ip":"::1","method":"GET","url":"/api/v1/address"},"service":"purely-ceylon-backend-ecosystem","timestamp":"2026-07-15 21:41:21"}
{"level":"info","message":{"ip":"::1","method":"GET","url":"/api/v1/wishlist"},"service":"purely-ceylon-backend-ecosystem","timestamp":"2026-07-15 21:41:21"}
{"level":"info","message":{"ip":"::1","method":"GET","url":"/api/v1/profile/me"},"service":"purely-ceylon-backend-ecosystem","timestamp":"2026-07-15 21:41:21"}
{"level":"info","message":{"ip":"::1","method":"GET","url":"/api/v1/wishlist"},"service":"purely-ceylon-backend-ecosystem","timestamp":"2026-07-15 21:41:21"}
{"level":"info","message":{"ip":"::1","method":"GET","url":"/api/v1/categories"},"service":"purely-ceylon-backend-ecosystem","timestamp":"2026-07-15 21:41:21"}
{"level":"info","message":{"ip":"::1","method":"GET","url":"/api/v1/products"},"service":"purely-ceylon-backend-ecosystem","timestamp":"2026-07-15 21:41:21"}
{"level":"info","message":{"ip":"::1","method":"GET","url":"/api/v1/cart"},"service":"purely-ceylon-backend-ecosystem","timestamp":"2026-07-15 21:41:21"}
{"level":"info","message":{"ip":"::1","method":"GET","url":"/api/v1/wishlist"},"service":"purely-ceylon-backend-ecosystem","timestamp":"2026-07-15 21:41:21"}
{"level":"info","message":{"ip":"::1","method":"GET","url":"/api/v1/cart"},"service":"purely-ceylon-backend-ecosystem","timestamp":"2026-07-15 21:41:21"}
{"level":"info","message":{"ip":"::1","method":"GET","url":"/api/v1/cart"},"service":"purely-ceylon-backend-ecosystem","timestamp":"2026-07-15 21:41:21"}
{"level":"info","message":{"ip":"::1","method":"GET","url":"/api/v1/cart"},"service":"purely-ceylon-backend-ecosystem","timestamp":"2026-07-15 21:41:24"}
{"level":"info","message":{"ip":"::1","method":"GET","url":"/api/v1/cart"},"service":"purely-ceylon-backend-ecosystem","timestamp":"2026-07-15 21:41:24"}
{"level":"info","message":{"ip":"::1","method":"GET","url":"/api/v1/cart"},"service":"purely-ceylon-backend-ecosystem","timestamp":"2026-07-15 21:41:24"}
{"level":"info","message":{"ip":"::1","method":"GET","url":"/api/v1/cart"},"service":"purely-ceylon-backend-ecosystem","timestamp":"2026-07-15 21:41:24"}
{"level":"info","message":{"ip":"::1","method":"OPTIONS","url":"/api/v1/cart/update/acc7393f-81c6-47df-b60e-cf5e57b17d72"},"service":"purely-ceylon-backend-ecosystem","timestamp":"2026-07-15 21:41:25"}
{"level":"info","message":{"ip":"::1","method":"PUT","url":"/api/v1/cart/update/acc7393f-81c6-47df-b60e-cf5e57b17d72"},"service":"purely-ceylon-backend-ecosystem","timestamp":"2026-07-15 21:41:25"}
{"level":"info","message":{"ip":"::1","method":"OPTIONS","url":"/api/v1/cart"},"service":"purely-ceylon-backend-ecosystem","timestamp":"2026-07-15 21:41:25"}
{"level":"info","message":{"ip":"::1","method":"GET","url":"/api/v1/cart"},"service":"purely-ceylon-backend-ecosystem","timestamp":"2026-07-15 21:41:25"}
{"level":"info","message":{"ip":"::1","method":"GET","url":"/api/v1/cart"},"service":"purely-ceylon-backend-ecosystem","timestamp":"2026-07-15 21:41:25"}
{"level":"info","message":{"ip":"::1","method":"GET","url":"/api/v1/cart"},"service":"purely-ceylon-backend-ecosystem","timestamp":"2026-07-15 21:41:25"}
{"level":"info","message":{"ip":"::1","method":"PUT","url":"/api/v1/cart/update/acc7393f-81c6-47df-b60e-cf5e57b17d72"},"service":"purely-ceylon-backend-ecosystem","timestamp":"2026-07-15 21:41:27"}
{"level":"info","message":{"ip":"::1","method":"GET","url":"/api/v1/cart"},"service":"purely-ceylon-backend-ecosystem","timestamp":"2026-07-15 21:41:27"}
{"level":"info","message":{"ip":"::1","method":"GET","url":"/api/v1/cart"},"service":"purely-ceylon-backend-ecosystem","timestamp":"2026-07-15 21:41:27"}
{"level":"info","message":{"ip":"::1","method":"GET","url":"/api/v1/cart"},"service":"purely-ceylon-backend-ecosystem","timestamp":"2026-07-15 21:41:30"}
{"level":"info","message":{"ip":"::1","method":"OPTIONS","url":"/api/v1/categories"},"service":"purely-ceylon-backend-ecosystem","timestamp":"2026-07-15 21:41:34"}
{"level":"info","message":{"ip":"::1","method":"OPTIONS","url":"/api/v1/products"},"service":"purely-ceylon-backend-ecosystem","timestamp":"2026-07-15 21:41:34"}
{"level":"info","message":{"ip":"::1","method":"OPTIONS","url":"/api/v1/categories"},"service":"purely-ceylon-backend-ecosystem","timestamp":"2026-07-15 21:41:34"}
{"level":"info","message":{"ip":"::1","method":"OPTIONS","url":"/api/v1/products"},"service":"purely-ceylon-backend-ecosystem","timestamp":"2026-07-15 21:41:34"}
{"level":"info","message":{"ip":"::1","method":"GET","url":"/api/v1/categories"},"service":"purely-ceylon-backend-ecosystem","timestamp":"2026-07-15 21:41:34"}
{"level":"info","message":{"ip":"::1","method":"GET","url":"/api/v1/products"},"service":"purely-ceylon-backend-ecosystem","timestamp":"2026-07-15 21:41:34"}
{"level":"info","message":{"ip":"::1","method":"GET","url":"/api/v1/categories"},"service":"purely-ceylon-backend-ecosystem","timestamp":"2026-07-15 21:41:34"}
{"level":"info","message":{"ip":"::1","method":"GET","url":"/api/v1/products"},"service":"purely-ceylon-backend-ecosystem","timestamp":"2026-07-15 21:41:35"}
{"level":"info","message":{"ip":"::1","method":"OPTIONS","url":"/api/v1/cart/add"},"service":"purely-ceylon-backend-ecosystem","timestamp":"2026-07-15 21:41:39"}
{"level":"info","message":{"ip":"::1","method":"POST","url":"/api/v1/cart/add"},"service":"purely-ceylon-backend-ecosystem","timestamp":"2026-07-15 21:41:39"}
{"level":"info","message":{"ip":"::1","method":"OPTIONS","url":"/api/v1/cart"},"service":"purely-ceylon-backend-ecosystem","timestamp":"2026-07-15 21:41:41"}
{"level":"info","message":{"ip":"::1","method":"OPTIONS","url":"/api/v1/cart"},"service":"purely-ceylon-backend-ecosystem","timestamp":"2026-07-15 21:41:41"}
{"level":"info","message":{"ip":"::1","method":"GET","url":"/api/v1/cart"},"service":"purely-ceylon-backend-ecosystem","timestamp":"2026-07-15 21:41:41"}
{"level":"info","message":{"ip":"::1","method":"GET","url":"/api/v1/cart"},"service":"purely-ceylon-backend-ecosystem","timestamp":"2026-07-15 21:41:42"}
{"level":"info","message":{"ip":"::1","method":"GET","url":"/api/v1/cart"},"service":"purely-ceylon-backend-ecosystem","timestamp":"2026-07-15 21:41:42"}
{"level":"info","message":{"ip":"::1","method":"GET","url":"/api/v1/cart"},"service":"purely-ceylon-backend-ecosystem","timestamp":"2026-07-15 21:41:42"}
{"level":"info","message":{"ip":"::1","method":"OPTIONS","url":"/api/v1/cart/update/acc7393f-81c6-47df-b60e-cf5e57b17d72"},"service":"purely-ceylon-backend-ecosystem","timestamp":"2026-07-15 21:41:44"}
{"level":"info","message":{"ip":"::1","method":"PUT","url":"/api/v1/cart/update/acc7393f-81c6-47df-b60e-cf5e57b17d72"},"service":"purely-ceylon-backend-ecosystem","timestamp":"2026-07-15 21:41:45"}
{"level":"info","message":{"ip":"::1","method":"GET","url":"/api/v1/cart"},"service":"purely-ceylon-backend-ecosystem","timestamp":"2026-07-15 21:41:45"}
{"level":"info","message":{"ip":"::1","method":"GET","url":"/api/v1/cart"},"service":"purely-ceylon-backend-ecosystem","timestamp":"2026-07-15 21:41:45"}
{"level":"info","message":{"ip":"::1","method":"GET","url":"/api/v1/cart"},"service":"purely-ceylon-backend-ecosystem","timestamp":"2026-07-15 21:41:45"}
{"level":"info","message":{"ip":"::1","method":"PUT","url":"/api/v1/cart/update/acc7393f-81c6-47df-b60e-cf5e57b17d72"},"service":"purely-ceylon-backend-ecosystem","timestamp":"2026-07-15 21:41:46"}
{"level":"info","message":{"ip":"::1","method":"GET","url":"/api/v1/cart"},"service":"purely-ceylon-backend-ecosystem","timestamp":"2026-07-15 21:41:46"}
{"level":"info","message":{"ip":"::1","method":"GET","url":"/api/v1/cart"},"service":"purely-ceylon-backend-ecosystem","timestamp":"2026-07-15 21:41:46"}
{"level":"info","message":{"ip":"::1","method":"GET","url":"/api/v1/cart"},"service":"purely-ceylon-backend-ecosystem","timestamp":"2026-07-15 21:41:46"}
{"level":"info","message":{"ip":"::1","method":"PUT","url":"/api/v1/cart/update/acc7393f-81c6-47df-b60e-cf5e57b17d72"},"service":"purely-ceylon-backend-ecosystem","timestamp":"2026-07-15 21:41:47"}
{"level":"info","message":{"ip":"::1","method":"OPTIONS","url":"/api/v1/cart"},"service":"purely-ceylon-backend-ecosystem","timestamp":"2026-07-15 21:41:47"}
{"level":"info","message":{"ip":"::1","method":"GET","url":"/api/v1/cart"},"service":"purely-ceylon-backend-ecosystem","timestamp":"2026-07-15 21:41:47"}
{"level":"info","message":{"ip":"::1","method":"GET","url":"/api/v1/cart"},"service":"purely-ceylon-backend-ecosystem","timestamp":"2026-07-15 21:41:47"}
{"level":"info","message":{"ip":"::1","method":"GET","url":"/api/v1/cart"},"service":"purely-ceylon-backend-ecosystem","timestamp":"2026-07-15 21:41:47"}
{"level":"info","message":{"ip":"::1","method":"PUT","url":"/api/v1/cart/update/acc7393f-81c6-47df-b60e-cf5e57b17d72"},"service":"purely-ceylon-backend-ecosystem","timestamp":"2026-07-15 21:41:48"}
{"level":"info","message":{"ip":"::1","method":"GET","url":"/api/v1/cart"},"service":"purely-ceylon-backend-ecosystem","timestamp":"2026-07-15 21:41:48"}
{"level":"info","message":{"ip":"::1","method":"GET","url":"/api/v1/cart"},"service":"purely-ceylon-backend-ecosystem","timestamp":"2026-07-15 21:41:48"}
{"level":"info","message":{"ip":"::1","method":"GET","url":"/api/v1/cart"},"service":"purely-ceylon-backend-ecosystem","timestamp":"2026-07-15 21:41:48"}
{"level":"info","message":{"ip":"::1","method":"PUT","url":"/api/v1/cart/update/acc7393f-81c6-47df-b60e-cf5e57b17d72"},"service":"purely-ceylon-backend-ecosystem","timestamp":"2026-07-15 21:41:49"}
{"level":"info","message":{"ip":"::1","method":"GET","url":"/api/v1/cart"},"service":"purely-ceylon-backend-ecosystem","timestamp":"2026-07-15 21:41:49"}
{"level":"info","message":{"ip":"::1","method":"GET","url":"/api/v1/cart"},"service":"purely-ceylon-backend-ecosystem","timestamp":"2026-07-15 21:41:49"}
{"level":"info","message":{"ip":"::1","method":"GET","url":"/api/v1/cart"},"service":"purely-ceylon-backend-ecosystem","timestamp":"2026-07-15 21:41:49"}
{"level":"info","message":{"ip":"::1","method":"OPTIONS","url":"/api/v1/cart"},"service":"purely-ceylon-backend-ecosystem","timestamp":"2026-07-15 21:41:52"}
{"level":"info","message":{"ip":"::1","method":"OPTIONS","url":"/api/v1/cart"},"service":"purely-ceylon-backend-ecosystem","timestamp":"2026-07-15 21:41:52"}
{"level":"info","message":{"ip":"::1","method":"OPTIONS","url":"/api/v1/address"},"service":"purely-ceylon-backend-ecosystem","timestamp":"2026-07-15 21:41:52"}
{"level":"info","message":{"ip":"::1","method":"OPTIONS","url":"/api/v1/address"},"service":"purely-ceylon-backend-ecosystem","timestamp":"2026-07-15 21:41:52"}
{"level":"info","message":{"ip":"::1","method":"GET","url":"/api/v1/cart"},"service":"purely-ceylon-backend-ecosystem","timestamp":"2026-07-15 21:41:52"}
{"level":"info","message":{"ip":"::1","method":"GET","url":"/api/v1/address"},"service":"purely-ceylon-backend-ecosystem","timestamp":"2026-07-15 21:41:52"}
{"level":"info","message":{"ip":"::1","method":"GET","url":"/api/v1/address"},"service":"purely-ceylon-backend-ecosystem","timestamp":"2026-07-15 21:41:53"}
{"level":"info","message":{"ip":"::1","method":"GET","url":"/api/v1/cart"},"service":"purely-ceylon-backend-ecosystem","timestamp":"2026-07-15 21:41:53"}
{"level":"info","message":{"ip":"::1","method":"OPTIONS","url":"/api/v1/address"},"service":"purely-ceylon-backend-ecosystem","timestamp":"2026-07-15 21:42:04"}
{"level":"info","message":{"ip":"::1","method":"OPTIONS","url":"/api/v1/address"},"service":"purely-ceylon-backend-ecosystem","timestamp":"2026-07-15 21:42:04"}
{"level":"info","message":{"ip":"::1","method":"GET","url":"/api/v1/address"},"service":"purely-ceylon-backend-ecosystem","timestamp":"2026-07-15 21:42:04"}
{"level":"info","message":{"ip":"::1","method":"GET","url":"/api/v1/address"},"service":"purely-ceylon-backend-ecosystem","timestamp":"2026-07-15 21:42:04"}
{"level":"info","message":{"ip":"::1","method":"OPTIONS","url":"/api/v1/address"},"service":"purely-ceylon-backend-ecosystem","timestamp":"2026-07-15 21:42:30"}
{"level":"info","message":{"ip":"::1","method":"POST","url":"/api/v1/address"},"service":"purely-ceylon-backend-ecosystem","timestamp":"2026-07-15 21:42:30"}
{"level":"info","message":{"ip":"::1","method":"GET","url":"/api/v1/address"},"service":"purely-ceylon-backend-ecosystem","timestamp":"2026-07-15 21:42:31"}
{"level":"info","message":{"ip":"::1","method":"OPTIONS","url":"/api/v1/address/default/df97395d-87e0-40c3-8ca8-34d1a5a7879b"},"service":"purely-ceylon-backend-ecosystem","timestamp":"2026-07-15 21:42:34"}
{"level":"info","message":{"ip":"::1","method":"PATCH","url":"/api/v1/address/default/df97395d-87e0-40c3-8ca8-34d1a5a7879b"},"service":"purely-ceylon-backend-ecosystem","timestamp":"2026-07-15 21:42:34"}
{"level":"info","message":{"ip":"::1","method":"GET","url":"/api/v1/address"},"service":"purely-ceylon-backend-ecosystem","timestamp":"2026-07-15 21:42:34"}
{"level":"info","message":{"ip":"::1","method":"OPTIONS","url":"/api/v1/cart"},"service":"purely-ceylon-backend-ecosystem","timestamp":"2026-07-15 21:42:39"}
{"level":"info","message":{"ip":"::1","method":"OPTIONS","url":"/api/v1/address"},"service":"purely-ceylon-backend-ecosystem","timestamp":"2026-07-15 21:42:39"}
{"level":"info","message":{"ip":"::1","method":"OPTIONS","url":"/api/v1/cart"},"service":"purely-ceylon-backend-ecosystem","timestamp":"2026-07-15 21:42:39"}
{"level":"info","message":{"ip":"::1","method":"GET","url":"/api/v1/cart"},"service":"purely-ceylon-backend-ecosystem","timestamp":"2026-07-15 21:42:39"}
{"level":"info","message":{"ip":"::1","method":"OPTIONS","url":"/api/v1/address"},"service":"purely-ceylon-backend-ecosystem","timestamp":"2026-07-15 21:42:39"}
{"level":"info","message":{"ip":"::1","method":"GET","url":"/api/v1/address"},"service":"purely-ceylon-backend-ecosystem","timestamp":"2026-07-15 21:42:39"}
{"level":"info","message":{"ip":"::1","method":"GET","url":"/api/v1/address"},"service":"purely-ceylon-backend-ecosystem","timestamp":"2026-07-15 21:42:39"}
{"level":"info","message":{"ip":"::1","method":"GET","url":"/api/v1/cart"},"service":"purely-ceylon-backend-ecosystem","timestamp":"2026-07-15 21:42:39"}
{"level":"info","message":{"ip":"::1","method":"OPTIONS","url":"/api/v1/shipping/calculate"},"service":"purely-ceylon-backend-ecosystem","timestamp":"2026-07-15 21:42:39"}
{"level":"info","message":{"ip":"::1","method":"OPTIONS","url":"/api/v1/shipping/calculate"},"service":"purely-ceylon-backend-ecosystem","timestamp":"2026-07-15 21:42:39"}
{"level":"info","message":{"ip":"::1","method":"POST","url":"/api/v1/shipping/calculate"},"service":"purely-ceylon-backend-ecosystem","timestamp":"2026-07-15 21:42:39"}
{"level":"info","message":{"ip":"::1","method":"POST","url":"/api/v1/shipping/calculate"},"service":"purely-ceylon-backend-ecosystem","timestamp":"2026-07-15 21:42:39"}
{"level":"info","message":{"ip":"::1","method":"POST","url":"/api/v1/shipping/calculate"},"service":"purely-ceylon-backend-ecosystem","timestamp":"2026-07-15 21:42:39"}
{"level":"info","message":{"ip":"::1","method":"POST","url":"/api/v1/shipping/calculate"},"service":"purely-ceylon-backend-ecosystem","timestamp":"2026-07-15 21:42:39"}
{"level":"info","message":{"ip":"::1","method":"OPTIONS","url":"/api/v1/orders/checkout"},"service":"purely-ceylon-backend-ecosystem","timestamp":"2026-07-15 21:42:51"}
{"level":"info","message":{"ip":"::1","method":"POST","url":"/api/v1/orders/checkout"},"service":"purely-ceylon-backend-ecosystem","timestamp":"2026-07-15 21:42:51"}
{"level":"info","message":{"ip":"::1","method":"OPTIONS","url":"/api/v1/profile/me"},"service":"purely-ceylon-backend-ecosystem","timestamp":"2026-07-15 21:43:08"}
{"level":"info","message":{"ip":"::1","method":"OPTIONS","url":"/api/v1/profile/me"},"service":"purely-ceylon-backend-ecosystem","timestamp":"2026-07-15 21:43:09"}
{"level":"info","message":{"ip":"::1","method":"OPTIONS","url":"/api/v1/cart"},"service":"purely-ceylon-backend-ecosystem","timestamp":"2026-07-15 21:43:09"}
{"level":"info","message":{"ip":"::1","method":"OPTIONS","url":"/api/v1/wishlist"},"service":"purely-ceylon-backend-ecosystem","timestamp":"2026-07-15 21:43:09"}
{"level":"info","message":{"ip":"::1","method":"OPTIONS","url":"/api/v1/cart"},"service":"purely-ceylon-backend-ecosystem","timestamp":"2026-07-15 21:43:09"}
{"level":"info","message":{"ip":"::1","method":"OPTIONS","url":"/api/v1/address"},"service":"purely-ceylon-backend-ecosystem","timestamp":"2026-07-15 21:43:09"}
{"level":"info","message":{"ip":"::1","method":"OPTIONS","url":"/api/v1/address"},"service":"purely-ceylon-backend-ecosystem","timestamp":"2026-07-15 21:43:09"}
{"level":"info","message":{"ip":"::1","method":"OPTIONS","url":"/api/v1/wishlist"},"service":"purely-ceylon-backend-ecosystem","timestamp":"2026-07-15 21:43:09"}
{"level":"info","message":{"ip":"::1","method":"OPTIONS","url":"/api/v1/cart"},"service":"purely-ceylon-backend-ecosystem","timestamp":"2026-07-15 21:43:09"}
{"level":"info","message":{"ip":"::1","method":"OPTIONS","url":"/api/v1/cart"},"service":"purely-ceylon-backend-ecosystem","timestamp":"2026-07-15 21:43:09"}
{"level":"info","message":{"ip":"::1","method":"OPTIONS","url":"/api/v1/wishlist"},"service":"purely-ceylon-backend-ecosystem","timestamp":"2026-07-15 21:43:09"}
{"level":"info","message":{"ip":"::1","method":"OPTIONS","url":"/api/v1/address"},"service":"purely-ceylon-backend-ecosystem","timestamp":"2026-07-15 21:43:09"}
{"level":"info","message":{"ip":"::1","method":"OPTIONS","url":"/api/v1/address"},"service":"purely-ceylon-backend-ecosystem","timestamp":"2026-07-15 21:43:09"}
{"level":"info","message":{"ip":"::1","method":"OPTIONS","url":"/api/v1/wishlist"},"service":"purely-ceylon-backend-ecosystem","timestamp":"2026-07-15 21:43:09"}
{"level":"info","message":{"ip":"::1","method":"OPTIONS","url":"/api/v1/cart"},"service":"purely-ceylon-backend-ecosystem","timestamp":"2026-07-15 21:43:09"}
{"level":"info","message":{"ip":"::1","method":"GET","url":"/api/v1/profile/me"},"service":"purely-ceylon-backend-ecosystem","timestamp":"2026-07-15 21:43:09"}
{"level":"info","message":{"ip":"::1","method":"OPTIONS","url":"/api/v1/cart"},"service":"purely-ceylon-backend-ecosystem","timestamp":"2026-07-15 21:43:10"}
{"level":"info","message":{"ip":"::1","method":"GET","url":"/api/v1/cart"},"service":"purely-ceylon-backend-ecosystem","timestamp":"2026-07-15 21:43:10"}
{"level":"info","message":{"ip":"::1","method":"GET","url":"/api/v1/wishlist"},"service":"purely-ceylon-backend-ecosystem","timestamp":"2026-07-15 21:43:10"}
{"level":"info","message":{"ip":"::1","method":"GET","url":"/api/v1/address"},"service":"purely-ceylon-backend-ecosystem","timestamp":"2026-07-15 21:43:11"}
{"level":"info","message":{"ip":"::1","method":"GET","url":"/api/v1/profile/me"},"service":"purely-ceylon-backend-ecosystem","timestamp":"2026-07-15 21:43:12"}
{"level":"info","message":{"ip":"::1","method":"GET","url":"/api/v1/wishlist"},"service":"purely-ceylon-backend-ecosystem","timestamp":"2026-07-15 21:43:12"}
{"level":"info","message":{"ip":"::1","method":"GET","url":"/api/v1/address"},"service":"purely-ceylon-backend-ecosystem","timestamp":"2026-07-15 21:43:12"}
{"level":"info","message":{"ip":"::1","method":"OPTIONS","url":"/api/v1/shipping/calculate"},"service":"purely-ceylon-backend-ecosystem","timestamp":"2026-07-15 21:43:13"}
{"level":"info","message":{"ip":"::1","method":"GET","url":"/api/v1/cart"},"service":"purely-ceylon-backend-ecosystem","timestamp":"2026-07-15 21:43:13"}
{"level":"info","message":{"ip":"::1","method":"POST","url":"/api/v1/shipping/calculate"},"service":"purely-ceylon-backend-ecosystem","timestamp":"2026-07-15 21:43:13"}
{"level":"info","message":{"ip":"::1","method":"GET","url":"/api/v1/wishlist"},"service":"purely-ceylon-backend-ecosystem","timestamp":"2026-07-15 21:43:13"}
{"level":"info","message":{"ip":"::1","method":"GET","url":"/api/v1/address"},"service":"purely-ceylon-backend-ecosystem","timestamp":"2026-07-15 21:43:13"}
{"level":"info","message":{"ip":"::1","method":"GET","url":"/api/v1/cart"},"service":"purely-ceylon-backend-ecosystem","timestamp":"2026-07-15 21:43:13"}
{"level":"info","message":{"ip":"::1","method":"POST","url":"/api/v1/shipping/calculate"},"service":"purely-ceylon-backend-ecosystem","timestamp":"2026-07-15 21:43:13"}
{"level":"info","message":{"ip":"::1","method":"GET","url":"/api/v1/wishlist"},"service":"purely-ceylon-backend-ecosystem","timestamp":"2026-07-15 21:43:14"}
{"level":"info","message":{"ip":"::1","method":"GET","url":"/api/v1/address"},"service":"purely-ceylon-backend-ecosystem","timestamp":"2026-07-15 21:43:14"}
{"level":"info","message":{"ip":"::1","method":"POST","url":"/api/v1/shipping/calculate"},"service":"purely-ceylon-backend-ecosystem","timestamp":"2026-07-15 21:43:14"}
{"level":"info","message":{"ip":"::1","method":"GET","url":"/api/v1/cart"},"service":"purely-ceylon-backend-ecosystem","timestamp":"2026-07-15 21:43:14"}
{"level":"info","message":{"ip":"::1","method":"GET","url":"/api/v1/cart"},"service":"purely-ceylon-backend-ecosystem","timestamp":"2026-07-15 21:43:14"}
{"level":"info","message":{"ip":"::1","method":"GET","url":"/api/v1/cart"},"service":"purely-ceylon-backend-ecosystem","timestamp":"2026-07-15 21:43:14"}
{"level":"info","message":{"ip":"::1","method":"POST","url":"/api/v1/shipping/calculate"},"service":"purely-ceylon-backend-ecosystem","timestamp":"2026-07-15 21:43:14"}
{"level":"info","message":{"ip":"::1","method":"OPTIONS","url":"/api/v1/categories"},"service":"purely-ceylon-backend-ecosystem","timestamp":"2026-07-15 21:43:24"}
{"level":"info","message":{"ip":"::1","method":"OPTIONS","url":"/api/v1/products"},"service":"purely-ceylon-backend-ecosystem","timestamp":"2026-07-15 21:43:24"}
{"level":"info","message":{"ip":"::1","method":"OPTIONS","url":"/api/v1/categories"},"service":"purely-ceylon-backend-ecosystem","timestamp":"2026-07-15 21:43:24"}
{"level":"info","message":{"ip":"::1","method":"OPTIONS","url":"/api/v1/products"},"service":"purely-ceylon-backend-ecosystem","timestamp":"2026-07-15 21:43:24"}
{"level":"info","message":{"ip":"::1","method":"GET","url":"/api/v1/categories"},"service":"purely-ceylon-backend-ecosystem","timestamp":"2026-07-15 21:43:24"}
{"level":"info","message":{"ip":"::1","method":"GET","url":"/api/v1/products"},"service":"purely-ceylon-backend-ecosystem","timestamp":"2026-07-15 21:43:24"}
{"level":"info","message":{"ip":"::1","method":"GET","url":"/api/v1/categories"},"service":"purely-ceylon-backend-ecosystem","timestamp":"2026-07-15 21:43:25"}
{"level":"info","message":{"ip":"::1","method":"GET","url":"/api/v1/products"},"service":"purely-ceylon-backend-ecosystem","timestamp":"2026-07-15 21:43:25"}
{"level":"info","message":{"ip":"::1","method":"OPTIONS","url":"/api/v1/cart/add"},"service":"purely-ceylon-backend-ecosystem","timestamp":"2026-07-15 21:43:28"}
{"level":"info","message":{"ip":"::1","method":"POST","url":"/api/v1/cart/add"},"service":"purely-ceylon-backend-ecosystem","timestamp":"2026-07-15 21:43:28"}
{"level":"info","message":{"ip":"::1","method":"OPTIONS","url":"/api/v1/orders/my-orders"},"service":"purely-ceylon-backend-ecosystem","timestamp":"2026-07-15 21:43:47"}
{"level":"info","message":{"ip":"::1","method":"OPTIONS","url":"/api/v1/orders/my-orders"},"service":"purely-ceylon-backend-ecosystem","timestamp":"2026-07-15 21:43:47"}
{"level":"info","message":{"ip":"::1","method":"GET","url":"/api/v1/orders/my-orders"},"service":"purely-ceylon-backend-ecosystem","timestamp":"2026-07-15 21:43:48"}
{"level":"info","message":{"ip":"::1","method":"GET","url":"/api/v1/orders/my-orders"},"service":"purely-ceylon-backend-ecosystem","timestamp":"2026-07-15 21:43:48"}
{"level":"info","message":{"ip":"::1","method":"OPTIONS","url":"/api/v1/address"},"service":"purely-ceylon-backend-ecosystem","timestamp":"2026-07-15 21:44:02"}
{"level":"info","message":{"ip":"::1","method":"OPTIONS","url":"/api/v1/orders/my-orders"},"service":"purely-ceylon-backend-ecosystem","timestamp":"2026-07-15 21:44:02"}
{"level":"info","message":{"ip":"::1","method":"OPTIONS","url":"/api/v1/address"},"service":"purely-ceylon-backend-ecosystem","timestamp":"2026-07-15 21:44:02"}
{"level":"info","message":{"ip":"::1","method":"OPTIONS","url":"/api/v1/orders/my-orders"},"service":"purely-ceylon-backend-ecosystem","timestamp":"2026-07-15 21:44:02"}
{"level":"info","message":{"ip":"::1","method":"GET","url":"/api/v1/address"},"service":"purely-ceylon-backend-ecosystem","timestamp":"2026-07-15 21:44:02"}
{"level":"info","message":{"ip":"::1","method":"GET","url":"/api/v1/orders/my-orders"},"service":"purely-ceylon-backend-ecosystem","timestamp":"2026-07-15 21:44:02"}
{"level":"info","message":{"ip":"::1","method":"GET","url":"/api/v1/address"},"service":"purely-ceylon-backend-ecosystem","timestamp":"2026-07-15 21:44:02"}
{"level":"info","message":{"ip":"::1","method":"GET","url":"/api/v1/address"},"service":"purely-ceylon-backend-ecosystem","timestamp":"2026-07-15 21:44:03"}
{"level":"info","message":{"ip":"::1","method":"GET","url":"/api/v1/orders/my-orders"},"service":"purely-ceylon-backend-ecosystem","timestamp":"2026-07-15 21:44:03"}
{"level":"info","message":{"ip":"::1","method":"GET","url":"/api/v1/address"},"service":"purely-ceylon-backend-ecosystem","timestamp":"2026-07-15 21:44:03"}
{"level":"info","message":{"ip":"::1","method":"OPTIONS","url":"/api/v1/cart"},"service":"purely-ceylon-backend-ecosystem","timestamp":"2026-07-15 21:44:13"}
{"level":"info","message":{"ip":"::1","method":"OPTIONS","url":"/api/v1/cart"},"service":"purely-ceylon-backend-ecosystem","timestamp":"2026-07-15 21:44:13"}
{"level":"info","message":{"ip":"::1","method":"GET","url":"/api/v1/cart"},"service":"purely-ceylon-backend-ecosystem","timestamp":"2026-07-15 21:44:13"}
{"level":"info","message":{"ip":"::1","method":"GET","url":"/api/v1/cart"},"service":"purely-ceylon-backend-ecosystem","timestamp":"2026-07-15 21:44:13"}
{"level":"info","message":{"ip":"::1","method":"OPTIONS","url":"/api/v1/orders/my-orders"},"service":"purely-ceylon-backend-ecosystem","timestamp":"2026-07-15 21:44:15"}
{"level":"info","message":{"ip":"::1","method":"OPTIONS","url":"/api/v1/address"},"service":"purely-ceylon-backend-ecosystem","timestamp":"2026-07-15 21:44:15"}
{"level":"info","message":{"ip":"::1","method":"OPTIONS","url":"/api/v1/orders/my-orders"},"service":"purely-ceylon-backend-ecosystem","timestamp":"2026-07-15 21:44:15"}
{"level":"info","message":{"ip":"::1","method":"OPTIONS","url":"/api/v1/address"},"service":"purely-ceylon-backend-ecosystem","timestamp":"2026-07-15 21:44:15"}
{"level":"info","message":{"ip":"::1","method":"GET","url":"/api/v1/orders/my-orders"},"service":"purely-ceylon-backend-ecosystem","timestamp":"2026-07-15 21:44:15"}
{"level":"info","message":{"ip":"::1","method":"GET","url":"/api/v1/orders/my-orders"},"service":"purely-ceylon-backend-ecosystem","timestamp":"2026-07-15 21:44:15"}
{"level":"info","message":{"ip":"::1","method":"GET","url":"/api/v1/address"},"service":"purely-ceylon-backend-ecosystem","timestamp":"2026-07-15 21:44:16"}
{"level":"info","message":{"ip":"::1","method":"GET","url":"/api/v1/address"},"service":"purely-ceylon-backend-ecosystem","timestamp":"2026-07-15 21:44:16"}
{"level":"info","message":{"ip":"::1","method":"GET","url":"/api/v1/address"},"service":"purely-ceylon-backend-ecosystem","timestamp":"2026-07-15 21:44:16"}
{"level":"info","message":{"ip":"::1","method":"OPTIONS","url":"/api/v1/profile/me"},"service":"purely-ceylon-backend-ecosystem","timestamp":"2026-07-15 21:44:17"}
{"level":"info","message":{"ip":"::1","method":"OPTIONS","url":"/api/v1/profile/me"},"service":"purely-ceylon-backend-ecosystem","timestamp":"2026-07-15 21:44:18"}
{"level":"info","message":{"ip":"::1","method":"GET","url":"/api/v1/address"},"service":"purely-ceylon-backend-ecosystem","timestamp":"2026-07-15 21:44:18"}
{"level":"info","message":{"ip":"::1","method":"GET","url":"/api/v1/profile/me"},"service":"purely-ceylon-backend-ecosystem","timestamp":"2026-07-15 21:44:18"}
{"level":"info","message":{"ip":"::1","method":"GET","url":"/api/v1/profile/me"},"service":"purely-ceylon-backend-ecosystem","timestamp":"2026-07-15 21:44:18"}
{"level":"info","message":"📧 Processing Email Queue","service":"purely-ceylon-backend-ecosystem","timestamp":"2026-07-15 21:45:00"}
{"level":"info","message":"📧 Processing Email Queue","service":"purely-ceylon-backend-ecosystem","timestamp":"2026-07-15 21:50:00"}
{"level":"info","message":"📧 Processing Email Queue","service":"purely-ceylon-backend-ecosystem","timestamp":"2026-07-15 21:55:00"}
{"level":"info","message":"📧 Processing Email Queue","service":"purely-ceylon-backend-ecosystem","timestamp":"2026-07-15 22:00:00"}
{"level":"info","message":"📄 Checking Expired RFQs","service":"purely-ceylon-backend-ecosystem","timestamp":"2026-07-15 22:00:00"}
{"level":"info","message":"📧 Processing Email Queue","service":"purely-ceylon-backend-ecosystem","timestamp":"2026-07-15 22:05:00"}
{"level":"info","message":"Gracefully shutting down...","service":"purely-ceylon-backend-ecosystem","timestamp":"2026-07-15 22:05:07"}
{"level":"info","message":"✅ All Background Jobs Started Successfully","service":"purely-ceylon-backend-ecosystem","timestamp":"2026-07-15 22:05:59"}
{"level":"info","message":"✅ Email credentials loaded successfully.","service":"purely-ceylon-backend-ecosystem","timestamp":"2026-07-15 22:05:59"}
{"level":"info","message":"Server running on 5000","service":"purely-ceylon-backend-ecosystem","timestamp":"2026-07-15 22:05:59"}
{"level":"info","message":{"ip":"::1","method":"OPTIONS","url":"/api/v1/profile/me"},"service":"purely-ceylon-backend-ecosystem","timestamp":"2026-07-15 22:06:30"}
{"level":"info","message":{"ip":"::1","method":"OPTIONS","url":"/api/v1/profile/me"},"service":"purely-ceylon-backend-ecosystem","timestamp":"2026-07-15 22:06:31"}
{"level":"info","message":{"ip":"::1","method":"OPTIONS","url":"/api/v1/profile/me"},"service":"purely-ceylon-backend-ecosystem","timestamp":"2026-07-15 22:06:32"}
{"level":"info","message":{"ip":"::1","method":"OPTIONS","url":"/api/v1/profile/me"},"service":"purely-ceylon-backend-ecosystem","timestamp":"2026-07-15 22:06:32"}
{"level":"info","message":{"ip":"::1","method":"OPTIONS","url":"/api/v1/cart"},"service":"purely-ceylon-backend-ecosystem","timestamp":"2026-07-15 22:06:32"}
{"level":"info","message":{"ip":"::1","method":"OPTIONS","url":"/api/v1/wishlist"},"service":"purely-ceylon-backend-ecosystem","timestamp":"2026-07-15 22:06:32"}
{"level":"info","message":{"ip":"::1","method":"OPTIONS","url":"/api/v1/address"},"service":"purely-ceylon-backend-ecosystem","timestamp":"2026-07-15 22:06:32"}
{"level":"info","message":{"ip":"::1","method":"OPTIONS","url":"/api/v1/wishlist"},"service":"purely-ceylon-backend-ecosystem","timestamp":"2026-07-15 22:06:32"}
{"level":"info","message":{"ip":"::1","method":"OPTIONS","url":"/api/v1/cart"},"service":"purely-ceylon-backend-ecosystem","timestamp":"2026-07-15 22:06:32"}
{"level":"info","message":{"ip":"::1","method":"OPTIONS","url":"/api/v1/cart"},"service":"purely-ceylon-backend-ecosystem","timestamp":"2026-07-15 22:06:33"}
{"level":"info","message":{"ip":"::1","method":"OPTIONS","url":"/api/v1/wishlist"},"service":"purely-ceylon-backend-ecosystem","timestamp":"2026-07-15 22:06:33"}
{"level":"info","message":{"ip":"::1","method":"OPTIONS","url":"/api/v1/address"},"service":"purely-ceylon-backend-ecosystem","timestamp":"2026-07-15 22:06:33"}
{"level":"info","message":{"ip":"::1","method":"OPTIONS","url":"/api/v1/wishlist"},"service":"purely-ceylon-backend-ecosystem","timestamp":"2026-07-15 22:06:34"}
{"level":"info","message":{"ip":"::1","method":"OPTIONS","url":"/api/v1/cart"},"service":"purely-ceylon-backend-ecosystem","timestamp":"2026-07-15 22:06:34"}
{"level":"info","message":{"ip":"::1","method":"GET","url":"/api/v1/profile/me"},"service":"purely-ceylon-backend-ecosystem","timestamp":"2026-07-15 22:06:34"}
{"level":"info","message":{"ip":"::1","method":"GET","url":"/api/v1/cart"},"service":"purely-ceylon-backend-ecosystem","timestamp":"2026-07-15 22:06:35"}
{"level":"info","message":{"ip":"::1","method":"GET","url":"/api/v1/wishlist"},"service":"purely-ceylon-backend-ecosystem","timestamp":"2026-07-15 22:06:35"}
{"level":"info","message":{"ip":"::1","method":"GET","url":"/api/v1/address"},"service":"purely-ceylon-backend-ecosystem","timestamp":"2026-07-15 22:06:36"}
{"level":"info","message":{"ip":"::1","method":"GET","url":"/api/v1/profile/me"},"service":"purely-ceylon-backend-ecosystem","timestamp":"2026-07-15 22:06:37"}
{"level":"info","message":{"ip":"::1","method":"GET","url":"/api/v1/wishlist"},"service":"purely-ceylon-backend-ecosystem","timestamp":"2026-07-15 22:06:40"}
{"level":"info","message":{"ip":"::1","method":"GET","url":"/api/v1/profile/me"},"service":"purely-ceylon-backend-ecosystem","timestamp":"2026-07-15 22:06:40"}
{"level":"info","message":{"ip":"::1","method":"GET","url":"/api/v1/profile/me"},"service":"purely-ceylon-backend-ecosystem","timestamp":"2026-07-15 22:06:41"}
{"level":"info","message":{"ip":"::1","method":"OPTIONS","url":"/api/v1/profile/me"},"service":"purely-ceylon-backend-ecosystem","timestamp":"2026-07-15 22:07:33"}
{"level":"info","message":{"ip":"::1","method":"OPTIONS","url":"/api/v1/profile/me"},"service":"purely-ceylon-backend-ecosystem","timestamp":"2026-07-15 22:07:34"}
{"level":"info","message":{"ip":"::1","method":"OPTIONS","url":"/api/v1/profile/me"},"service":"purely-ceylon-backend-ecosystem","timestamp":"2026-07-15 22:07:34"}
{"level":"info","message":{"ip":"::1","method":"OPTIONS","url":"/api/v1/profile/me"},"service":"purely-ceylon-backend-ecosystem","timestamp":"2026-07-15 22:07:34"}
{"level":"info","message":{"ip":"::1","method":"OPTIONS","url":"/api/v1/cart"},"service":"purely-ceylon-backend-ecosystem","timestamp":"2026-07-15 22:07:34"}
{"level":"info","message":{"ip":"::1","method":"OPTIONS","url":"/api/v1/wishlist"},"service":"purely-ceylon-backend-ecosystem","timestamp":"2026-07-15 22:07:34"}
{"level":"info","message":{"ip":"::1","method":"OPTIONS","url":"/api/v1/wishlist"},"service":"purely-ceylon-backend-ecosystem","timestamp":"2026-07-15 22:07:34"}
{"level":"info","message":{"ip":"::1","method":"OPTIONS","url":"/api/v1/cart"},"service":"purely-ceylon-backend-ecosystem","timestamp":"2026-07-15 22:07:35"}
{"level":"info","message":{"ip":"::1","method":"OPTIONS","url":"/api/v1/cart"},"service":"purely-ceylon-backend-ecosystem","timestamp":"2026-07-15 22:07:35"}
{"level":"info","message":{"ip":"::1","method":"OPTIONS","url":"/api/v1/wishlist"},"service":"purely-ceylon-backend-ecosystem","timestamp":"2026-07-15 22:07:35"}
{"level":"info","message":{"ip":"::1","method":"OPTIONS","url":"/api/v1/address"},"service":"purely-ceylon-backend-ecosystem","timestamp":"2026-07-15 22:07:35"}
{"level":"info","message":{"ip":"::1","method":"OPTIONS","url":"/api/v1/wishlist"},"service":"purely-ceylon-backend-ecosystem","timestamp":"2026-07-15 22:07:35"}
{"level":"info","message":{"ip":"::1","method":"OPTIONS","url":"/api/v1/cart"},"service":"purely-ceylon-backend-ecosystem","timestamp":"2026-07-15 22:07:35"}
{"level":"info","message":{"ip":"::1","method":"OPTIONS","url":"/api/v1/address"},"service":"purely-ceylon-backend-ecosystem","timestamp":"2026-07-15 22:07:35"}
{"level":"info","message":{"ip":"::1","method":"GET","url":"/api/v1/profile/me"},"service":"purely-ceylon-backend-ecosystem","timestamp":"2026-07-15 22:07:36"}
{"level":"info","message":{"ip":"::1","method":"GET","url":"/api/v1/cart"},"service":"purely-ceylon-backend-ecosystem","timestamp":"2026-07-15 22:07:36"}
{"level":"info","message":{"ip":"::1","method":"GET","url":"/api/v1/wishlist"},"service":"purely-ceylon-backend-ecosystem","timestamp":"2026-07-15 22:07:36"}
{"level":"info","message":{"ip":"::1","method":"GET","url":"/api/v1/address"},"service":"purely-ceylon-backend-ecosystem","timestamp":"2026-07-15 22:07:37"}
{"level":"info","message":{"ip":"::1","method":"GET","url":"/api/v1/profile/me"},"service":"purely-ceylon-backend-ecosystem","timestamp":"2026-07-15 22:07:37"}
{"level":"info","message":{"ip":"::1","method":"GET","url":"/api/v1/wishlist"},"service":"purely-ceylon-backend-ecosystem","timestamp":"2026-07-15 22:07:38"}
{"level":"info","message":{"ip":"::1","method":"GET","url":"/api/v1/address"},"service":"purely-ceylon-backend-ecosystem","timestamp":"2026-07-15 22:07:38"}
{"level":"info","message":{"ip":"::1","method":"GET","url":"/api/v1/cart"},"service":"purely-ceylon-backend-ecosystem","timestamp":"2026-07-15 22:07:38"}
{"level":"info","message":{"ip":"::1","method":"GET","url":"/api/v1/profile/me"},"service":"purely-ceylon-backend-ecosystem","timestamp":"2026-07-15 22:07:39"}
{"level":"info","message":{"ip":"::1","method":"GET","url":"/api/v1/wishlist"},"service":"purely-ceylon-backend-ecosystem","timestamp":"2026-07-15 22:07:39"}
{"level":"info","message":{"ip":"::1","method":"GET","url":"/api/v1/cart"},"service":"purely-ceylon-backend-ecosystem","timestamp":"2026-07-15 22:07:39"}
{"level":"info","message":{"ip":"::1","method":"GET","url":"/api/v1/profile/me"},"service":"purely-ceylon-backend-ecosystem","timestamp":"2026-07-15 22:07:39"}
{"level":"info","message":{"ip":"::1","method":"GET","url":"/api/v1/wishlist"},"service":"purely-ceylon-backend-ecosystem","timestamp":"2026-07-15 22:07:39"}
{"level":"info","message":{"ip":"::1","method":"GET","url":"/api/v1/cart"},"service":"purely-ceylon-backend-ecosystem","timestamp":"2026-07-15 22:07:39"}
{"level":"info","message":{"ip":"::1","method":"OPTIONS","url":"/api/v1/payment-methods"},"service":"purely-ceylon-backend-ecosystem","timestamp":"2026-07-15 22:07:46"}
{"level":"info","message":{"ip":"::1","method":"OPTIONS","url":"/api/v1/payment-methods"},"service":"purely-ceylon-backend-ecosystem","timestamp":"2026-07-15 22:07:46"}
{"level":"info","message":{"ip":"::1","method":"GET","url":"/api/v1/payment-methods"},"service":"purely-ceylon-backend-ecosystem","timestamp":"2026-07-15 22:07:46"}
{"level":"info","message":{"ip":"::1","method":"GET","url":"/api/v1/payment-methods"},"service":"purely-ceylon-backend-ecosystem","timestamp":"2026-07-15 22:07:46"}
{"level":"info","message":{"ip":"::1","method":"OPTIONS","url":"/api/v1/orders/my-orders"},"service":"purely-ceylon-backend-ecosystem","timestamp":"2026-07-15 22:07:49"}
{"level":"info","message":{"ip":"::1","method":"OPTIONS","url":"/api/v1/address"},"service":"purely-ceylon-backend-ecosystem","timestamp":"2026-07-15 22:07:49"}
{"level":"info","message":{"ip":"::1","method":"OPTIONS","url":"/api/v1/orders/my-orders"},"service":"purely-ceylon-backend-ecosystem","timestamp":"2026-07-15 22:07:50"}
{"level":"info","message":{"ip":"::1","method":"OPTIONS","url":"/api/v1/address"},"service":"purely-ceylon-backend-ecosystem","timestamp":"2026-07-15 22:07:50"}
{"level":"info","message":{"ip":"::1","method":"GET","url":"/api/v1/orders/my-orders"},"service":"purely-ceylon-backend-ecosystem","timestamp":"2026-07-15 22:07:50"}
{"level":"info","message":{"ip":"::1","method":"GET","url":"/api/v1/address"},"service":"purely-ceylon-backend-ecosystem","timestamp":"2026-07-15 22:07:50"}
{"level":"info","message":{"ip":"::1","method":"GET","url":"/api/v1/address"},"service":"purely-ceylon-backend-ecosystem","timestamp":"2026-07-15 22:07:50"}
{"level":"info","message":{"ip":"::1","method":"GET","url":"/api/v1/orders/my-orders"},"service":"purely-ceylon-backend-ecosystem","timestamp":"2026-07-15 22:07:51"}
{"level":"info","message":{"ip":"::1","method":"GET","url":"/api/v1/address"},"service":"purely-ceylon-backend-ecosystem","timestamp":"2026-07-15 22:07:51"}
{"level":"info","message":{"ip":"::1","method":"OPTIONS","url":"/api/v1/profile/me"},"service":"purely-ceylon-backend-ecosystem","timestamp":"2026-07-15 22:07:52"}
{"level":"info","message":{"ip":"::1","method":"OPTIONS","url":"/api/v1/profile/me"},"service":"purely-ceylon-backend-ecosystem","timestamp":"2026-07-15 22:07:52"}
{"level":"info","message":{"ip":"::1","method":"GET","url":"/api/v1/profile/me"},"service":"purely-ceylon-backend-ecosystem","timestamp":"2026-07-15 22:07:52"}
{"level":"info","message":{"ip":"::1","method":"GET","url":"/api/v1/address"},"service":"purely-ceylon-backend-ecosystem","timestamp":"2026-07-15 22:07:52"}
{"level":"info","message":{"ip":"::1","method":"GET","url":"/api/v1/profile/me"},"service":"purely-ceylon-backend-ecosystem","timestamp":"2026-07-15 22:07:53"}
{"level":"info","message":{"ip":"::1","method":"OPTIONS","url":"/api/v1/profile/upload-photo"},"service":"purely-ceylon-backend-ecosystem","timestamp":"2026-07-15 22:08:03"}
{"level":"info","message":{"ip":"::1","method":"POST","url":"/api/v1/profile/upload-photo"},"service":"purely-ceylon-backend-ecosystem","timestamp":"2026-07-15 22:08:03"}
{"level":"info","message":{"ip":"::1","method":"GET","url":"/uploads/profile/1784133483861-225368108.png"},"service":"purely-ceylon-backend-ecosystem","timestamp":"2026-07-15 22:08:04"}
{"level":"info","message":{"ip":"::1","method":"OPTIONS","url":"/api/v1/profile/update"},"service":"purely-ceylon-backend-ecosystem","timestamp":"2026-07-15 22:08:17"}
{"level":"info","message":{"ip":"::1","method":"PUT","url":"/api/v1/profile/update"},"service":"purely-ceylon-backend-ecosystem","timestamp":"2026-07-15 22:08:17"}
{"level":"info","message":{"ip":"::1","method":"OPTIONS","url":"/api/v1/profile/me"},"service":"purely-ceylon-backend-ecosystem","timestamp":"2026-07-15 22:08:19"}
{"level":"info","message":{"ip":"::1","method":"GET","url":"/api/v1/profile/me"},"service":"purely-ceylon-backend-ecosystem","timestamp":"2026-07-15 22:08:19"}
{"level":"info","message":{"ip":"::1","method":"OPTIONS","url":"/api/v1/orders/my-orders"},"service":"purely-ceylon-backend-ecosystem","timestamp":"2026-07-15 22:08:24"}
{"level":"info","message":{"ip":"::1","method":"OPTIONS","url":"/api/v1/orders/my-orders"},"service":"purely-ceylon-backend-ecosystem","timestamp":"2026-07-15 22:08:24"}
{"level":"info","message":{"ip":"::1","method":"GET","url":"/api/v1/orders/my-orders"},"service":"purely-ceylon-backend-ecosystem","timestamp":"2026-07-15 22:08:24"}
{"level":"info","message":{"ip":"::1","method":"GET","url":"/api/v1/orders/my-orders"},"service":"purely-ceylon-backend-ecosystem","timestamp":"2026-07-15 22:08:24"}
{"level":"info","message":{"ip":"::1","method":"OPTIONS","url":"/api/v1/orders/b3f1bad1-cc46-424e-b369-b365d608c441"},"service":"purely-ceylon-backend-ecosystem","timestamp":"2026-07-15 22:08:28"}
{"level":"info","message":{"ip":"::1","method":"OPTIONS","url":"/api/v1/orders/b3f1bad1-cc46-424e-b369-b365d608c441"},"service":"purely-ceylon-backend-ecosystem","timestamp":"2026-07-15 22:08:28"}
{"level":"info","message":{"ip":"::1","method":"GET","url":"/api/v1/orders/b3f1bad1-cc46-424e-b369-b365d608c441"},"service":"purely-ceylon-backend-ecosystem","timestamp":"2026-07-15 22:08:28"}
{"level":"info","message":{"ip":"::1","method":"GET","url":"/api/v1/orders/b3f1bad1-cc46-424e-b369-b365d608c441"},"service":"purely-ceylon-backend-ecosystem","timestamp":"2026-07-15 22:08:28"}
{"level":"info","message":{"ip":"::1","method":"OPTIONS","url":"/api/v1/orders/b3f1bad1-cc46-424e-b369-b365d608c441"},"service":"purely-ceylon-backend-ecosystem","timestamp":"2026-07-15 22:08:36"}
{"level":"info","message":{"ip":"::1","method":"OPTIONS","url":"/api/v1/orders/b3f1bad1-cc46-424e-b369-b365d608c441"},"service":"purely-ceylon-backend-ecosystem","timestamp":"2026-07-15 22:08:36"}
{"level":"info","message":{"ip":"::1","method":"GET","url":"/api/v1/orders/b3f1bad1-cc46-424e-b369-b365d608c441"},"service":"purely-ceylon-backend-ecosystem","timestamp":"2026-07-15 22:08:36"}
{"level":"info","message":{"ip":"::1","method":"GET","url":"/api/v1/orders/b3f1bad1-cc46-424e-b369-b365d608c441"},"service":"purely-ceylon-backend-ecosystem","timestamp":"2026-07-15 22:08:36"}
{"level":"info","message":{"ip":"::1","method":"OPTIONS","url":"/api/v1/orders/my-orders"},"service":"purely-ceylon-backend-ecosystem","timestamp":"2026-07-15 22:08:43"}
{"level":"info","message":{"ip":"::1","method":"OPTIONS","url":"/api/v1/orders/my-orders"},"service":"purely-ceylon-backend-ecosystem","timestamp":"2026-07-15 22:08:43"}
{"level":"info","message":{"ip":"::1","method":"GET","url":"/api/v1/orders/my-orders"},"service":"purely-ceylon-backend-ecosystem","timestamp":"2026-07-15 22:08:43"}
{"level":"info","message":{"ip":"::1","method":"GET","url":"/api/v1/orders/my-orders"},"service":"purely-ceylon-backend-ecosystem","timestamp":"2026-07-15 22:08:43"}
{"level":"info","message":{"ip":"::1","method":"OPTIONS","url":"/api/v1/cart"},"service":"purely-ceylon-backend-ecosystem","timestamp":"2026-07-15 22:08:44"}
{"level":"info","message":{"ip":"::1","method":"OPTIONS","url":"/api/v1/address"},"service":"purely-ceylon-backend-ecosystem","timestamp":"2026-07-15 22:08:44"}
{"level":"info","message":{"ip":"::1","method":"OPTIONS","url":"/api/v1/cart"},"service":"purely-ceylon-backend-ecosystem","timestamp":"2026-07-15 22:08:44"}
{"level":"info","message":{"ip":"::1","method":"OPTIONS","url":"/api/v1/address"},"service":"purely-ceylon-backend-ecosystem","timestamp":"2026-07-15 22:08:44"}
{"level":"info","message":{"ip":"::1","method":"GET","url":"/api/v1/address"},"service":"purely-ceylon-backend-ecosystem","timestamp":"2026-07-15 22:08:44"}
{"level":"info","message":{"ip":"::1","method":"GET","url":"/api/v1/cart"},"service":"purely-ceylon-backend-ecosystem","timestamp":"2026-07-15 22:08:44"}
{"level":"info","message":{"ip":"::1","method":"GET","url":"/api/v1/address"},"service":"purely-ceylon-backend-ecosystem","timestamp":"2026-07-15 22:08:44"}
{"level":"info","message":{"ip":"::1","method":"OPTIONS","url":"/api/v1/shipping/calculate"},"service":"purely-ceylon-backend-ecosystem","timestamp":"2026-07-15 22:08:45"}
{"level":"info","message":{"ip":"::1","method":"POST","url":"/api/v1/shipping/calculate"},"service":"purely-ceylon-backend-ecosystem","timestamp":"2026-07-15 22:08:45"}
{"level":"info","message":{"ip":"::1","method":"GET","url":"/api/v1/cart"},"service":"purely-ceylon-backend-ecosystem","timestamp":"2026-07-15 22:08:45"}
{"level":"info","message":{"ip":"::1","method":"POST","url":"/api/v1/shipping/calculate"},"service":"purely-ceylon-backend-ecosystem","timestamp":"2026-07-15 22:08:45"}
{"level":"info","message":{"ip":"::1","method":"POST","url":"/api/v1/shipping/calculate"},"service":"purely-ceylon-backend-ecosystem","timestamp":"2026-07-15 22:08:45"}
{"level":"info","message":{"ip":"::1","method":"POST","url":"/api/v1/shipping/calculate"},"service":"purely-ceylon-backend-ecosystem","timestamp":"2026-07-15 22:08:45"}
{"level":"info","message":{"ip":"::1","method":"GET","url":"/api/v1/cart"},"service":"purely-ceylon-backend-ecosystem","timestamp":"2026-07-15 22:08:46"}
{"level":"info","message":{"ip":"::1","method":"GET","url":"/api/v1/cart"},"service":"purely-ceylon-backend-ecosystem","timestamp":"2026-07-15 22:08:46"}
{"level":"info","message":{"ip":"::1","method":"GET","url":"/api/v1/cart"},"service":"purely-ceylon-backend-ecosystem","timestamp":"2026-07-15 22:08:46"}
{"level":"info","message":{"ip":"::1","method":"GET","url":"/api/v1/cart"},"service":"purely-ceylon-backend-ecosystem","timestamp":"2026-07-15 22:08:47"}
{"level":"info","message":{"ip":"::1","method":"GET","url":"/api/v1/cart"},"service":"purely-ceylon-backend-ecosystem","timestamp":"2026-07-15 22:08:48"}
{"level":"info","message":{"ip":"::1","method":"GET","url":"/api/v1/address"},"service":"purely-ceylon-backend-ecosystem","timestamp":"2026-07-15 22:08:49"}
{"level":"info","message":{"ip":"::1","method":"GET","url":"/api/v1/address"},"service":"purely-ceylon-backend-ecosystem","timestamp":"2026-07-15 22:08:49"}
{"level":"info","message":{"ip":"::1","method":"POST","url":"/api/v1/shipping/calculate"},"service":"purely-ceylon-backend-ecosystem","timestamp":"2026-07-15 22:08:49"}
{"level":"info","message":{"ip":"::1","method":"GET","url":"/api/v1/cart"},"service":"purely-ceylon-backend-ecosystem","timestamp":"2026-07-15 22:08:49"}
{"level":"info","message":{"ip":"::1","method":"POST","url":"/api/v1/shipping/calculate"},"service":"purely-ceylon-backend-ecosystem","timestamp":"2026-07-15 22:08:49"}
{"level":"info","message":{"ip":"::1","method":"POST","url":"/api/v1/shipping/calculate"},"service":"purely-ceylon-backend-ecosystem","timestamp":"2026-07-15 22:08:49"}
{"level":"info","message":{"ip":"::1","method":"OPTIONS","url":"/api/v1/shipping/calculate"},"service":"purely-ceylon-backend-ecosystem","timestamp":"2026-07-15 22:08:50"}
{"level":"info","message":{"ip":"::1","method":"POST","url":"/api/v1/shipping/calculate"},"service":"purely-ceylon-backend-ecosystem","timestamp":"2026-07-15 22:08:50"}
{"level":"info","message":{"ip":"::1","method":"OPTIONS","url":"/api/v1/cart"},"service":"purely-ceylon-backend-ecosystem","timestamp":"2026-07-15 22:08:51"}
{"level":"info","message":{"ip":"::1","method":"OPTIONS","url":"/api/v1/cart"},"service":"purely-ceylon-backend-ecosystem","timestamp":"2026-07-15 22:08:51"}
{"level":"info","message":{"ip":"::1","method":"GET","url":"/api/v1/cart"},"service":"purely-ceylon-backend-ecosystem","timestamp":"2026-07-15 22:08:51"}
{"level":"info","message":{"ip":"::1","method":"GET","url":"/api/v1/cart"},"service":"purely-ceylon-backend-ecosystem","timestamp":"2026-07-15 22:08:51"}
{"level":"info","message":{"ip":"::1","method":"GET","url":"/api/v1/cart"},"service":"purely-ceylon-backend-ecosystem","timestamp":"2026-07-15 22:08:51"}
{"level":"info","message":{"ip":"::1","method":"GET","url":"/api/v1/cart"},"service":"purely-ceylon-backend-ecosystem","timestamp":"2026-07-15 22:08:52"}
{"level":"info","message":{"ip":"::1","method":"OPTIONS","url":"/api/v1/categories"},"service":"purely-ceylon-backend-ecosystem","timestamp":"2026-07-15 22:09:01"}
{"level":"info","message":{"ip":"::1","method":"OPTIONS","url":"/api/v1/products"},"service":"purely-ceylon-backend-ecosystem","timestamp":"2026-07-15 22:09:01"}
{"level":"info","message":{"ip":"::1","method":"OPTIONS","url":"/api/v1/categories"},"service":"purely-ceylon-backend-ecosystem","timestamp":"2026-07-15 22:09:01"}
{"level":"info","message":{"ip":"::1","method":"OPTIONS","url":"/api/v1/products"},"service":"purely-ceylon-backend-ecosystem","timestamp":"2026-07-15 22:09:01"}
{"level":"info","message":{"ip":"::1","method":"GET","url":"/api/v1/categories"},"service":"purely-ceylon-backend-ecosystem","timestamp":"2026-07-15 22:09:01"}
{"level":"info","message":{"ip":"::1","method":"GET","url":"/api/v1/products"},"service":"purely-ceylon-backend-ecosystem","timestamp":"2026-07-15 22:09:01"}
{"level":"info","message":{"ip":"::1","method":"GET","url":"/api/v1/categories"},"service":"purely-ceylon-backend-ecosystem","timestamp":"2026-07-15 22:09:02"}
{"level":"info","message":{"ip":"::1","method":"GET","url":"/api/v1/products"},"service":"purely-ceylon-backend-ecosystem","timestamp":"2026-07-15 22:09:02"}
{"level":"info","message":{"ip":"::1","method":"OPTIONS","url":"/api/v1/cart/add"},"service":"purely-ceylon-backend-ecosystem","timestamp":"2026-07-15 22:09:06"}
{"level":"info","message":{"ip":"::1","method":"POST","url":"/api/v1/cart/add"},"service":"purely-ceylon-backend-ecosystem","timestamp":"2026-07-15 22:09:06"}
{"level":"info","message":{"ip":"::1","method":"OPTIONS","url":"/api/v1/cart"},"service":"purely-ceylon-backend-ecosystem","timestamp":"2026-07-15 22:09:09"}
{"level":"info","message":{"ip":"::1","method":"OPTIONS","url":"/api/v1/cart"},"service":"purely-ceylon-backend-ecosystem","timestamp":"2026-07-15 22:09:09"}
{"level":"info","message":{"ip":"::1","method":"GET","url":"/api/v1/cart"},"service":"purely-ceylon-backend-ecosystem","timestamp":"2026-07-15 22:09:09"}
{"level":"info","message":{"ip":"::1","method":"GET","url":"/api/v1/cart"},"service":"purely-ceylon-backend-ecosystem","timestamp":"2026-07-15 22:09:09"}
{"level":"info","message":{"ip":"::1","method":"GET","url":"/api/v1/cart"},"service":"purely-ceylon-backend-ecosystem","timestamp":"2026-07-15 22:09:09"}
{"level":"info","message":{"ip":"::1","method":"GET","url":"/api/v1/cart"},"service":"purely-ceylon-backend-ecosystem","timestamp":"2026-07-15 22:09:10"}
{"level":"info","message":{"ip":"::1","method":"OPTIONS","url":"/api/v1/address"},"service":"purely-ceylon-backend-ecosystem","timestamp":"2026-07-15 22:09:13"}
{"level":"info","message":{"ip":"::1","method":"OPTIONS","url":"/api/v1/address"},"service":"purely-ceylon-backend-ecosystem","timestamp":"2026-07-15 22:09:13"}
{"level":"info","message":{"ip":"::1","method":"GET","url":"/api/v1/cart"},"service":"purely-ceylon-backend-ecosystem","timestamp":"2026-07-15 22:09:13"}
{"level":"info","message":{"ip":"::1","method":"GET","url":"/api/v1/address"},"service":"purely-ceylon-backend-ecosystem","timestamp":"2026-07-15 22:09:13"}
{"level":"info","message":{"ip":"::1","method":"OPTIONS","url":"/api/v1/shipping/calculate"},"service":"purely-ceylon-backend-ecosystem","timestamp":"2026-07-15 22:09:14"}
{"level":"info","message":{"ip":"::1","method":"GET","url":"/api/v1/address"},"service":"purely-ceylon-backend-ecosystem","timestamp":"2026-07-15 22:09:14"}
{"level":"info","message":{"ip":"::1","method":"OPTIONS","url":"/api/v1/shipping/calculate"},"service":"purely-ceylon-backend-ecosystem","timestamp":"2026-07-15 22:09:14"}
{"level":"info","message":{"ip":"::1","method":"GET","url":"/api/v1/cart"},"service":"purely-ceylon-backend-ecosystem","timestamp":"2026-07-15 22:09:14"}
{"level":"info","message":{"ip":"::1","method":"POST","url":"/api/v1/shipping/calculate"},"service":"purely-ceylon-backend-ecosystem","timestamp":"2026-07-15 22:09:14"}
{"level":"info","message":{"ip":"::1","method":"POST","url":"/api/v1/shipping/calculate"},"service":"purely-ceylon-backend-ecosystem","timestamp":"2026-07-15 22:09:14"}
{"level":"info","message":{"ip":"::1","method":"POST","url":"/api/v1/shipping/calculate"},"service":"purely-ceylon-backend-ecosystem","timestamp":"2026-07-15 22:09:14"}
{"level":"info","message":{"ip":"::1","method":"POST","url":"/api/v1/shipping/calculate"},"service":"purely-ceylon-backend-ecosystem","timestamp":"2026-07-15 22:09:14"}
{"level":"info","message":{"ip":"::1","method":"OPTIONS","url":"/api/v1/orders/checkout"},"service":"purely-ceylon-backend-ecosystem","timestamp":"2026-07-15 22:09:15"}
{"level":"info","message":{"ip":"::1","method":"POST","url":"/api/v1/orders/checkout"},"service":"purely-ceylon-backend-ecosystem","timestamp":"2026-07-15 22:09:15"}
{"level":"info","message":{"ip":"::1","method":"OPTIONS","url":"/api/v1/orders/checkout"},"service":"purely-ceylon-backend-ecosystem","timestamp":"2026-07-15 22:09:38"}
{"level":"info","message":{"ip":"::1","method":"POST","url":"/api/v1/orders/checkout"},"service":"purely-ceylon-backend-ecosystem","timestamp":"2026-07-15 22:09:38"}
{"level":"info","message":{"ip":"::1","method":"GET","url":"/api/v1/cart"},"service":"purely-ceylon-backend-ecosystem","timestamp":"2026-07-15 22:09:50"}
{"level":"info","message":{"ip":"::1","method":"GET","url":"/favicon.ico"},"service":"purely-ceylon-backend-ecosystem","timestamp":"2026-07-15 22:09:51"}
{"level":"info","message":"📧 Processing Email Queue","service":"purely-ceylon-backend-ecosystem","timestamp":"2026-07-15 22:10:00"}
{"level":"info","message":"📧 Processing Email Queue","service":"purely-ceylon-backend-ecosystem","timestamp":"2026-07-15 22:15:00"}
{"level":"info","message":"📧 Processing Email Queue","service":"purely-ceylon-backend-ecosystem","timestamp":"2026-07-15 22:20:00"}
{"level":"info","message":"📧 Processing Email Queue","service":"purely-ceylon-backend-ecosystem","timestamp":"2026-07-15 22:25:00"}
{"level":"info","message":{"ip":"::1","method":"OPTIONS","url":"/api/v1/orders/checkout"},"service":"purely-ceylon-backend-ecosystem","timestamp":"2026-07-15 22:29:08"}
{"level":"info","message":{"ip":"::1","method":"POST","url":"/api/v1/orders/checkout"},"service":"purely-ceylon-backend-ecosystem","timestamp":"2026-07-15 22:29:08"}
{"level":"info","message":"📧 Processing Email Queue","service":"purely-ceylon-backend-ecosystem","timestamp":"2026-07-15 22:30:00"}
{"level":"info","message":"Gracefully shutting down...","service":"purely-ceylon-backend-ecosystem","timestamp":"2026-07-15 22:34:33"}
{"level":"info","message":"✅ All Background Jobs Started Successfully","service":"purely-ceylon-backend-ecosystem","timestamp":"2026-07-15 22:35:01"}
{"level":"info","message":"✅ Email credentials loaded successfully.","service":"purely-ceylon-backend-ecosystem","timestamp":"2026-07-15 22:35:01"}
{"level":"info","message":"Server running on 5000","service":"purely-ceylon-backend-ecosystem","timestamp":"2026-07-15 22:35:01"}
{"level":"info","message":{"ip":"::1","method":"OPTIONS","url":"/api/v1/orders/checkout"},"service":"purely-ceylon-backend-ecosystem","timestamp":"2026-07-15 22:35:04"}
{"level":"info","message":{"ip":"::1","method":"POST","url":"/api/v1/orders/checkout"},"service":"purely-ceylon-backend-ecosystem","timestamp":"2026-07-15 22:35:05"}
{"level":"info","message":{"ip":"::1","method":"OPTIONS","url":"/api/v1/orders/my-orders"},"service":"purely-ceylon-backend-ecosystem","timestamp":"2026-07-15 22:35:06"}
{"level":"info","message":{"ip":"::1","method":"OPTIONS","url":"/api/v1/orders/my-orders"},"service":"purely-ceylon-backend-ecosystem","timestamp":"2026-07-15 22:35:06"}
{"level":"info","message":{"ip":"::1","method":"GET","url":"/api/v1/orders/my-orders"},"service":"purely-ceylon-backend-ecosystem","timestamp":"2026-07-15 22:35:06"}
{"level":"info","message":{"ip":"::1","method":"GET","url":"/api/v1/orders/my-orders"},"service":"purely-ceylon-backend-ecosystem","timestamp":"2026-07-15 22:35:07"}
{"level":"info","message":{"ip":"::1","method":"OPTIONS","url":"/api/v1/profile/me"},"service":"purely-ceylon-backend-ecosystem","timestamp":"2026-07-15 22:35:19"}
{"level":"info","message":{"ip":"::1","method":"OPTIONS","url":"/api/v1/profile/me"},"service":"purely-ceylon-backend-ecosystem","timestamp":"2026-07-15 22:35:20"}
{"level":"info","message":{"ip":"::1","method":"OPTIONS","url":"/api/v1/cart"},"service":"purely-ceylon-backend-ecosystem","timestamp":"2026-07-15 22:35:20"}
{"level":"info","message":{"ip":"::1","method":"OPTIONS","url":"/api/v1/wishlist"},"service":"purely-ceylon-backend-ecosystem","timestamp":"2026-07-15 22:35:21"}
{"level":"info","message":{"ip":"::1","method":"OPTIONS","url":"/api/v1/orders/my-orders"},"service":"purely-ceylon-backend-ecosystem","timestamp":"2026-07-15 22:35:21"}
{"level":"info","message":{"ip":"::1","method":"OPTIONS","url":"/api/v1/address"},"service":"purely-ceylon-backend-ecosystem","timestamp":"2026-07-15 22:35:21"}
{"level":"info","message":{"ip":"::1","method":"OPTIONS","url":"/api/v1/cart"},"service":"purely-ceylon-backend-ecosystem","timestamp":"2026-07-15 22:35:21"}
{"level":"info","message":{"ip":"::1","method":"OPTIONS","url":"/api/v1/cart"},"service":"purely-ceylon-backend-ecosystem","timestamp":"2026-07-15 22:35:22"}
{"level":"info","message":{"ip":"::1","method":"OPTIONS","url":"/api/v1/wishlist"},"service":"purely-ceylon-backend-ecosystem","timestamp":"2026-07-15 22:35:22"}
{"level":"info","message":{"ip":"::1","method":"OPTIONS","url":"/api/v1/orders/my-orders"},"service":"purely-ceylon-backend-ecosystem","timestamp":"2026-07-15 22:35:22"}
{"level":"info","message":{"ip":"::1","method":"OPTIONS","url":"/api/v1/address"},"service":"purely-ceylon-backend-ecosystem","timestamp":"2026-07-15 22:35:22"}
{"level":"info","message":{"ip":"::1","method":"OPTIONS","url":"/api/v1/wishlist"},"service":"purely-ceylon-backend-ecosystem","timestamp":"2026-07-15 22:35:22"}
{"level":"info","message":{"ip":"::1","method":"OPTIONS","url":"/api/v1/cart"},"service":"purely-ceylon-backend-ecosystem","timestamp":"2026-07-15 22:35:22"}
{"level":"info","message":{"ip":"::1","method":"GET","url":"/api/v1/profile/me"},"service":"purely-ceylon-backend-ecosystem","timestamp":"2026-07-15 22:35:22"}
{"level":"info","message":{"ip":"::1","method":"OPTIONS","url":"/api/v1/wishlist"},"service":"purely-ceylon-backend-ecosystem","timestamp":"2026-07-15 22:35:22"}
{"level":"info","message":{"ip":"::1","method":"GET","url":"/api/v1/cart"},"service":"purely-ceylon-backend-ecosystem","timestamp":"2026-07-15 22:35:22"}
{"level":"info","message":{"ip":"::1","method":"GET","url":"/api/v1/wishlist"},"service":"purely-ceylon-backend-ecosystem","timestamp":"2026-07-15 22:35:23"}
{"level":"info","message":{"ip":"::1","method":"GET","url":"/api/v1/orders/my-orders"},"service":"purely-ceylon-backend-ecosystem","timestamp":"2026-07-15 22:35:23"}
{"level":"info","message":{"ip":"::1","method":"GET","url":"/api/v1/address"},"service":"purely-ceylon-backend-ecosystem","timestamp":"2026-07-15 22:35:23"}
{"level":"info","message":{"ip":"::1","method":"GET","url":"/api/v1/orders/my-orders"},"service":"purely-ceylon-backend-ecosystem","timestamp":"2026-07-15 22:35:24"}
{"level":"info","message":{"ip":"::1","method":"GET","url":"/api/v1/profile/me"},"service":"purely-ceylon-backend-ecosystem","timestamp":"2026-07-15 22:35:25"}
{"level":"info","message":{"ip":"::1","method":"GET","url":"/uploads/profile/1784133483861-225368108.png"},"service":"purely-ceylon-backend-ecosystem","timestamp":"2026-07-15 22:35:25"}
{"level":"info","message":{"ip":"::1","method":"GET","url":"/api/v1/wishlist"},"service":"purely-ceylon-backend-ecosystem","timestamp":"2026-07-15 22:35:25"}
{"level":"info","message":{"ip":"::1","method":"GET","url":"/api/v1/cart"},"service":"purely-ceylon-backend-ecosystem","timestamp":"2026-07-15 22:35:26"}
{"level":"info","message":{"ip":"::1","method":"GET","url":"/api/v1/address"},"service":"purely-ceylon-backend-ecosystem","timestamp":"2026-07-15 22:35:26"}
{"level":"info","message":{"ip":"::1","method":"GET","url":"/api/v1/wishlist"},"service":"purely-ceylon-backend-ecosystem","timestamp":"2026-07-15 22:35:26"}
{"level":"info","message":{"ip":"::1","method":"GET","url":"/api/v1/cart"},"service":"purely-ceylon-backend-ecosystem","timestamp":"2026-07-15 22:35:27"}
{"level":"info","message":{"ip":"::1","method":"GET","url":"/api/v1/wishlist"},"service":"purely-ceylon-backend-ecosystem","timestamp":"2026-07-15 22:35:27"}
{"level":"info","message":{"ip":"::1","method":"GET","url":"/api/v1/cart"},"service":"purely-ceylon-backend-ecosystem","timestamp":"2026-07-15 22:35:27"}
{"level":"info","message":{"ip":"::1","method":"OPTIONS","url":"/api/v1/orders/my-orders"},"service":"purely-ceylon-backend-ecosystem","timestamp":"2026-07-15 22:36:03"}
{"level":"info","message":{"ip":"::1","method":"OPTIONS","url":"/api/v1/address"},"service":"purely-ceylon-backend-ecosystem","timestamp":"2026-07-15 22:36:03"}
{"level":"info","message":{"ip":"::1","method":"OPTIONS","url":"/api/v1/orders/my-orders"},"service":"purely-ceylon-backend-ecosystem","timestamp":"2026-07-15 22:36:03"}
{"level":"info","message":{"ip":"::1","method":"OPTIONS","url":"/api/v1/address"},"service":"purely-ceylon-backend-ecosystem","timestamp":"2026-07-15 22:36:03"}
{"level":"info","message":{"ip":"::1","method":"GET","url":"/api/v1/orders/my-orders"},"service":"purely-ceylon-backend-ecosystem","timestamp":"2026-07-15 22:36:03"}
{"level":"info","message":{"ip":"::1","method":"GET","url":"/api/v1/address"},"service":"purely-ceylon-backend-ecosystem","timestamp":"2026-07-15 22:36:03"}
{"level":"info","message":{"ip":"::1","method":"GET","url":"/api/v1/orders/my-orders"},"service":"purely-ceylon-backend-ecosystem","timestamp":"2026-07-15 22:36:03"}
{"level":"info","message":{"ip":"::1","method":"GET","url":"/api/v1/address"},"service":"purely-ceylon-backend-ecosystem","timestamp":"2026-07-15 22:36:04"}
{"level":"info","message":{"ip":"::1","method":"GET","url":"/api/v1/address"},"service":"purely-ceylon-backend-ecosystem","timestamp":"2026-07-15 22:36:04"}
{"level":"info","message":{"ip":"::1","method":"GET","url":"/api/v1/address"},"service":"purely-ceylon-backend-ecosystem","timestamp":"2026-07-15 22:36:04"}
{"level":"info","message":{"ip":"::1","method":"OPTIONS","url":"/api/v1/categories"},"service":"purely-ceylon-backend-ecosystem","timestamp":"2026-07-15 22:36:08"}
{"level":"info","message":{"ip":"::1","method":"OPTIONS","url":"/api/v1/products"},"service":"purely-ceylon-backend-ecosystem","timestamp":"2026-07-15 22:36:08"}
{"level":"info","message":{"ip":"::1","method":"OPTIONS","url":"/api/v1/categories"},"service":"purely-ceylon-backend-ecosystem","timestamp":"2026-07-15 22:36:08"}
{"level":"info","message":{"ip":"::1","method":"OPTIONS","url":"/api/v1/products"},"service":"purely-ceylon-backend-ecosystem","timestamp":"2026-07-15 22:36:08"}
{"level":"info","message":{"ip":"::1","method":"GET","url":"/api/v1/categories"},"service":"purely-ceylon-backend-ecosystem","timestamp":"2026-07-15 22:36:08"}
{"level":"info","message":{"ip":"::1","method":"GET","url":"/api/v1/products"},"service":"purely-ceylon-backend-ecosystem","timestamp":"2026-07-15 22:36:08"}
{"level":"info","message":{"ip":"::1","method":"GET","url":"/api/v1/categories"},"service":"purely-ceylon-backend-ecosystem","timestamp":"2026-07-15 22:36:09"}
{"level":"info","message":{"ip":"::1","method":"GET","url":"/api/v1/products"},"service":"purely-ceylon-backend-ecosystem","timestamp":"2026-07-15 22:36:09"}
{"level":"info","message":{"ip":"::1","method":"OPTIONS","url":"/api/v1/wishlist/add"},"service":"purely-ceylon-backend-ecosystem","timestamp":"2026-07-15 22:36:10"}
{"level":"info","message":{"ip":"::1","method":"POST","url":"/api/v1/wishlist/add"},"service":"purely-ceylon-backend-ecosystem","timestamp":"2026-07-15 22:36:10"}
{"level":"info","message":{"ip":"::1","method":"OPTIONS","url":"/api/v1/profile/me"},"service":"purely-ceylon-backend-ecosystem","timestamp":"2026-07-15 22:36:12"}
{"level":"info","message":{"ip":"::1","method":"OPTIONS","url":"/api/v1/profile/me"},"service":"purely-ceylon-backend-ecosystem","timestamp":"2026-07-15 22:36:12"}
{"level":"info","message":{"ip":"::1","method":"OPTIONS","url":"/api/v1/cart"},"service":"purely-ceylon-backend-ecosystem","timestamp":"2026-07-15 22:36:12"}
{"level":"info","message":{"ip":"::1","method":"OPTIONS","url":"/api/v1/wishlist"},"service":"purely-ceylon-backend-ecosystem","timestamp":"2026-07-15 22:36:12"}
{"level":"info","message":{"ip":"::1","method":"OPTIONS","url":"/api/v1/cart"},"service":"purely-ceylon-backend-ecosystem","timestamp":"2026-07-15 22:36:13"}
{"level":"info","message":{"ip":"::1","method":"OPTIONS","url":"/api/v1/cart"},"service":"purely-ceylon-backend-ecosystem","timestamp":"2026-07-15 22:36:13"}
{"level":"info","message":{"ip":"::1","method":"OPTIONS","url":"/api/v1/address"},"service":"purely-ceylon-backend-ecosystem","timestamp":"2026-07-15 22:36:13"}
{"level":"info","message":{"ip":"::1","method":"OPTIONS","url":"/api/v1/address"},"service":"purely-ceylon-backend-ecosystem","timestamp":"2026-07-15 22:36:13"}
{"level":"info","message":{"ip":"::1","method":"OPTIONS","url":"/api/v1/wishlist"},"service":"purely-ceylon-backend-ecosystem","timestamp":"2026-07-15 22:36:13"}
{"level":"info","message":{"ip":"::1","method":"OPTIONS","url":"/api/v1/wishlist"},"service":"purely-ceylon-backend-ecosystem","timestamp":"2026-07-15 22:36:13"}
{"level":"info","message":{"ip":"::1","method":"GET","url":"/api/v1/categories"},"service":"purely-ceylon-backend-ecosystem","timestamp":"2026-07-15 22:36:13"}
{"level":"info","message":{"ip":"::1","method":"GET","url":"/api/v1/products"},"service":"purely-ceylon-backend-ecosystem","timestamp":"2026-07-15 22:36:13"}
{"level":"info","message":{"ip":"::1","method":"OPTIONS","url":"/api/v1/wishlist"},"service":"purely-ceylon-backend-ecosystem","timestamp":"2026-07-15 22:36:13"}
{"level":"info","message":{"ip":"::1","method":"OPTIONS","url":"/api/v1/cart"},"service":"purely-ceylon-backend-ecosystem","timestamp":"2026-07-15 22:36:13"}
{"level":"info","message":{"ip":"::1","method":"GET","url":"/api/v1/profile/me"},"service":"purely-ceylon-backend-ecosystem","timestamp":"2026-07-15 22:36:13"}
{"level":"info","message":{"ip":"::1","method":"GET","url":"/api/v1/cart"},"service":"purely-ceylon-backend-ecosystem","timestamp":"2026-07-15 22:36:13"}
{"level":"info","message":{"ip":"::1","method":"GET","url":"/api/v1/wishlist"},"service":"purely-ceylon-backend-ecosystem","timestamp":"2026-07-15 22:36:13"}
{"level":"info","message":{"ip":"::1","method":"GET","url":"/api/v1/address"},"service":"purely-ceylon-backend-ecosystem","timestamp":"2026-07-15 22:36:13"}
{"level":"info","message":{"ip":"::1","method":"GET","url":"/api/v1/categories"},"service":"purely-ceylon-backend-ecosystem","timestamp":"2026-07-15 22:36:13"}
{"level":"info","message":{"ip":"::1","method":"GET","url":"/api/v1/products"},"service":"purely-ceylon-backend-ecosystem","timestamp":"2026-07-15 22:36:13"}
{"level":"info","message":{"ip":"::1","method":"GET","url":"/api/v1/profile/me"},"service":"purely-ceylon-backend-ecosystem","timestamp":"2026-07-15 22:36:13"}
{"level":"info","message":{"ip":"::1","method":"GET","url":"/api/v1/wishlist"},"service":"purely-ceylon-backend-ecosystem","timestamp":"2026-07-15 22:36:13"}
{"level":"info","message":{"ip":"::1","method":"GET","url":"/api/v1/address"},"service":"purely-ceylon-backend-ecosystem","timestamp":"2026-07-15 22:36:13"}
{"level":"info","message":{"ip":"::1","method":"GET","url":"/uploads/profile/1784133483861-225368108.png"},"service":"purely-ceylon-backend-ecosystem","timestamp":"2026-07-15 22:36:13"}
{"level":"info","message":{"ip":"::1","method":"GET","url":"/api/v1/cart"},"service":"purely-ceylon-backend-ecosystem","timestamp":"2026-07-15 22:36:13"}
{"level":"info","message":{"ip":"::1","method":"GET","url":"/api/v1/wishlist"},"service":"purely-ceylon-backend-ecosystem","timestamp":"2026-07-15 22:36:14"}
{"level":"info","message":{"ip":"::1","method":"GET","url":"/api/v1/cart"},"service":"purely-ceylon-backend-ecosystem","timestamp":"2026-07-15 22:36:14"}
{"level":"info","message":{"ip":"::1","method":"GET","url":"/api/v1/wishlist"},"service":"purely-ceylon-backend-ecosystem","timestamp":"2026-07-15 22:36:14"}
{"level":"info","message":{"ip":"::1","method":"GET","url":"/api/v1/cart"},"service":"purely-ceylon-backend-ecosystem","timestamp":"2026-07-15 22:36:14"}
{"level":"info","message":{"ip":"::1","method":"OPTIONS","url":"/api/v1/cart/add"},"service":"purely-ceylon-backend-ecosystem","timestamp":"2026-07-15 22:36:14"}
{"level":"info","message":{"ip":"::1","method":"POST","url":"/api/v1/cart/add"},"service":"purely-ceylon-backend-ecosystem","timestamp":"2026-07-15 22:36:14"}
{"level":"info","message":{"ip":"::1","method":"OPTIONS","url":"/api/v1/orders/my-orders"},"service":"purely-ceylon-backend-ecosystem","timestamp":"2026-07-15 22:36:18"}
{"level":"info","message":{"ip":"::1","method":"OPTIONS","url":"/api/v1/address"},"service":"purely-ceylon-backend-ecosystem","timestamp":"2026-07-15 22:36:18"}
{"level":"info","message":{"ip":"::1","method":"OPTIONS","url":"/api/v1/orders/my-orders"},"service":"purely-ceylon-backend-ecosystem","timestamp":"2026-07-15 22:36:18"}
{"level":"info","message":{"ip":"::1","method":"OPTIONS","url":"/api/v1/address"},"service":"purely-ceylon-backend-ecosystem","timestamp":"2026-07-15 22:36:18"}
{"level":"info","message":{"ip":"::1","method":"GET","url":"/api/v1/orders/my-orders"},"service":"purely-ceylon-backend-ecosystem","timestamp":"2026-07-15 22:36:18"}
{"level":"info","message":{"ip":"::1","method":"GET","url":"/api/v1/address"},"service":"purely-ceylon-backend-ecosystem","timestamp":"2026-07-15 22:36:18"}
{"level":"info","message":{"ip":"::1","method":"GET","url":"/api/v1/orders/my-orders"},"service":"purely-ceylon-backend-ecosystem","timestamp":"2026-07-15 22:36:18"}
{"level":"info","message":{"ip":"::1","method":"GET","url":"/api/v1/address"},"service":"purely-ceylon-backend-ecosystem","timestamp":"2026-07-15 22:36:18"}
{"level":"info","message":{"ip":"::1","method":"GET","url":"/api/v1/address"},"service":"purely-ceylon-backend-ecosystem","timestamp":"2026-07-15 22:36:18"}
{"level":"info","message":{"ip":"::1","method":"GET","url":"/api/v1/address"},"service":"purely-ceylon-backend-ecosystem","timestamp":"2026-07-15 22:36:18"}
{"level":"info","message":{"ip":"::1","method":"OPTIONS","url":"/api/v1/cart"},"service":"purely-ceylon-backend-ecosystem","timestamp":"2026-07-15 22:36:21"}
{"level":"info","message":{"ip":"::1","method":"OPTIONS","url":"/api/v1/cart"},"service":"purely-ceylon-backend-ecosystem","timestamp":"2026-07-15 22:36:21"}
{"level":"info","message":{"ip":"::1","method":"GET","url":"/api/v1/cart"},"service":"purely-ceylon-backend-ecosystem","timestamp":"2026-07-15 22:36:21"}
{"level":"info","message":{"ip":"::1","method":"GET","url":"/api/v1/cart"},"service":"purely-ceylon-backend-ecosystem","timestamp":"2026-07-15 22:36:21"}
{"level":"info","message":{"ip":"::1","method":"GET","url":"/api/v1/cart"},"service":"purely-ceylon-backend-ecosystem","timestamp":"2026-07-15 22:36:21"}
{"level":"info","message":{"ip":"::1","method":"GET","url":"/api/v1/cart"},"service":"purely-ceylon-backend-ecosystem","timestamp":"2026-07-15 22:36:21"}
{"level":"info","message":{"ip":"::1","method":"GET","url":"/api/v1/orders/my-orders"},"service":"purely-ceylon-backend-ecosystem","timestamp":"2026-07-15 22:36:23"}
{"level":"info","message":{"ip":"::1","method":"GET","url":"/api/v1/address"},"service":"purely-ceylon-backend-ecosystem","timestamp":"2026-07-15 22:36:23"}
{"level":"info","message":{"ip":"::1","method":"GET","url":"/api/v1/orders/my-orders"},"service":"purely-ceylon-backend-ecosystem","timestamp":"2026-07-15 22:36:23"}
{"level":"info","message":{"ip":"::1","method":"GET","url":"/api/v1/address"},"service":"purely-ceylon-backend-ecosystem","timestamp":"2026-07-15 22:36:23"}
{"level":"info","message":{"ip":"::1","method":"GET","url":"/api/v1/address"},"service":"purely-ceylon-backend-ecosystem","timestamp":"2026-07-15 22:36:23"}
{"level":"info","message":{"ip":"::1","method":"GET","url":"/api/v1/address"},"service":"purely-ceylon-backend-ecosystem","timestamp":"2026-07-15 22:36:23"}
{"level":"info","message":{"ip":"::1","method":"OPTIONS","url":"/api/v1/profile/me"},"service":"purely-ceylon-backend-ecosystem","timestamp":"2026-07-15 22:36:41"}
{"level":"info","message":{"ip":"::1","method":"OPTIONS","url":"/api/v1/profile/me"},"service":"purely-ceylon-backend-ecosystem","timestamp":"2026-07-15 22:36:41"}
{"level":"info","message":{"ip":"::1","method":"GET","url":"/api/v1/profile/me"},"service":"purely-ceylon-backend-ecosystem","timestamp":"2026-07-15 22:36:41"}
{"level":"info","message":{"ip":"::1","method":"GET","url":"/api/v1/profile/me"},"service":"purely-ceylon-backend-ecosystem","timestamp":"2026-07-15 22:36:41"}
{"level":"info","message":{"ip":"::1","method":"OPTIONS","url":"/api/v1/profile/me"},"service":"purely-ceylon-backend-ecosystem","timestamp":"2026-07-15 22:36:51"}
{"level":"info","message":{"ip":"::1","method":"OPTIONS","url":"/api/v1/profile/me"},"service":"purely-ceylon-backend-ecosystem","timestamp":"2026-07-15 22:36:51"}
{"level":"info","message":{"ip":"::1","method":"OPTIONS","url":"/api/v1/profile/me"},"service":"purely-ceylon-backend-ecosystem","timestamp":"2026-07-15 22:36:51"}
{"level":"info","message":{"ip":"::1","method":"OPTIONS","url":"/api/v1/profile/me"},"service":"purely-ceylon-backend-ecosystem","timestamp":"2026-07-15 22:36:51"}
{"level":"info","message":{"ip":"::1","method":"OPTIONS","url":"/api/v1/cart"},"service":"purely-ceylon-backend-ecosystem","timestamp":"2026-07-15 22:36:51"}
{"level":"info","message":{"ip":"::1","method":"OPTIONS","url":"/api/v1/wishlist"},"service":"purely-ceylon-backend-ecosystem","timestamp":"2026-07-15 22:36:51"}
{"level":"info","message":{"ip":"::1","method":"OPTIONS","url":"/api/v1/cart"},"service":"purely-ceylon-backend-ecosystem","timestamp":"2026-07-15 22:36:51"}
{"level":"info","message":{"ip":"::1","method":"OPTIONS","url":"/api/v1/wishlist"},"service":"purely-ceylon-backend-ecosystem","timestamp":"2026-07-15 22:36:51"}
{"level":"info","message":{"ip":"::1","method":"GET","url":"/api/v1/profile/me"},"service":"purely-ceylon-backend-ecosystem","timestamp":"2026-07-15 22:36:51"}
{"level":"info","message":{"ip":"::1","method":"GET","url":"/api/v1/cart"},"service":"purely-ceylon-backend-ecosystem","timestamp":"2026-07-15 22:36:51"}
{"level":"info","message":{"ip":"::1","method":"GET","url":"/api/v1/wishlist"},"service":"purely-ceylon-backend-ecosystem","timestamp":"2026-07-15 22:36:51"}
{"level":"info","message":{"ip":"::1","method":"GET","url":"/api/v1/profile/me"},"service":"purely-ceylon-backend-ecosystem","timestamp":"2026-07-15 22:36:51"}
{"level":"info","message":{"ip":"::1","method":"GET","url":"/api/v1/cart"},"service":"purely-ceylon-backend-ecosystem","timestamp":"2026-07-15 22:36:51"}
{"level":"info","message":{"ip":"::1","method":"GET","url":"/api/v1/wishlist"},"service":"purely-ceylon-backend-ecosystem","timestamp":"2026-07-15 22:36:51"}
{"level":"info","message":{"ip":"::1","method":"GET","url":"/api/v1/profile/me"},"service":"purely-ceylon-backend-ecosystem","timestamp":"2026-07-15 22:36:51"}
{"level":"info","message":{"ip":"::1","method":"GET","url":"/api/v1/profile/me"},"service":"purely-ceylon-backend-ecosystem","timestamp":"2026-07-15 22:36:52"}
{"level":"info","message":"📧 Processing Email Queue","service":"purely-ceylon-backend-ecosystem","timestamp":"2026-07-15 22:40:00"}
