{"level":"info","message":"✅ Email credentials loaded successfully.","service":"purely-ceylon-backend-ecosystem","timestamp":"2026-07-20 13:19:49"}
{"level":"info","message":"🚀 Server running on port 5000","service":"purely-ceylon-backend-ecosystem","timestamp":"2026-07-20 13:19:50"}
{"level":"info","message":"✅ All Background Jobs Started Successfully","service":"purely-ceylon-backend-ecosystem","timestamp":"2026-07-20 13:19:50"}
{"level":"info","message":"⚙️ Background Jobs Started","service":"purely-ceylon-backend-ecosystem","timestamp":"2026-07-20 13:19:50"}
{"level":"info","message":"📧 Processing Email Queue","service":"purely-ceylon-backend-ecosystem","timestamp":"2026-07-20 13:20:00"}
{"level":"info","message":"📧 Processing Email Queue","service":"purely-ceylon-backend-ecosystem","timestamp":"2026-07-20 13:25:00"}
{"level":"info","message":"📧 Processing Email Queue","service":"purely-ceylon-backend-ecosystem","timestamp":"2026-07-20 13:30:00"}
{"level":"info","message":{"ip":"::1","method":"OPTIONS","url":"/api/v1/address"},"service":"purely-ceylon-backend-ecosystem","timestamp":"2026-07-20 13:32:37"}
{"level":"info","message":{"ip":"::1","method":"OPTIONS","url":"/api/v1/wishlist"},"service":"purely-ceylon-backend-ecosystem","timestamp":"2026-07-20 13:32:37"}
{"level":"info","message":{"ip":"::1","method":"OPTIONS","url":"/api/v1/cart"},"service":"purely-ceylon-backend-ecosystem","timestamp":"2026-07-20 13:32:38"}
{"level":"info","message":{"ip":"::1","method":"OPTIONS","url":"/api/v1/address"},"service":"purely-ceylon-backend-ecosystem","timestamp":"2026-07-20 13:32:38"}
{"level":"info","message":{"ip":"::1","method":"OPTIONS","url":"/api/v1/wishlist"},"service":"purely-ceylon-backend-ecosystem","timestamp":"2026-07-20 13:32:38"}
{"level":"info","message":{"ip":"::1","method":"OPTIONS","url":"/api/v1/cart"},"service":"purely-ceylon-backend-ecosystem","timestamp":"2026-07-20 13:32:38"}
{"level":"info","message":{"ip":"::1","method":"OPTIONS","url":"/api/v1/categories"},"service":"purely-ceylon-backend-ecosystem","timestamp":"2026-07-20 13:32:38"}
{"level":"info","message":{"ip":"::1","method":"OPTIONS","url":"/api/v1/categories"},"service":"purely-ceylon-backend-ecosystem","timestamp":"2026-07-20 13:32:38"}
{"level":"info","message":{"ip":"::1","method":"GET","url":"/api/v1/address"},"service":"purely-ceylon-backend-ecosystem","timestamp":"2026-07-20 13:32:38"}
{"level":"info","message":{"ip":"::1","method":"GET","url":"/api/v1/wishlist"},"service":"purely-ceylon-backend-ecosystem","timestamp":"2026-07-20 13:32:38"}
{"level":"info","message":{"ip":"::1","method":"GET","url":"/api/v1/cart"},"service":"purely-ceylon-backend-ecosystem","timestamp":"2026-07-20 13:32:39"}
{"level":"info","message":{"ip":"::1","method":"GET","url":"/api/v1/categories"},"service":"purely-ceylon-backend-ecosystem","timestamp":"2026-07-20 13:32:40"}
{"level":"info","message":{"ip":"::1","method":"GET","url":"/api/v1/cart"},"service":"purely-ceylon-backend-ecosystem","timestamp":"2026-07-20 13:32:43"}
{"level":"info","message":{"ip":"::1","method":"GET","url":"/api/v1/categories"},"service":"purely-ceylon-backend-ecosystem","timestamp":"2026-07-20 13:32:44"}
{"level":"info","message":{"ip":"::1","method":"GET","url":"/api/v1/address"},"service":"purely-ceylon-backend-ecosystem","timestamp":"2026-07-20 13:32:44"}
{"level":"info","message":{"ip":"::1","method":"GET","url":"/api/v1/wishlist"},"service":"purely-ceylon-backend-ecosystem","timestamp":"2026-07-20 13:32:45"}
{"level":"info","message":{"ip":"::1","method":"OPTIONS","url":"/api/v1/cart"},"service":"purely-ceylon-backend-ecosystem","timestamp":"2026-07-20 13:32:45"}
{"level":"info","message":{"ip":"::1","method":"OPTIONS","url":"/api/v1/wishlist"},"service":"purely-ceylon-backend-ecosystem","timestamp":"2026-07-20 13:32:45"}
{"level":"info","message":{"ip":"::1","method":"OPTIONS","url":"/api/v1/cart"},"service":"purely-ceylon-backend-ecosystem","timestamp":"2026-07-20 13:32:45"}
{"level":"info","message":{"ip":"::1","method":"OPTIONS","url":"/api/v1/profile/me"},"service":"purely-ceylon-backend-ecosystem","timestamp":"2026-07-20 13:32:45"}
{"level":"info","message":{"ip":"::1","method":"OPTIONS","url":"/api/v1/profile/me"},"service":"purely-ceylon-backend-ecosystem","timestamp":"2026-07-20 13:32:45"}
{"level":"info","message":{"ip":"::1","method":"OPTIONS","url":"/api/v1/wishlist"},"service":"purely-ceylon-backend-ecosystem","timestamp":"2026-07-20 13:32:45"}
{"level":"info","message":{"ip":"::1","method":"GET","url":"/api/v1/cart"},"service":"purely-ceylon-backend-ecosystem","timestamp":"2026-07-20 13:32:45"}
{"level":"info","message":{"ip":"::1","method":"GET","url":"/api/v1/wishlist"},"service":"purely-ceylon-backend-ecosystem","timestamp":"2026-07-20 13:32:46"}
{"level":"info","message":{"ip":"::1","method":"GET","url":"/api/v1/profile/me"},"service":"purely-ceylon-backend-ecosystem","timestamp":"2026-07-20 13:32:46"}
{"level":"info","message":{"ip":"::1","method":"GET","url":"/api/v1/cart"},"service":"purely-ceylon-backend-ecosystem","timestamp":"2026-07-20 13:32:47"}
{"level":"info","message":{"ip":"::1","method":"GET","url":"/api/v1/wishlist"},"service":"purely-ceylon-backend-ecosystem","timestamp":"2026-07-20 13:32:47"}
{"level":"info","message":{"ip":"::1","method":"GET","url":"/api/v1/profile/me"},"service":"purely-ceylon-backend-ecosystem","timestamp":"2026-07-20 13:32:47"}
{"level":"info","message":{"ip":"::1","method":"OPTIONS","url":"/api/v1/auth/login"},"service":"purely-ceylon-backend-ecosystem","timestamp":"2026-07-20 13:32:55"}
{"level":"info","message":{"ip":"::1","method":"POST","url":"/api/v1/auth/login"},"service":"purely-ceylon-backend-ecosystem","timestamp":"2026-07-20 13:32:55"}
{"level":"info","message":{"email":"musabhafiz995@gmail.com","event":"LOGIN_SUCCESS"},"service":"purely-ceylon-backend-ecosystem","timestamp":"2026-07-20 13:32:55"}
{"level":"info","message":{"ip":"::1","method":"OPTIONS","url":"/api/v1/profile/me"},"service":"purely-ceylon-backend-ecosystem","timestamp":"2026-07-20 13:32:59"}
{"level":"info","message":{"ip":"::1","method":"OPTIONS","url":"/api/v1/wishlist"},"service":"purely-ceylon-backend-ecosystem","timestamp":"2026-07-20 13:32:59"}
{"level":"info","message":{"ip":"::1","method":"OPTIONS","url":"/api/v1/cart"},"service":"purely-ceylon-backend-ecosystem","timestamp":"2026-07-20 13:32:59"}
{"level":"info","message":{"ip":"::1","method":"OPTIONS","url":"/api/v1/orders/admin/dashboard"},"service":"purely-ceylon-backend-ecosystem","timestamp":"2026-07-20 13:32:59"}
{"level":"info","message":{"ip":"::1","method":"OPTIONS","url":"/api/v1/orders/admin/dashboard"},"service":"purely-ceylon-backend-ecosystem","timestamp":"2026-07-20 13:32:59"}
{"level":"info","message":{"ip":"::1","method":"GET","url":"/api/v1/profile/me"},"service":"purely-ceylon-backend-ecosystem","timestamp":"2026-07-20 13:32:59"}
{"level":"info","message":{"ip":"::1","method":"GET","url":"/api/v1/wishlist"},"service":"purely-ceylon-backend-ecosystem","timestamp":"2026-07-20 13:32:59"}
{"level":"info","message":{"ip":"::1","method":"GET","url":"/api/v1/cart"},"service":"purely-ceylon-backend-ecosystem","timestamp":"2026-07-20 13:32:59"}
{"level":"info","message":{"ip":"::1","method":"GET","url":"/api/v1/orders/admin/dashboard"},"service":"purely-ceylon-backend-ecosystem","timestamp":"2026-07-20 13:32:59"}
{"level":"info","message":{"ip":"::1","method":"GET","url":"/api/v1/orders/admin/dashboard"},"service":"purely-ceylon-backend-ecosystem","timestamp":"2026-07-20 13:33:00"}
{"level":"info","message":{"ip":"::1","method":"OPTIONS","url":"/api/v1/admin/monthly-sales"},"service":"purely-ceylon-backend-ecosystem","timestamp":"2026-07-20 13:33:00"}
{"level":"info","message":{"ip":"::1","method":"OPTIONS","url":"/api/v1/admin/top-products"},"service":"purely-ceylon-backend-ecosystem","timestamp":"2026-07-20 13:33:00"}
{"level":"info","message":{"ip":"::1","method":"GET","url":"/api/v1/admin/top-products"},"service":"purely-ceylon-backend-ecosystem","timestamp":"2026-07-20 13:33:00"}
{"level":"info","message":{"ip":"::1","method":"GET","url":"/api/v1/admin/monthly-sales"},"service":"purely-ceylon-backend-ecosystem","timestamp":"2026-07-20 13:33:00"}
{"level":"info","message":{"ip":"::1","method":"GET","url":"/api/v1/admin/top-products"},"service":"purely-ceylon-backend-ecosystem","timestamp":"2026-07-20 13:33:00"}
{"level":"info","message":{"ip":"::1","method":"GET","url":"/api/v1/admin/monthly-sales"},"service":"purely-ceylon-backend-ecosystem","timestamp":"2026-07-20 13:33:01"}
{"level":"info","message":{"ip":"::1","method":"GET","url":"/api/v1/admin/top-analytics"},"service":"purely-ceylon-backend-ecosystem","timestamp":"2026-07-20 13:33:01"}
{"level":"info","message":{"ip":"::1","method":"GET","url":"/api/v1/admin/top-analytics"},"service":"purely-ceylon-backend-ecosystem","timestamp":"2026-07-20 13:33:01"}
{"level":"info","message":{"ip":"::1","method":"OPTIONS","url":"/api/v1/products?page=1&limit=10"},"service":"purely-ceylon-backend-ecosystem","timestamp":"2026-07-20 13:33:05"}
{"level":"info","message":{"ip":"::1","method":"OPTIONS","url":"/api/v1/categories"},"service":"purely-ceylon-backend-ecosystem","timestamp":"2026-07-20 13:33:05"}
{"level":"info","message":{"ip":"::1","method":"OPTIONS","url":"/api/v1/products?page=1&limit=10"},"service":"purely-ceylon-backend-ecosystem","timestamp":"2026-07-20 13:33:05"}
{"level":"info","message":{"ip":"::1","method":"OPTIONS","url":"/api/v1/categories"},"service":"purely-ceylon-backend-ecosystem","timestamp":"2026-07-20 13:33:05"}
{"level":"info","message":{"ip":"::1","method":"GET","url":"/api/v1/categories"},"service":"purely-ceylon-backend-ecosystem","timestamp":"2026-07-20 13:33:05"}
{"level":"info","message":{"ip":"::1","method":"GET","url":"/api/v1/categories"},"service":"purely-ceylon-backend-ecosystem","timestamp":"2026-07-20 13:33:05"}
{"level":"info","message":{"ip":"::1","method":"GET","url":"/api/v1/products?page=1&limit=10"},"service":"purely-ceylon-backend-ecosystem","timestamp":"2026-07-20 13:33:05"}
{"level":"info","message":{"ip":"::1","method":"GET","url":"/api/v1/products?page=1&limit=10"},"service":"purely-ceylon-backend-ecosystem","timestamp":"2026-07-20 13:33:05"}
{"level":"info","message":{"ip":"::1","method":"OPTIONS","url":"/api/v1/orders/admin/dashboard"},"service":"purely-ceylon-backend-ecosystem","timestamp":"2026-07-20 13:33:23"}
{"level":"info","message":{"ip":"::1","method":"OPTIONS","url":"/api/v1/orders/admin/dashboard"},"service":"purely-ceylon-backend-ecosystem","timestamp":"2026-07-20 13:33:23"}
{"level":"info","message":{"ip":"::1","method":"GET","url":"/api/v1/orders/admin/dashboard"},"service":"purely-ceylon-backend-ecosystem","timestamp":"2026-07-20 13:33:23"}
{"level":"info","message":{"ip":"::1","method":"GET","url":"/api/v1/orders/admin/dashboard"},"service":"purely-ceylon-backend-ecosystem","timestamp":"2026-07-20 13:33:24"}
{"level":"info","message":{"ip":"::1","method":"OPTIONS","url":"/api/v1/admin/monthly-sales"},"service":"purely-ceylon-backend-ecosystem","timestamp":"2026-07-20 13:33:24"}
{"level":"info","message":{"ip":"::1","method":"OPTIONS","url":"/api/v1/admin/top-products"},"service":"purely-ceylon-backend-ecosystem","timestamp":"2026-07-20 13:33:24"}
{"level":"info","message":{"ip":"::1","method":"GET","url":"/api/v1/admin/monthly-sales"},"service":"purely-ceylon-backend-ecosystem","timestamp":"2026-07-20 13:33:24"}
{"level":"info","message":{"ip":"::1","method":"GET","url":"/api/v1/admin/top-products"},"service":"purely-ceylon-backend-ecosystem","timestamp":"2026-07-20 13:33:24"}
{"level":"info","message":{"ip":"::1","method":"GET","url":"/api/v1/admin/top-analytics"},"service":"purely-ceylon-backend-ecosystem","timestamp":"2026-07-20 13:33:24"}
{"level":"info","message":{"ip":"::1","method":"GET","url":"/api/v1/admin/monthly-sales"},"service":"purely-ceylon-backend-ecosystem","timestamp":"2026-07-20 13:33:24"}
{"level":"info","message":{"ip":"::1","method":"GET","url":"/api/v1/admin/top-products"},"service":"purely-ceylon-backend-ecosystem","timestamp":"2026-07-20 13:33:24"}
{"level":"info","message":{"ip":"::1","method":"GET","url":"/api/v1/admin/top-analytics"},"service":"purely-ceylon-backend-ecosystem","timestamp":"2026-07-20 13:33:25"}
{"level":"info","message":{"ip":"::1","method":"OPTIONS","url":"/api/v1/categories"},"service":"purely-ceylon-backend-ecosystem","timestamp":"2026-07-20 13:33:26"}
{"level":"info","message":{"ip":"::1","method":"OPTIONS","url":"/api/v1/categories"},"service":"purely-ceylon-backend-ecosystem","timestamp":"2026-07-20 13:33:26"}
{"level":"info","message":{"ip":"::1","method":"GET","url":"/api/v1/categories"},"service":"purely-ceylon-backend-ecosystem","timestamp":"2026-07-20 13:33:27"}
{"level":"info","message":{"ip":"::1","method":"GET","url":"/api/v1/categories"},"service":"purely-ceylon-backend-ecosystem","timestamp":"2026-07-20 13:33:27"}
{"level":"info","message":{"ip":"::1","method":"OPTIONS","url":"/api/v1/orders/admin/dashboard"},"service":"purely-ceylon-backend-ecosystem","timestamp":"2026-07-20 13:33:30"}
{"level":"info","message":{"ip":"::1","method":"OPTIONS","url":"/api/v1/orders/admin/dashboard"},"service":"purely-ceylon-backend-ecosystem","timestamp":"2026-07-20 13:33:31"}
{"level":"info","message":{"ip":"::1","method":"GET","url":"/api/v1/orders/admin/dashboard"},"service":"purely-ceylon-backend-ecosystem","timestamp":"2026-07-20 13:33:31"}
{"level":"info","message":{"ip":"::1","method":"GET","url":"/api/v1/orders/admin/dashboard"},"service":"purely-ceylon-backend-ecosystem","timestamp":"2026-07-20 13:33:31"}
{"level":"info","message":{"ip":"::1","method":"OPTIONS","url":"/api/v1/admin/monthly-sales"},"service":"purely-ceylon-backend-ecosystem","timestamp":"2026-07-20 13:33:31"}
{"level":"info","message":{"ip":"::1","method":"OPTIONS","url":"/api/v1/admin/top-products"},"service":"purely-ceylon-backend-ecosystem","timestamp":"2026-07-20 13:33:31"}
{"level":"info","message":{"ip":"::1","method":"GET","url":"/api/v1/admin/top-products"},"service":"purely-ceylon-backend-ecosystem","timestamp":"2026-07-20 13:33:31"}
{"level":"info","message":{"ip":"::1","method":"GET","url":"/api/v1/admin/monthly-sales"},"service":"purely-ceylon-backend-ecosystem","timestamp":"2026-07-20 13:33:31"}
{"level":"info","message":{"ip":"::1","method":"GET","url":"/api/v1/admin/top-analytics"},"service":"purely-ceylon-backend-ecosystem","timestamp":"2026-07-20 13:33:32"}
{"level":"info","message":{"ip":"::1","method":"GET","url":"/api/v1/admin/monthly-sales"},"service":"purely-ceylon-backend-ecosystem","timestamp":"2026-07-20 13:33:32"}
{"level":"info","message":{"ip":"::1","method":"GET","url":"/api/v1/admin/top-products"},"service":"purely-ceylon-backend-ecosystem","timestamp":"2026-07-20 13:33:32"}
{"level":"info","message":{"ip":"::1","method":"GET","url":"/api/v1/admin/top-analytics"},"service":"purely-ceylon-backend-ecosystem","timestamp":"2026-07-20 13:33:32"}
{"level":"info","message":{"ip":"::1","method":"OPTIONS","url":"/api/v1/products?page=1&limit=10"},"service":"purely-ceylon-backend-ecosystem","timestamp":"2026-07-20 13:33:33"}
{"level":"info","message":{"ip":"::1","method":"OPTIONS","url":"/api/v1/categories"},"service":"purely-ceylon-backend-ecosystem","timestamp":"2026-07-20 13:33:33"}
{"level":"info","message":{"ip":"::1","method":"OPTIONS","url":"/api/v1/products?page=1&limit=10"},"service":"purely-ceylon-backend-ecosystem","timestamp":"2026-07-20 13:33:33"}
{"level":"info","message":{"ip":"::1","method":"OPTIONS","url":"/api/v1/categories"},"service":"purely-ceylon-backend-ecosystem","timestamp":"2026-07-20 13:33:33"}
{"level":"info","message":{"ip":"::1","method":"GET","url":"/api/v1/products?page=1&limit=10"},"service":"purely-ceylon-backend-ecosystem","timestamp":"2026-07-20 13:33:33"}
{"level":"info","message":{"ip":"::1","method":"GET","url":"/api/v1/categories"},"service":"purely-ceylon-backend-ecosystem","timestamp":"2026-07-20 13:33:33"}
{"level":"info","message":{"ip":"::1","method":"GET","url":"/api/v1/categories"},"service":"purely-ceylon-backend-ecosystem","timestamp":"2026-07-20 13:33:33"}
{"level":"info","message":{"ip":"::1","method":"GET","url":"/api/v1/products?page=1&limit=10"},"service":"purely-ceylon-backend-ecosystem","timestamp":"2026-07-20 13:33:33"}
{"level":"info","message":{"ip":"::1","method":"OPTIONS","url":"/api/v1/orders/admin/dashboard"},"service":"purely-ceylon-backend-ecosystem","timestamp":"2026-07-20 13:33:38"}
{"level":"info","message":{"ip":"::1","method":"OPTIONS","url":"/api/v1/orders/admin/dashboard"},"service":"purely-ceylon-backend-ecosystem","timestamp":"2026-07-20 13:33:38"}
{"level":"info","message":{"ip":"::1","method":"GET","url":"/api/v1/orders/admin/dashboard"},"service":"purely-ceylon-backend-ecosystem","timestamp":"2026-07-20 13:33:38"}
{"level":"info","message":{"ip":"::1","method":"GET","url":"/api/v1/orders/admin/dashboard"},"service":"purely-ceylon-backend-ecosystem","timestamp":"2026-07-20 13:33:39"}
{"level":"info","message":{"ip":"::1","method":"OPTIONS","url":"/api/v1/admin/monthly-sales"},"service":"purely-ceylon-backend-ecosystem","timestamp":"2026-07-20 13:33:39"}
{"level":"info","message":{"ip":"::1","method":"OPTIONS","url":"/api/v1/admin/top-products"},"service":"purely-ceylon-backend-ecosystem","timestamp":"2026-07-20 13:33:39"}
{"level":"info","message":{"ip":"::1","method":"GET","url":"/api/v1/admin/monthly-sales"},"service":"purely-ceylon-backend-ecosystem","timestamp":"2026-07-20 13:33:39"}
{"level":"info","message":{"ip":"::1","method":"GET","url":"/api/v1/admin/top-products"},"service":"purely-ceylon-backend-ecosystem","timestamp":"2026-07-20 13:33:39"}
{"level":"info","message":{"ip":"::1","method":"GET","url":"/api/v1/admin/top-analytics"},"service":"purely-ceylon-backend-ecosystem","timestamp":"2026-07-20 13:33:39"}
{"level":"info","message":{"ip":"::1","method":"GET","url":"/api/v1/admin/monthly-sales"},"service":"purely-ceylon-backend-ecosystem","timestamp":"2026-07-20 13:33:39"}
{"level":"info","message":{"ip":"::1","method":"GET","url":"/api/v1/admin/top-products"},"service":"purely-ceylon-backend-ecosystem","timestamp":"2026-07-20 13:33:39"}
{"level":"info","message":{"ip":"::1","method":"GET","url":"/api/v1/admin/top-analytics"},"service":"purely-ceylon-backend-ecosystem","timestamp":"2026-07-20 13:33:40"}
{"level":"info","message":{"ip":"::1","method":"OPTIONS","url":"/api/v1/categories"},"service":"purely-ceylon-backend-ecosystem","timestamp":"2026-07-20 13:33:40"}
{"level":"info","message":{"ip":"::1","method":"OPTIONS","url":"/api/v1/categories"},"service":"purely-ceylon-backend-ecosystem","timestamp":"2026-07-20 13:33:40"}
{"level":"info","message":{"ip":"::1","method":"GET","url":"/api/v1/categories"},"service":"purely-ceylon-backend-ecosystem","timestamp":"2026-07-20 13:33:40"}
{"level":"info","message":{"ip":"::1","method":"GET","url":"/api/v1/categories"},"service":"purely-ceylon-backend-ecosystem","timestamp":"2026-07-20 13:33:40"}
{"level":"info","message":{"ip":"::1","method":"OPTIONS","url":"/api/v1/orders/admin/dashboard"},"service":"purely-ceylon-backend-ecosystem","timestamp":"2026-07-20 13:33:44"}
{"level":"info","message":{"ip":"::1","method":"OPTIONS","url":"/api/v1/orders/admin/dashboard"},"service":"purely-ceylon-backend-ecosystem","timestamp":"2026-07-20 13:33:45"}
{"level":"info","message":{"ip":"::1","method":"GET","url":"/api/v1/orders/admin/dashboard"},"service":"purely-ceylon-backend-ecosystem","timestamp":"2026-07-20 13:33:45"}
{"level":"info","message":{"ip":"::1","method":"GET","url":"/api/v1/orders/admin/dashboard"},"service":"purely-ceylon-backend-ecosystem","timestamp":"2026-07-20 13:33:45"}
{"level":"info","message":{"ip":"::1","method":"OPTIONS","url":"/api/v1/admin/monthly-sales"},"service":"purely-ceylon-backend-ecosystem","timestamp":"2026-07-20 13:33:46"}
{"level":"info","message":{"ip":"::1","method":"OPTIONS","url":"/api/v1/admin/top-products"},"service":"purely-ceylon-backend-ecosystem","timestamp":"2026-07-20 13:33:46"}
{"level":"info","message":{"ip":"::1","method":"GET","url":"/api/v1/admin/top-products"},"service":"purely-ceylon-backend-ecosystem","timestamp":"2026-07-20 13:33:46"}
{"level":"info","message":{"ip":"::1","method":"GET","url":"/api/v1/admin/monthly-sales"},"service":"purely-ceylon-backend-ecosystem","timestamp":"2026-07-20 13:33:46"}
{"level":"info","message":{"ip":"::1","method":"GET","url":"/api/v1/admin/top-analytics"},"service":"purely-ceylon-backend-ecosystem","timestamp":"2026-07-20 13:33:46"}
{"level":"info","message":{"ip":"::1","method":"GET","url":"/api/v1/admin/monthly-sales"},"service":"purely-ceylon-backend-ecosystem","timestamp":"2026-07-20 13:33:46"}
{"level":"info","message":{"ip":"::1","method":"GET","url":"/api/v1/admin/top-products"},"service":"purely-ceylon-backend-ecosystem","timestamp":"2026-07-20 13:33:46"}
{"level":"info","message":{"ip":"::1","method":"OPTIONS","url":"/api/v1/products?page=1&limit=10"},"service":"purely-ceylon-backend-ecosystem","timestamp":"2026-07-20 13:33:46"}
{"level":"info","message":{"ip":"::1","method":"OPTIONS","url":"/api/v1/categories"},"service":"purely-ceylon-backend-ecosystem","timestamp":"2026-07-20 13:33:46"}
{"level":"info","message":{"ip":"::1","method":"OPTIONS","url":"/api/v1/products?page=1&limit=10"},"service":"purely-ceylon-backend-ecosystem","timestamp":"2026-07-20 13:33:46"}
{"level":"info","message":{"ip":"::1","method":"OPTIONS","url":"/api/v1/categories"},"service":"purely-ceylon-backend-ecosystem","timestamp":"2026-07-20 13:33:46"}
{"level":"info","message":{"ip":"::1","method":"GET","url":"/api/v1/products?page=1&limit=10"},"service":"purely-ceylon-backend-ecosystem","timestamp":"2026-07-20 13:33:47"}
{"level":"info","message":{"ip":"::1","method":"GET","url":"/api/v1/admin/top-analytics"},"service":"purely-ceylon-backend-ecosystem","timestamp":"2026-07-20 13:33:47"}
{"level":"info","message":{"ip":"::1","method":"GET","url":"/api/v1/categories"},"service":"purely-ceylon-backend-ecosystem","timestamp":"2026-07-20 13:33:47"}
{"level":"info","message":{"ip":"::1","method":"GET","url":"/api/v1/categories"},"service":"purely-ceylon-backend-ecosystem","timestamp":"2026-07-20 13:33:47"}
{"level":"info","message":{"ip":"::1","method":"GET","url":"/api/v1/products?page=1&limit=10"},"service":"purely-ceylon-backend-ecosystem","timestamp":"2026-07-20 13:33:47"}
{"level":"info","message":"📧 Processing Email Queue","service":"purely-ceylon-backend-ecosystem","timestamp":"2026-07-20 13:35:00"}
{"level":"info","message":{"ip":"::1","method":"OPTIONS","url":"/api/v1/address"},"service":"purely-ceylon-backend-ecosystem","timestamp":"2026-07-20 13:38:35"}
{"level":"info","message":{"ip":"::1","method":"OPTIONS","url":"/api/v1/wishlist"},"service":"purely-ceylon-backend-ecosystem","timestamp":"2026-07-20 13:38:35"}
{"level":"info","message":{"ip":"::1","method":"OPTIONS","url":"/api/v1/cart"},"service":"purely-ceylon-backend-ecosystem","timestamp":"2026-07-20 13:38:35"}
{"level":"info","message":{"ip":"::1","method":"OPTIONS","url":"/api/v1/address"},"service":"purely-ceylon-backend-ecosystem","timestamp":"2026-07-20 13:38:35"}
{"level":"info","message":{"ip":"::1","method":"OPTIONS","url":"/api/v1/wishlist"},"service":"purely-ceylon-backend-ecosystem","timestamp":"2026-07-20 13:38:35"}
{"level":"info","message":{"ip":"::1","method":"OPTIONS","url":"/api/v1/cart"},"service":"purely-ceylon-backend-ecosystem","timestamp":"2026-07-20 13:38:35"}
{"level":"info","message":{"ip":"::1","method":"OPTIONS","url":"/api/v1/products?page=1&limit=10"},"service":"purely-ceylon-backend-ecosystem","timestamp":"2026-07-20 13:38:35"}
{"level":"info","message":{"ip":"::1","method":"OPTIONS","url":"/api/v1/categories"},"service":"purely-ceylon-backend-ecosystem","timestamp":"2026-07-20 13:38:35"}
{"level":"info","message":{"ip":"::1","method":"OPTIONS","url":"/api/v1/products?page=1&limit=10"},"service":"purely-ceylon-backend-ecosystem","timestamp":"2026-07-20 13:38:36"}
{"level":"info","message":{"ip":"::1","method":"OPTIONS","url":"/api/v1/categories"},"service":"purely-ceylon-backend-ecosystem","timestamp":"2026-07-20 13:38:36"}
{"level":"info","message":{"ip":"::1","method":"GET","url":"/api/v1/address"},"service":"purely-ceylon-backend-ecosystem","timestamp":"2026-07-20 13:38:36"}
{"level":"info","message":{"ip":"::1","method":"GET","url":"/api/v1/wishlist"},"service":"purely-ceylon-backend-ecosystem","timestamp":"2026-07-20 13:38:36"}
{"level":"info","message":{"ip":"::1","method":"GET","url":"/api/v1/cart"},"service":"purely-ceylon-backend-ecosystem","timestamp":"2026-07-20 13:38:37"}
{"level":"info","message":{"ip":"::1","method":"OPTIONS","url":"/api/v1/profile/me"},"service":"purely-ceylon-backend-ecosystem","timestamp":"2026-07-20 13:38:38"}
{"level":"info","message":{"ip":"::1","method":"OPTIONS","url":"/api/v1/profile/me"},"service":"purely-ceylon-backend-ecosystem","timestamp":"2026-07-20 13:38:38"}
{"level":"info","message":{"ip":"::1","method":"GET","url":"/api/v1/products?page=1&limit=10"},"service":"purely-ceylon-backend-ecosystem","timestamp":"2026-07-20 13:38:38"}
{"level":"info","message":{"ip":"::1","method":"GET","url":"/api/v1/categories"},"service":"purely-ceylon-backend-ecosystem","timestamp":"2026-07-20 13:38:38"}
{"level":"info","message":{"ip":"::1","method":"GET","url":"/api/v1/profile/me"},"service":"purely-ceylon-backend-ecosystem","timestamp":"2026-07-20 13:38:38"}
{"level":"info","message":{"ip":"::1","method":"GET","url":"/api/v1/address"},"service":"purely-ceylon-backend-ecosystem","timestamp":"2026-07-20 13:38:39"}
{"level":"info","message":{"ip":"::1","method":"GET","url":"/api/v1/wishlist"},"service":"purely-ceylon-backend-ecosystem","timestamp":"2026-07-20 13:38:39"}
{"level":"info","message":{"ip":"::1","method":"GET","url":"/api/v1/cart"},"service":"purely-ceylon-backend-ecosystem","timestamp":"2026-07-20 13:38:40"}
{"level":"info","message":{"ip":"::1","method":"GET","url":"/api/v1/categories"},"service":"purely-ceylon-backend-ecosystem","timestamp":"2026-07-20 13:38:41"}
{"level":"info","message":{"ip":"::1","method":"GET","url":"/api/v1/profile/me"},"service":"purely-ceylon-backend-ecosystem","timestamp":"2026-07-20 13:38:41"}
{"level":"info","message":{"ip":"::1","method":"GET","url":"/api/v1/wishlist"},"service":"purely-ceylon-backend-ecosystem","timestamp":"2026-07-20 13:38:42"}
{"level":"info","message":{"ip":"::1","method":"GET","url":"/api/v1/products?page=1&limit=10"},"service":"purely-ceylon-backend-ecosystem","timestamp":"2026-07-20 13:38:43"}
{"level":"info","message":{"ip":"::1","method":"GET","url":"/api/v1/cart"},"service":"purely-ceylon-backend-ecosystem","timestamp":"2026-07-20 13:38:43"}
{"level":"info","message":{"ip":"::1","method":"GET","url":"/api/v1/wishlist"},"service":"purely-ceylon-backend-ecosystem","timestamp":"2026-07-20 13:38:43"}
{"level":"info","message":{"ip":"::1","method":"GET","url":"/api/v1/cart"},"service":"purely-ceylon-backend-ecosystem","timestamp":"2026-07-20 13:38:44"}
{"level":"info","message":{"ip":"::1","method":"OPTIONS","url":"/api/v1/auth/login"},"service":"purely-ceylon-backend-ecosystem","timestamp":"2026-07-20 13:38:47"}
{"level":"info","message":{"ip":"::1","method":"POST","url":"/api/v1/auth/login"},"service":"purely-ceylon-backend-ecosystem","timestamp":"2026-07-20 13:38:47"}
{"level":"info","message":{"email":"musabhafiz995@gmail.com","event":"LOGIN_SUCCESS"},"service":"purely-ceylon-backend-ecosystem","timestamp":"2026-07-20 13:38:48"}
{"level":"info","message":{"ip":"::1","method":"OPTIONS","url":"/api/v1/profile/me"},"service":"purely-ceylon-backend-ecosystem","timestamp":"2026-07-20 13:38:50"}
{"level":"info","message":{"ip":"::1","method":"OPTIONS","url":"/api/v1/cart"},"service":"purely-ceylon-backend-ecosystem","timestamp":"2026-07-20 13:38:50"}
{"level":"info","message":{"ip":"::1","method":"OPTIONS","url":"/api/v1/wishlist"},"service":"purely-ceylon-backend-ecosystem","timestamp":"2026-07-20 13:38:50"}
{"level":"info","message":{"ip":"::1","method":"GET","url":"/api/v1/profile/me"},"service":"purely-ceylon-backend-ecosystem","timestamp":"2026-07-20 13:38:50"}
{"level":"info","message":{"ip":"::1","method":"GET","url":"/api/v1/cart"},"service":"purely-ceylon-backend-ecosystem","timestamp":"2026-07-20 13:38:50"}
{"level":"info","message":{"ip":"::1","method":"OPTIONS","url":"/api/v1/orders/admin/dashboard"},"service":"purely-ceylon-backend-ecosystem","timestamp":"2026-07-20 13:38:51"}
{"level":"info","message":{"ip":"::1","method":"OPTIONS","url":"/api/v1/orders/admin/dashboard"},"service":"purely-ceylon-backend-ecosystem","timestamp":"2026-07-20 13:38:51"}
{"level":"info","message":{"ip":"::1","method":"GET","url":"/api/v1/wishlist"},"service":"purely-ceylon-backend-ecosystem","timestamp":"2026-07-20 13:38:51"}
{"level":"info","message":{"ip":"::1","method":"GET","url":"/api/v1/orders/admin/dashboard"},"service":"purely-ceylon-backend-ecosystem","timestamp":"2026-07-20 13:38:51"}
{"level":"info","message":{"ip":"::1","method":"GET","url":"/api/v1/orders/admin/dashboard"},"service":"purely-ceylon-backend-ecosystem","timestamp":"2026-07-20 13:38:52"}
{"level":"info","message":{"ip":"::1","method":"OPTIONS","url":"/api/v1/admin/monthly-sales"},"service":"purely-ceylon-backend-ecosystem","timestamp":"2026-07-20 13:38:52"}
{"level":"info","message":{"ip":"::1","method":"OPTIONS","url":"/api/v1/admin/top-products"},"service":"purely-ceylon-backend-ecosystem","timestamp":"2026-07-20 13:38:52"}
{"level":"info","message":{"ip":"::1","method":"GET","url":"/api/v1/admin/monthly-sales"},"service":"purely-ceylon-backend-ecosystem","timestamp":"2026-07-20 13:38:52"}
{"level":"info","message":{"ip":"::1","method":"GET","url":"/api/v1/admin/top-products"},"service":"purely-ceylon-backend-ecosystem","timestamp":"2026-07-20 13:38:52"}
{"level":"info","message":{"ip":"::1","method":"GET","url":"/api/v1/admin/top-products"},"service":"purely-ceylon-backend-ecosystem","timestamp":"2026-07-20 13:38:53"}
{"level":"info","message":{"ip":"::1","method":"GET","url":"/api/v1/admin/monthly-sales"},"service":"purely-ceylon-backend-ecosystem","timestamp":"2026-07-20 13:38:53"}
{"level":"info","message":{"ip":"::1","method":"GET","url":"/api/v1/admin/top-analytics"},"service":"purely-ceylon-backend-ecosystem","timestamp":"2026-07-20 13:38:53"}
{"level":"info","message":{"ip":"::1","method":"GET","url":"/api/v1/admin/top-analytics"},"service":"purely-ceylon-backend-ecosystem","timestamp":"2026-07-20 13:38:54"}
{"level":"info","message":{"ip":"::1","method":"OPTIONS","url":"/api/v1/products?page=1&limit=10"},"service":"purely-ceylon-backend-ecosystem","timestamp":"2026-07-20 13:39:00"}
{"level":"info","message":{"ip":"::1","method":"OPTIONS","url":"/api/v1/categories"},"service":"purely-ceylon-backend-ecosystem","timestamp":"2026-07-20 13:39:00"}
{"level":"info","message":{"ip":"::1","method":"OPTIONS","url":"/api/v1/products?page=1&limit=10"},"service":"purely-ceylon-backend-ecosystem","timestamp":"2026-07-20 13:39:00"}
{"level":"info","message":{"ip":"::1","method":"OPTIONS","url":"/api/v1/categories"},"service":"purely-ceylon-backend-ecosystem","timestamp":"2026-07-20 13:39:00"}
{"level":"info","message":{"ip":"::1","method":"GET","url":"/api/v1/products?page=1&limit=10"},"service":"purely-ceylon-backend-ecosystem","timestamp":"2026-07-20 13:39:00"}
{"level":"info","message":{"ip":"::1","method":"GET","url":"/api/v1/categories"},"service":"purely-ceylon-backend-ecosystem","timestamp":"2026-07-20 13:39:00"}
{"level":"info","message":{"ip":"::1","method":"GET","url":"/api/v1/products?page=1&limit=10"},"service":"purely-ceylon-backend-ecosystem","timestamp":"2026-07-20 13:39:00"}
{"level":"info","message":{"ip":"::1","method":"GET","url":"/api/v1/categories"},"service":"purely-ceylon-backend-ecosystem","timestamp":"2026-07-20 13:39:00"}
{"level":"info","message":{"ip":"::1","method":"OPTIONS","url":"/api/v1/products?page=1&limit=10"},"service":"purely-ceylon-backend-ecosystem","timestamp":"2026-07-20 13:39:05"}
{"level":"info","message":{"ip":"::1","method":"OPTIONS","url":"/api/v1/categories"},"service":"purely-ceylon-backend-ecosystem","timestamp":"2026-07-20 13:39:05"}
{"level":"info","message":{"ip":"::1","method":"OPTIONS","url":"/api/v1/products?page=1&limit=10"},"service":"purely-ceylon-backend-ecosystem","timestamp":"2026-07-20 13:39:05"}
{"level":"info","message":{"ip":"::1","method":"OPTIONS","url":"/api/v1/categories"},"service":"purely-ceylon-backend-ecosystem","timestamp":"2026-07-20 13:39:05"}
{"level":"info","message":{"ip":"::1","method":"GET","url":"/api/v1/products?page=1&limit=10"},"service":"purely-ceylon-backend-ecosystem","timestamp":"2026-07-20 13:39:05"}
{"level":"info","message":{"ip":"::1","method":"GET","url":"/api/v1/categories"},"service":"purely-ceylon-backend-ecosystem","timestamp":"2026-07-20 13:39:05"}
{"level":"info","message":{"ip":"::1","method":"GET","url":"/api/v1/products?page=1&limit=10"},"service":"purely-ceylon-backend-ecosystem","timestamp":"2026-07-20 13:39:05"}
{"level":"info","message":{"ip":"::1","method":"GET","url":"/api/v1/categories"},"service":"purely-ceylon-backend-ecosystem","timestamp":"2026-07-20 13:39:05"}
{"level":"info","message":"📧 Processing Email Queue","service":"purely-ceylon-backend-ecosystem","timestamp":"2026-07-20 13:40:00"}
{"level":"info","message":{"ip":"::1","method":"OPTIONS","url":"/api/v1/categories"},"service":"purely-ceylon-backend-ecosystem","timestamp":"2026-07-20 13:40:52"}
{"level":"info","message":{"ip":"::1","method":"OPTIONS","url":"/api/v1/categories"},"service":"purely-ceylon-backend-ecosystem","timestamp":"2026-07-20 13:40:52"}
{"level":"info","message":{"ip":"::1","method":"GET","url":"/api/v1/categories"},"service":"purely-ceylon-backend-ecosystem","timestamp":"2026-07-20 13:40:52"}
{"level":"info","message":{"ip":"::1","method":"GET","url":"/api/v1/categories"},"service":"purely-ceylon-backend-ecosystem","timestamp":"2026-07-20 13:40:52"}
{"level":"info","message":{"ip":"::1","method":"OPTIONS","url":"/api/v1/orders/admin/dashboard"},"service":"purely-ceylon-backend-ecosystem","timestamp":"2026-07-20 13:41:15"}
{"level":"info","message":{"ip":"::1","method":"OPTIONS","url":"/api/v1/orders/admin/dashboard"},"service":"purely-ceylon-backend-ecosystem","timestamp":"2026-07-20 13:41:15"}
{"level":"info","message":{"ip":"::1","method":"GET","url":"/api/v1/orders/admin/dashboard"},"service":"purely-ceylon-backend-ecosystem","timestamp":"2026-07-20 13:41:15"}
{"level":"info","message":{"ip":"::1","method":"GET","url":"/api/v1/orders/admin/dashboard"},"service":"purely-ceylon-backend-ecosystem","timestamp":"2026-07-20 13:41:15"}
{"level":"info","message":{"ip":"::1","method":"GET","url":"/api/v1/admin/revenue-dashboard"},"service":"purely-ceylon-backend-ecosystem","timestamp":"2026-07-20 13:41:15"}
{"level":"info","message":{"ip":"::1","method":"GET","url":"/api/v1/admin/revenue-dashboard"},"service":"purely-ceylon-backend-ecosystem","timestamp":"2026-07-20 13:41:15"}
{"level":"info","message":{"ip":"::1","method":"OPTIONS","url":"/api/v1/products?page=1&limit=10"},"service":"purely-ceylon-backend-ecosystem","timestamp":"2026-07-20 13:41:37"}
{"level":"info","message":{"ip":"::1","method":"OPTIONS","url":"/api/v1/categories"},"service":"purely-ceylon-backend-ecosystem","timestamp":"2026-07-20 13:41:38"}
{"level":"info","message":{"ip":"::1","method":"OPTIONS","url":"/api/v1/products?page=1&limit=10"},"service":"purely-ceylon-backend-ecosystem","timestamp":"2026-07-20 13:41:38"}
{"level":"info","message":{"ip":"::1","method":"OPTIONS","url":"/api/v1/categories"},"service":"purely-ceylon-backend-ecosystem","timestamp":"2026-07-20 13:41:38"}
{"level":"info","message":{"ip":"::1","method":"GET","url":"/api/v1/products?page=1&limit=10"},"service":"purely-ceylon-backend-ecosystem","timestamp":"2026-07-20 13:41:38"}
{"level":"info","message":{"ip":"::1","method":"GET","url":"/api/v1/categories"},"service":"purely-ceylon-backend-ecosystem","timestamp":"2026-07-20 13:41:39"}
{"level":"info","message":{"ip":"::1","method":"GET","url":"/api/v1/categories"},"service":"purely-ceylon-backend-ecosystem","timestamp":"2026-07-20 13:41:39"}
{"level":"info","message":{"ip":"::1","method":"GET","url":"/api/v1/products?page=1&limit=10"},"service":"purely-ceylon-backend-ecosystem","timestamp":"2026-07-20 13:41:39"}
{"level":"info","message":{"ip":"::1","method":"OPTIONS","url":"/api/v1/orders/admin/all"},"service":"purely-ceylon-backend-ecosystem","timestamp":"2026-07-20 13:41:46"}
{"level":"info","message":{"ip":"::1","method":"OPTIONS","url":"/api/v1/orders/admin/all"},"service":"purely-ceylon-backend-ecosystem","timestamp":"2026-07-20 13:41:46"}
{"level":"info","message":{"ip":"::1","method":"GET","url":"/api/v1/orders/admin/all"},"service":"purely-ceylon-backend-ecosystem","timestamp":"2026-07-20 13:41:46"}
{"level":"info","message":{"ip":"::1","method":"GET","url":"/api/v1/orders/admin/all"},"service":"purely-ceylon-backend-ecosystem","timestamp":"2026-07-20 13:41:46"}
{"level":"info","message":{"ip":"::1","method":"OPTIONS","url":"/api/v1/orders/admin/dashboard"},"service":"purely-ceylon-backend-ecosystem","timestamp":"2026-07-20 13:41:48"}
{"level":"info","message":{"ip":"::1","method":"OPTIONS","url":"/api/v1/orders/admin/dashboard"},"service":"purely-ceylon-backend-ecosystem","timestamp":"2026-07-20 13:41:48"}
{"level":"info","message":{"ip":"::1","method":"GET","url":"/api/v1/orders/admin/dashboard"},"service":"purely-ceylon-backend-ecosystem","timestamp":"2026-07-20 13:41:48"}
{"level":"info","message":{"ip":"::1","method":"GET","url":"/api/v1/orders/admin/dashboard"},"service":"purely-ceylon-backend-ecosystem","timestamp":"2026-07-20 13:41:48"}
{"level":"info","message":{"ip":"::1","method":"GET","url":"/api/v1/admin/revenue-dashboard"},"service":"purely-ceylon-backend-ecosystem","timestamp":"2026-07-20 13:41:48"}
{"level":"info","message":{"ip":"::1","method":"GET","url":"/api/v1/admin/revenue-dashboard"},"service":"purely-ceylon-backend-ecosystem","timestamp":"2026-07-20 13:41:48"}
{"level":"info","message":{"ip":"::1","method":"OPTIONS","url":"/api/v1/products?page=1&limit=10"},"service":"purely-ceylon-backend-ecosystem","timestamp":"2026-07-20 13:42:16"}
{"level":"info","message":{"ip":"::1","method":"OPTIONS","url":"/api/v1/categories"},"service":"purely-ceylon-backend-ecosystem","timestamp":"2026-07-20 13:42:16"}
{"level":"info","message":{"ip":"::1","method":"OPTIONS","url":"/api/v1/products?page=1&limit=10"},"service":"purely-ceylon-backend-ecosystem","timestamp":"2026-07-20 13:42:16"}
{"level":"info","message":{"ip":"::1","method":"OPTIONS","url":"/api/v1/categories"},"service":"purely-ceylon-backend-ecosystem","timestamp":"2026-07-20 13:42:16"}
{"level":"info","message":{"ip":"::1","method":"GET","url":"/api/v1/products?page=1&limit=10"},"service":"purely-ceylon-backend-ecosystem","timestamp":"2026-07-20 13:42:16"}
{"level":"info","message":{"ip":"::1","method":"GET","url":"/api/v1/categories"},"service":"purely-ceylon-backend-ecosystem","timestamp":"2026-07-20 13:42:16"}
{"level":"info","message":{"ip":"::1","method":"GET","url":"/api/v1/products?page=1&limit=10"},"service":"purely-ceylon-backend-ecosystem","timestamp":"2026-07-20 13:42:16"}
{"level":"info","message":{"ip":"::1","method":"GET","url":"/api/v1/categories"},"service":"purely-ceylon-backend-ecosystem","timestamp":"2026-07-20 13:42:16"}
{"level":"info","message":{"ip":"::1","method":"OPTIONS","url":"/api/v1/orders/admin/dashboard"},"service":"purely-ceylon-backend-ecosystem","timestamp":"2026-07-20 13:42:29"}
{"level":"info","message":{"ip":"::1","method":"OPTIONS","url":"/api/v1/orders/admin/dashboard"},"service":"purely-ceylon-backend-ecosystem","timestamp":"2026-07-20 13:42:29"}
{"level":"info","message":{"ip":"::1","method":"GET","url":"/api/v1/orders/admin/dashboard"},"service":"purely-ceylon-backend-ecosystem","timestamp":"2026-07-20 13:42:29"}
{"level":"info","message":{"ip":"::1","method":"GET","url":"/api/v1/orders/admin/dashboard"},"service":"purely-ceylon-backend-ecosystem","timestamp":"2026-07-20 13:42:29"}
{"level":"info","message":{"ip":"::1","method":"GET","url":"/api/v1/admin/revenue-dashboard"},"service":"purely-ceylon-backend-ecosystem","timestamp":"2026-07-20 13:42:29"}
{"level":"info","message":{"ip":"::1","method":"GET","url":"/api/v1/admin/revenue-dashboard"},"service":"purely-ceylon-backend-ecosystem","timestamp":"2026-07-20 13:42:29"}
{"level":"info","message":{"ip":"::1","method":"OPTIONS","url":"/api/v1/products?page=1&limit=10"},"service":"purely-ceylon-backend-ecosystem","timestamp":"2026-07-20 13:42:56"}
{"level":"info","message":{"ip":"::1","method":"OPTIONS","url":"/api/v1/categories"},"service":"purely-ceylon-backend-ecosystem","timestamp":"2026-07-20 13:42:56"}
{"level":"info","message":{"ip":"::1","method":"OPTIONS","url":"/api/v1/products?page=1&limit=10"},"service":"purely-ceylon-backend-ecosystem","timestamp":"2026-07-20 13:42:56"}
{"level":"info","message":{"ip":"::1","method":"OPTIONS","url":"/api/v1/categories"},"service":"purely-ceylon-backend-ecosystem","timestamp":"2026-07-20 13:42:56"}
{"level":"info","message":{"ip":"::1","method":"GET","url":"/api/v1/products?page=1&limit=10"},"service":"purely-ceylon-backend-ecosystem","timestamp":"2026-07-20 13:42:56"}
{"level":"info","message":{"ip":"::1","method":"GET","url":"/api/v1/categories"},"service":"purely-ceylon-backend-ecosystem","timestamp":"2026-07-20 13:42:56"}
{"level":"info","message":{"ip":"::1","method":"GET","url":"/api/v1/products?page=1&limit=10"},"service":"purely-ceylon-backend-ecosystem","timestamp":"2026-07-20 13:42:56"}
{"level":"info","message":{"ip":"::1","method":"GET","url":"/api/v1/categories"},"service":"purely-ceylon-backend-ecosystem","timestamp":"2026-07-20 13:42:56"}
{"level":"info","message":{"ip":"::1","method":"GET","url":"/api/v1/categories"},"service":"purely-ceylon-backend-ecosystem","timestamp":"2026-07-20 13:42:57"}
{"level":"info","message":{"ip":"::1","method":"GET","url":"/api/v1/categories"},"service":"purely-ceylon-backend-ecosystem","timestamp":"2026-07-20 13:42:57"}
{"level":"info","message":"📧 Processing Email Queue","service":"purely-ceylon-backend-ecosystem","timestamp":"2026-07-20 13:45:00"}
{"level":"info","message":{"ip":"::1","method":"OPTIONS","url":"/api/v1/orders/admin/dashboard"},"service":"purely-ceylon-backend-ecosystem","timestamp":"2026-07-20 13:47:11"}
{"level":"info","message":{"ip":"::1","method":"OPTIONS","url":"/api/v1/orders/admin/dashboard"},"service":"purely-ceylon-backend-ecosystem","timestamp":"2026-07-20 13:47:11"}
{"level":"info","message":{"ip":"::1","method":"GET","url":"/api/v1/orders/admin/dashboard"},"service":"purely-ceylon-backend-ecosystem","timestamp":"2026-07-20 13:47:11"}
{"level":"info","message":{"ip":"::1","method":"GET","url":"/api/v1/orders/admin/dashboard"},"service":"purely-ceylon-backend-ecosystem","timestamp":"2026-07-20 13:47:11"}
{"level":"info","message":{"ip":"::1","method":"GET","url":"/api/v1/admin/revenue-dashboard"},"service":"purely-ceylon-backend-ecosystem","timestamp":"2026-07-20 13:47:11"}
{"level":"info","message":{"ip":"::1","method":"GET","url":"/api/v1/admin/revenue-dashboard"},"service":"purely-ceylon-backend-ecosystem","timestamp":"2026-07-20 13:47:11"}
{"level":"info","message":{"ip":"::1","method":"OPTIONS","url":"/api/v1/products?page=1&limit=10"},"service":"purely-ceylon-backend-ecosystem","timestamp":"2026-07-20 13:47:13"}
{"level":"info","message":{"ip":"::1","method":"OPTIONS","url":"/api/v1/categories"},"service":"purely-ceylon-backend-ecosystem","timestamp":"2026-07-20 13:47:13"}
{"level":"info","message":{"ip":"::1","method":"GET","url":"/api/v1/products?page=1&limit=10"},"service":"purely-ceylon-backend-ecosystem","timestamp":"2026-07-20 13:47:13"}
{"level":"info","message":{"ip":"::1","method":"OPTIONS","url":"/api/v1/products?page=1&limit=10"},"service":"purely-ceylon-backend-ecosystem","timestamp":"2026-07-20 13:47:13"}
{"level":"info","message":{"ip":"::1","method":"OPTIONS","url":"/api/v1/categories"},"service":"purely-ceylon-backend-ecosystem","timestamp":"2026-07-20 13:47:13"}
{"level":"info","message":{"ip":"::1","method":"GET","url":"/api/v1/categories"},"service":"purely-ceylon-backend-ecosystem","timestamp":"2026-07-20 13:47:13"}
{"level":"info","message":{"ip":"::1","method":"GET","url":"/api/v1/categories"},"service":"purely-ceylon-backend-ecosystem","timestamp":"2026-07-20 13:47:13"}
{"level":"info","message":{"ip":"::1","method":"GET","url":"/api/v1/products?page=1&limit=10"},"service":"purely-ceylon-backend-ecosystem","timestamp":"2026-07-20 13:47:13"}
{"level":"info","message":{"ip":"::1","method":"GET","url":"/api/v1/categories"},"service":"purely-ceylon-backend-ecosystem","timestamp":"2026-07-20 13:47:16"}
{"level":"info","message":{"ip":"::1","method":"GET","url":"/api/v1/categories"},"service":"purely-ceylon-backend-ecosystem","timestamp":"2026-07-20 13:47:16"}
{"level":"info","message":"✅ Email credentials loaded successfully.","service":"purely-ceylon-backend-ecosystem","timestamp":"2026-07-20 13:50:34"}
{"level":"info","message":"🚀 Server running on port 5000","service":"purely-ceylon-backend-ecosystem","timestamp":"2026-07-20 13:50:34"}
{"level":"info","message":"✅ All Background Jobs Started Successfully","service":"purely-ceylon-backend-ecosystem","timestamp":"2026-07-20 13:50:34"}
{"level":"info","message":"⚙️ Background Jobs Started","service":"purely-ceylon-backend-ecosystem","timestamp":"2026-07-20 13:50:34"}
{"level":"info","message":{"ip":"::1","method":"GET","url":"/api/v1/categories"},"service":"purely-ceylon-backend-ecosystem","timestamp":"2026-07-20 13:50:38"}
{"level":"info","message":{"ip":"::1","method":"GET","url":"/favicon.ico"},"service":"purely-ceylon-backend-ecosystem","timestamp":"2026-07-20 13:50:39"}
{"level":"info","message":"📧 Processing Email Queue","service":"purely-ceylon-backend-ecosystem","timestamp":"2026-07-20 13:55:00"}
{"level":"info","message":{"ip":"::1","method":"OPTIONS","url":"/api/v1/address"},"service":"purely-ceylon-backend-ecosystem","timestamp":"2026-07-20 13:56:46"}
{"level":"info","message":{"ip":"::1","method":"OPTIONS","url":"/api/v1/address"},"service":"purely-ceylon-backend-ecosystem","timestamp":"2026-07-20 13:56:46"}
{"level":"info","message":{"ip":"::1","method":"OPTIONS","url":"/api/v1/cart"},"service":"purely-ceylon-backend-ecosystem","timestamp":"2026-07-20 13:56:47"}
{"level":"info","message":{"ip":"::1","method":"OPTIONS","url":"/api/v1/wishlist"},"service":"purely-ceylon-backend-ecosystem","timestamp":"2026-07-20 13:56:47"}
{"level":"info","message":{"ip":"::1","method":"OPTIONS","url":"/api/v1/wishlist"},"service":"purely-ceylon-backend-ecosystem","timestamp":"2026-07-20 13:56:47"}
{"level":"info","message":{"ip":"::1","method":"OPTIONS","url":"/api/v1/cart"},"service":"purely-ceylon-backend-ecosystem","timestamp":"2026-07-20 13:56:47"}
{"level":"info","message":{"ip":"::1","method":"OPTIONS","url":"/api/v1/categories"},"service":"purely-ceylon-backend-ecosystem","timestamp":"2026-07-20 13:56:47"}
{"level":"info","message":{"ip":"::1","method":"OPTIONS","url":"/api/v1/categories"},"service":"purely-ceylon-backend-ecosystem","timestamp":"2026-07-20 13:56:47"}
{"level":"info","message":{"ip":"::1","method":"GET","url":"/api/v1/address"},"service":"purely-ceylon-backend-ecosystem","timestamp":"2026-07-20 13:56:47"}
{"level":"info","message":{"ip":"::1","method":"GET","url":"/api/v1/cart"},"service":"purely-ceylon-backend-ecosystem","timestamp":"2026-07-20 13:56:47"}
{"level":"info","message":{"ip":"::1","method":"GET","url":"/api/v1/wishlist"},"service":"purely-ceylon-backend-ecosystem","timestamp":"2026-07-20 13:56:48"}
{"level":"info","message":{"ip":"::1","method":"GET","url":"/api/v1/categories"},"service":"purely-ceylon-backend-ecosystem","timestamp":"2026-07-20 13:56:49"}
{"level":"info","message":{"ip":"::1","method":"OPTIONS","url":"/api/v1/profile/me"},"service":"purely-ceylon-backend-ecosystem","timestamp":"2026-07-20 13:56:49"}
{"level":"info","message":{"ip":"::1","method":"OPTIONS","url":"/api/v1/profile/me"},"service":"purely-ceylon-backend-ecosystem","timestamp":"2026-07-20 13:56:49"}
{"level":"info","message":{"ip":"::1","method":"GET","url":"/api/v1/profile/me"},"service":"purely-ceylon-backend-ecosystem","timestamp":"2026-07-20 13:56:49"}
{"level":"info","message":{"ip":"::1","method":"GET","url":"/api/v1/address"},"service":"purely-ceylon-backend-ecosystem","timestamp":"2026-07-20 13:56:50"}
{"level":"info","message":{"ip":"::1","method":"GET","url":"/api/v1/cart"},"service":"purely-ceylon-backend-ecosystem","timestamp":"2026-07-20 13:56:51"}
{"level":"info","message":{"ip":"::1","method":"GET","url":"/api/v1/categories"},"service":"purely-ceylon-backend-ecosystem","timestamp":"2026-07-20 13:56:51"}
{"level":"info","message":{"ip":"::1","method":"GET","url":"/api/v1/wishlist"},"service":"purely-ceylon-backend-ecosystem","timestamp":"2026-07-20 13:56:51"}
{"level":"info","message":{"ip":"::1","method":"GET","url":"/api/v1/cart"},"service":"purely-ceylon-backend-ecosystem","timestamp":"2026-07-20 13:56:51"}
{"level":"info","message":{"ip":"::1","method":"GET","url":"/api/v1/profile/me"},"service":"purely-ceylon-backend-ecosystem","timestamp":"2026-07-20 13:56:51"}
{"level":"info","message":{"ip":"::1","method":"GET","url":"/api/v1/wishlist"},"service":"purely-ceylon-backend-ecosystem","timestamp":"2026-07-20 13:56:51"}
{"level":"info","message":{"ip":"::1","method":"GET","url":"/api/v1/cart"},"service":"purely-ceylon-backend-ecosystem","timestamp":"2026-07-20 13:56:52"}
{"level":"info","message":{"ip":"::1","method":"GET","url":"/api/v1/wishlist"},"service":"purely-ceylon-backend-ecosystem","timestamp":"2026-07-20 13:56:52"}
{"level":"info","message":{"ip":"::1","method":"OPTIONS","url":"/api/v1/auth/login"},"service":"purely-ceylon-backend-ecosystem","timestamp":"2026-07-20 13:56:57"}
{"level":"info","message":{"ip":"::1","method":"POST","url":"/api/v1/auth/login"},"service":"purely-ceylon-backend-ecosystem","timestamp":"2026-07-20 13:56:57"}
{"level":"info","message":{"email":"musabhafiz995@gmail.com","event":"LOGIN_SUCCESS"},"service":"purely-ceylon-backend-ecosystem","timestamp":"2026-07-20 13:56:58"}
{"level":"info","message":{"ip":"::1","method":"OPTIONS","url":"/api/v1/profile/me"},"service":"purely-ceylon-backend-ecosystem","timestamp":"2026-07-20 13:57:00"}
{"level":"info","message":{"ip":"::1","method":"OPTIONS","url":"/api/v1/cart"},"service":"purely-ceylon-backend-ecosystem","timestamp":"2026-07-20 13:57:01"}
{"level":"info","message":{"ip":"::1","method":"OPTIONS","url":"/api/v1/wishlist"},"service":"purely-ceylon-backend-ecosystem","timestamp":"2026-07-20 13:57:01"}
{"level":"info","message":{"ip":"::1","method":"OPTIONS","url":"/api/v1/orders/admin/dashboard"},"service":"purely-ceylon-backend-ecosystem","timestamp":"2026-07-20 13:57:01"}
{"level":"info","message":{"ip":"::1","method":"OPTIONS","url":"/api/v1/orders/admin/dashboard"},"service":"purely-ceylon-backend-ecosystem","timestamp":"2026-07-20 13:57:01"}
{"level":"info","message":{"ip":"::1","method":"GET","url":"/api/v1/profile/me"},"service":"purely-ceylon-backend-ecosystem","timestamp":"2026-07-20 13:57:01"}
{"level":"info","message":{"ip":"::1","method":"GET","url":"/api/v1/cart"},"service":"purely-ceylon-backend-ecosystem","timestamp":"2026-07-20 13:57:01"}
{"level":"info","message":{"ip":"::1","method":"GET","url":"/api/v1/wishlist"},"service":"purely-ceylon-backend-ecosystem","timestamp":"2026-07-20 13:57:01"}
{"level":"info","message":{"ip":"::1","method":"GET","url":"/api/v1/orders/admin/dashboard"},"service":"purely-ceylon-backend-ecosystem","timestamp":"2026-07-20 13:57:02"}
{"level":"info","message":{"ip":"::1","method":"GET","url":"/api/v1/orders/admin/dashboard"},"service":"purely-ceylon-backend-ecosystem","timestamp":"2026-07-20 13:57:02"}
{"level":"info","message":{"ip":"::1","method":"OPTIONS","url":"/api/v1/admin/monthly-sales"},"service":"purely-ceylon-backend-ecosystem","timestamp":"2026-07-20 13:57:02"}
{"level":"info","message":{"ip":"::1","method":"OPTIONS","url":"/api/v1/admin/top-products"},"service":"purely-ceylon-backend-ecosystem","timestamp":"2026-07-20 13:57:02"}
{"level":"info","message":{"ip":"::1","method":"GET","url":"/api/v1/admin/top-products"},"service":"purely-ceylon-backend-ecosystem","timestamp":"2026-07-20 13:57:02"}
{"level":"info","message":{"ip":"::1","method":"GET","url":"/api/v1/admin/monthly-sales"},"service":"purely-ceylon-backend-ecosystem","timestamp":"2026-07-20 13:57:02"}
{"level":"info","message":{"ip":"::1","method":"GET","url":"/api/v1/admin/monthly-sales"},"service":"purely-ceylon-backend-ecosystem","timestamp":"2026-07-20 13:57:03"}
{"level":"info","message":{"ip":"::1","method":"GET","url":"/api/v1/admin/top-products"},"service":"purely-ceylon-backend-ecosystem","timestamp":"2026-07-20 13:57:03"}
{"level":"info","message":{"ip":"::1","method":"GET","url":"/api/v1/admin/top-analytics"},"service":"purely-ceylon-backend-ecosystem","timestamp":"2026-07-20 13:57:03"}
{"level":"info","message":{"ip":"::1","method":"GET","url":"/api/v1/admin/top-analytics"},"service":"purely-ceylon-backend-ecosystem","timestamp":"2026-07-20 13:57:03"}
{"level":"info","message":{"ip":"::1","method":"OPTIONS","url":"/api/v1/products?page=1&limit=10"},"service":"purely-ceylon-backend-ecosystem","timestamp":"2026-07-20 13:57:15"}
{"level":"info","message":{"ip":"::1","method":"OPTIONS","url":"/api/v1/categories"},"service":"purely-ceylon-backend-ecosystem","timestamp":"2026-07-20 13:57:15"}
{"level":"info","message":{"ip":"::1","method":"OPTIONS","url":"/api/v1/products?page=1&limit=10"},"service":"purely-ceylon-backend-ecosystem","timestamp":"2026-07-20 13:57:15"}
{"level":"info","message":{"ip":"::1","method":"OPTIONS","url":"/api/v1/categories"},"service":"purely-ceylon-backend-ecosystem","timestamp":"2026-07-20 13:57:15"}
{"level":"info","message":{"ip":"::1","method":"GET","url":"/api/v1/products?page=1&limit=10"},"service":"purely-ceylon-backend-ecosystem","timestamp":"2026-07-20 13:57:15"}
{"level":"info","message":{"ip":"::1","method":"GET","url":"/api/v1/categories"},"service":"purely-ceylon-backend-ecosystem","timestamp":"2026-07-20 13:57:15"}
{"level":"info","message":{"ip":"::1","method":"GET","url":"/api/v1/categories"},"service":"purely-ceylon-backend-ecosystem","timestamp":"2026-07-20 13:57:15"}
{"level":"info","message":{"ip":"::1","method":"GET","url":"/api/v1/products?page=1&limit=10"},"service":"purely-ceylon-backend-ecosystem","timestamp":"2026-07-20 13:57:15"}
{"level":"info","message":{"ip":"::1","method":"GET","url":"/api/v1/categories"},"service":"purely-ceylon-backend-ecosystem","timestamp":"2026-07-20 13:57:18"}
{"level":"info","message":{"ip":"::1","method":"GET","url":"/api/v1/categories"},"service":"purely-ceylon-backend-ecosystem","timestamp":"2026-07-20 13:57:18"}
{"level":"info","message":{"ip":"::1","method":"OPTIONS","url":"/api/v1/orders/admin/dashboard"},"service":"purely-ceylon-backend-ecosystem","timestamp":"2026-07-20 13:57:23"}
{"level":"info","message":{"ip":"::1","method":"OPTIONS","url":"/api/v1/orders/admin/dashboard"},"service":"purely-ceylon-backend-ecosystem","timestamp":"2026-07-20 13:57:23"}
{"level":"info","message":{"ip":"::1","method":"GET","url":"/api/v1/orders/admin/dashboard"},"service":"purely-ceylon-backend-ecosystem","timestamp":"2026-07-20 13:57:23"}
{"level":"info","message":{"ip":"::1","method":"GET","url":"/api/v1/orders/admin/dashboard"},"service":"purely-ceylon-backend-ecosystem","timestamp":"2026-07-20 13:57:23"}
{"level":"info","message":{"ip":"::1","method":"OPTIONS","url":"/api/v1/admin/monthly-sales"},"service":"purely-ceylon-backend-ecosystem","timestamp":"2026-07-20 13:57:23"}
{"level":"info","message":{"ip":"::1","method":"OPTIONS","url":"/api/v1/admin/top-products"},"service":"purely-ceylon-backend-ecosystem","timestamp":"2026-07-20 13:57:24"}
{"level":"info","message":{"ip":"::1","method":"GET","url":"/api/v1/admin/monthly-sales"},"service":"purely-ceylon-backend-ecosystem","timestamp":"2026-07-20 13:57:24"}
{"level":"info","message":{"ip":"::1","method":"GET","url":"/api/v1/admin/top-products"},"service":"purely-ceylon-backend-ecosystem","timestamp":"2026-07-20 13:57:24"}
{"level":"info","message":{"ip":"::1","method":"GET","url":"/api/v1/admin/top-analytics"},"service":"purely-ceylon-backend-ecosystem","timestamp":"2026-07-20 13:57:24"}
{"level":"info","message":{"ip":"::1","method":"GET","url":"/api/v1/admin/monthly-sales"},"service":"purely-ceylon-backend-ecosystem","timestamp":"2026-07-20 13:57:24"}
{"level":"info","message":{"ip":"::1","method":"GET","url":"/api/v1/admin/top-products"},"service":"purely-ceylon-backend-ecosystem","timestamp":"2026-07-20 13:57:24"}
{"level":"info","message":{"ip":"::1","method":"GET","url":"/api/v1/admin/top-analytics"},"service":"purely-ceylon-backend-ecosystem","timestamp":"2026-07-20 13:57:24"}
{"level":"info","message":{"ip":"::1","method":"OPTIONS","url":"/api/v1/products?page=1&limit=10"},"service":"purely-ceylon-backend-ecosystem","timestamp":"2026-07-20 13:57:27"}
{"level":"info","message":{"ip":"::1","method":"OPTIONS","url":"/api/v1/categories"},"service":"purely-ceylon-backend-ecosystem","timestamp":"2026-07-20 13:57:27"}
{"level":"info","message":{"ip":"::1","method":"OPTIONS","url":"/api/v1/products?page=1&limit=10"},"service":"purely-ceylon-backend-ecosystem","timestamp":"2026-07-20 13:57:27"}
{"level":"info","message":{"ip":"::1","method":"OPTIONS","url":"/api/v1/categories"},"service":"purely-ceylon-backend-ecosystem","timestamp":"2026-07-20 13:57:27"}
{"level":"info","message":{"ip":"::1","method":"GET","url":"/api/v1/products?page=1&limit=10"},"service":"purely-ceylon-backend-ecosystem","timestamp":"2026-07-20 13:57:27"}
{"level":"info","message":{"ip":"::1","method":"GET","url":"/api/v1/categories"},"service":"purely-ceylon-backend-ecosystem","timestamp":"2026-07-20 13:57:27"}
{"level":"info","message":{"ip":"::1","method":"GET","url":"/api/v1/categories"},"service":"purely-ceylon-backend-ecosystem","timestamp":"2026-07-20 13:57:27"}
{"level":"info","message":{"ip":"::1","method":"GET","url":"/api/v1/products?page=1&limit=10"},"service":"purely-ceylon-backend-ecosystem","timestamp":"2026-07-20 13:57:27"}
{"level":"info","message":{"ip":"::1","method":"OPTIONS","url":"/api/v1/orders/admin/dashboard"},"service":"purely-ceylon-backend-ecosystem","timestamp":"2026-07-20 13:58:56"}
{"level":"info","message":{"ip":"::1","method":"OPTIONS","url":"/api/v1/orders/admin/dashboard"},"service":"purely-ceylon-backend-ecosystem","timestamp":"2026-07-20 13:58:56"}
{"level":"info","message":{"ip":"::1","method":"GET","url":"/api/v1/orders/admin/dashboard"},"service":"purely-ceylon-backend-ecosystem","timestamp":"2026-07-20 13:58:56"}
{"level":"info","message":{"ip":"::1","method":"GET","url":"/api/v1/orders/admin/dashboard"},"service":"purely-ceylon-backend-ecosystem","timestamp":"2026-07-20 13:58:56"}
{"level":"info","message":{"ip":"::1","method":"OPTIONS","url":"/api/v1/admin/monthly-sales"},"service":"purely-ceylon-backend-ecosystem","timestamp":"2026-07-20 13:58:56"}
{"level":"info","message":{"ip":"::1","method":"OPTIONS","url":"/api/v1/admin/top-products"},"service":"purely-ceylon-backend-ecosystem","timestamp":"2026-07-20 13:58:56"}
{"level":"info","message":{"ip":"::1","method":"GET","url":"/api/v1/admin/monthly-sales"},"service":"purely-ceylon-backend-ecosystem","timestamp":"2026-07-20 13:58:56"}
{"level":"info","message":{"ip":"::1","method":"GET","url":"/api/v1/admin/top-products"},"service":"purely-ceylon-backend-ecosystem","timestamp":"2026-07-20 13:58:56"}
{"level":"info","message":{"ip":"::1","method":"GET","url":"/api/v1/admin/top-analytics"},"service":"purely-ceylon-backend-ecosystem","timestamp":"2026-07-20 13:58:56"}
{"level":"info","message":{"ip":"::1","method":"GET","url":"/api/v1/admin/monthly-sales"},"service":"purely-ceylon-backend-ecosystem","timestamp":"2026-07-20 13:58:56"}
{"level":"info","message":{"ip":"::1","method":"GET","url":"/api/v1/admin/top-products"},"service":"purely-ceylon-backend-ecosystem","timestamp":"2026-07-20 13:58:56"}
{"level":"info","message":{"ip":"::1","method":"GET","url":"/api/v1/admin/top-analytics"},"service":"purely-ceylon-backend-ecosystem","timestamp":"2026-07-20 13:58:57"}
{"level":"info","message":{"ip":"::1","method":"OPTIONS","url":"/api/v1/products?page=1&limit=10"},"service":"purely-ceylon-backend-ecosystem","timestamp":"2026-07-20 13:59:13"}
{"level":"info","message":{"ip":"::1","method":"OPTIONS","url":"/api/v1/products?page=1&limit=10"},"service":"purely-ceylon-backend-ecosystem","timestamp":"2026-07-20 13:59:13"}
{"level":"info","message":{"ip":"::1","method":"OPTIONS","url":"/api/v1/categories"},"service":"purely-ceylon-backend-ecosystem","timestamp":"2026-07-20 13:59:13"}
{"level":"info","message":{"ip":"::1","method":"OPTIONS","url":"/api/v1/categories"},"service":"purely-ceylon-backend-ecosystem","timestamp":"2026-07-20 13:59:13"}
{"level":"info","message":{"ip":"::1","method":"GET","url":"/api/v1/products?page=1&limit=10"},"service":"purely-ceylon-backend-ecosystem","timestamp":"2026-07-20 13:59:13"}
{"level":"info","message":{"ip":"::1","method":"GET","url":"/api/v1/categories"},"service":"purely-ceylon-backend-ecosystem","timestamp":"2026-07-20 13:59:13"}
{"level":"info","message":{"ip":"::1","method":"GET","url":"/api/v1/categories"},"service":"purely-ceylon-backend-ecosystem","timestamp":"2026-07-20 13:59:13"}
{"level":"info","message":{"ip":"::1","method":"GET","url":"/api/v1/products?page=1&limit=10"},"service":"purely-ceylon-backend-ecosystem","timestamp":"2026-07-20 13:59:13"}
{"level":"info","message":"📧 Processing Email Queue","service":"purely-ceylon-backend-ecosystem","timestamp":"2026-07-20 14:00:00"}
{"level":"info","message":"📄 Checking Expired RFQs","service":"purely-ceylon-backend-ecosystem","timestamp":"2026-07-20 14:00:00"}
{"level":"info","message":"✅ Email credentials loaded successfully.","service":"purely-ceylon-backend-ecosystem","timestamp":"2026-07-20 14:01:17"}
{"level":"info","message":"🚀 Server running on port 5000","service":"purely-ceylon-backend-ecosystem","timestamp":"2026-07-20 14:01:17"}
{"level":"info","message":"✅ All Background Jobs Started Successfully","service":"purely-ceylon-backend-ecosystem","timestamp":"2026-07-20 14:01:17"}
{"level":"info","message":"⚙️ Background Jobs Started","service":"purely-ceylon-backend-ecosystem","timestamp":"2026-07-20 14:01:17"}
{"level":"info","message":"✅ Email credentials loaded successfully.","service":"purely-ceylon-backend-ecosystem","timestamp":"2026-07-20 14:02:50"}
{"level":"info","message":"🚀 Server running on port 5000","service":"purely-ceylon-backend-ecosystem","timestamp":"2026-07-20 14:02:50"}
{"level":"info","message":"✅ All Background Jobs Started Successfully","service":"purely-ceylon-backend-ecosystem","timestamp":"2026-07-20 14:02:50"}
{"level":"info","message":"⚙️ Background Jobs Started","service":"purely-ceylon-backend-ecosystem","timestamp":"2026-07-20 14:02:50"}
{"level":"info","message":{"ip":"::1","method":"GET","url":"/api/v1/products"},"service":"purely-ceylon-backend-ecosystem","timestamp":"2026-07-20 14:02:52"}
{"level":"info","message":{"ip":"::1","method":"GET","url":"/favicon.ico"},"service":"purely-ceylon-backend-ecosystem","timestamp":"2026-07-20 14:02:53"}
{"level":"info","message":"📧 Processing Email Queue","service":"purely-ceylon-backend-ecosystem","timestamp":"2026-07-20 14:05:00"}
{"level":"info","message":"✅ Email credentials loaded successfully.","service":"purely-ceylon-backend-ecosystem","timestamp":"2026-07-20 14:08:25"}
{"level":"info","message":"🚀 Server running on port 5000","service":"purely-ceylon-backend-ecosystem","timestamp":"2026-07-20 14:08:25"}
{"level":"info","message":"✅ All Background Jobs Started Successfully","service":"purely-ceylon-backend-ecosystem","timestamp":"2026-07-20 14:08:25"}
{"level":"info","message":"⚙️ Background Jobs Started","service":"purely-ceylon-backend-ecosystem","timestamp":"2026-07-20 14:08:25"}
{"level":"info","message":{"ip":"::1","method":"OPTIONS","url":"/api/v1/auth/login"},"service":"purely-ceylon-backend-ecosystem","timestamp":"2026-07-20 14:08:27"}
{"level":"info","message":{"ip":"::1","method":"POST","url":"/api/v1/auth/login"},"service":"purely-ceylon-backend-ecosystem","timestamp":"2026-07-20 14:08:27"}
{"level":"info","message":{"email":"musabhafiz995@gmail.com","event":"LOGIN_SUCCESS"},"service":"purely-ceylon-backend-ecosystem","timestamp":"2026-07-20 14:08:28"}
{"level":"info","message":{"ip":"::1","method":"OPTIONS","url":"/api/v1/profile/me"},"service":"purely-ceylon-backend-ecosystem","timestamp":"2026-07-20 14:08:30"}
{"level":"info","message":{"ip":"::1","method":"OPTIONS","url":"/api/v1/wishlist"},"service":"purely-ceylon-backend-ecosystem","timestamp":"2026-07-20 14:08:30"}
{"level":"info","message":{"ip":"::1","method":"OPTIONS","url":"/api/v1/cart"},"service":"purely-ceylon-backend-ecosystem","timestamp":"2026-07-20 14:08:30"}
{"level":"info","message":{"ip":"::1","method":"OPTIONS","url":"/api/v1/orders/admin/dashboard"},"service":"purely-ceylon-backend-ecosystem","timestamp":"2026-07-20 14:08:30"}
{"level":"info","message":{"ip":"::1","method":"OPTIONS","url":"/api/v1/orders/admin/dashboard"},"service":"purely-ceylon-backend-ecosystem","timestamp":"2026-07-20 14:08:30"}
{"level":"info","message":{"ip":"::1","method":"GET","url":"/api/v1/profile/me"},"service":"purely-ceylon-backend-ecosystem","timestamp":"2026-07-20 14:08:30"}
{"level":"info","message":{"ip":"::1","method":"GET","url":"/api/v1/wishlist"},"service":"purely-ceylon-backend-ecosystem","timestamp":"2026-07-20 14:08:31"}
{"level":"info","message":{"ip":"::1","method":"GET","url":"/api/v1/cart"},"service":"purely-ceylon-backend-ecosystem","timestamp":"2026-07-20 14:08:32"}
{"level":"info","message":{"ip":"::1","method":"GET","url":"/api/v1/orders/admin/dashboard"},"service":"purely-ceylon-backend-ecosystem","timestamp":"2026-07-20 14:08:33"}
{"level":"info","message":{"ip":"::1","method":"GET","url":"/api/v1/orders/admin/dashboard"},"service":"purely-ceylon-backend-ecosystem","timestamp":"2026-07-20 14:08:33"}
{"level":"info","message":{"ip":"::1","method":"OPTIONS","url":"/api/v1/admin/monthly-sales"},"service":"purely-ceylon-backend-ecosystem","timestamp":"2026-07-20 14:08:33"}
{"level":"info","message":{"ip":"::1","method":"OPTIONS","url":"/api/v1/admin/top-products"},"service":"purely-ceylon-backend-ecosystem","timestamp":"2026-07-20 14:08:33"}
{"level":"info","message":{"ip":"::1","method":"GET","url":"/api/v1/admin/monthly-sales"},"service":"purely-ceylon-backend-ecosystem","timestamp":"2026-07-20 14:08:33"}
{"level":"info","message":{"ip":"::1","method":"GET","url":"/api/v1/admin/top-products"},"service":"purely-ceylon-backend-ecosystem","timestamp":"2026-07-20 14:08:33"}
{"level":"info","message":{"ip":"::1","method":"GET","url":"/api/v1/admin/monthly-sales"},"service":"purely-ceylon-backend-ecosystem","timestamp":"2026-07-20 14:08:34"}
{"level":"info","message":{"ip":"::1","method":"GET","url":"/api/v1/admin/top-products"},"service":"purely-ceylon-backend-ecosystem","timestamp":"2026-07-20 14:08:34"}
{"level":"info","message":{"ip":"::1","method":"GET","url":"/api/v1/admin/top-analytics"},"service":"purely-ceylon-backend-ecosystem","timestamp":"2026-07-20 14:08:34"}
{"level":"info","message":{"ip":"::1","method":"GET","url":"/api/v1/admin/top-analytics"},"service":"purely-ceylon-backend-ecosystem","timestamp":"2026-07-20 14:08:34"}
{"level":"info","message":{"ip":"::1","method":"OPTIONS","url":"/api/v1/products?page=1&limit=10"},"service":"purely-ceylon-backend-ecosystem","timestamp":"2026-07-20 14:08:35"}
{"level":"info","message":{"ip":"::1","method":"OPTIONS","url":"/api/v1/categories"},"service":"purely-ceylon-backend-ecosystem","timestamp":"2026-07-20 14:08:35"}
{"level":"info","message":{"ip":"::1","method":"OPTIONS","url":"/api/v1/products?page=1&limit=10"},"service":"purely-ceylon-backend-ecosystem","timestamp":"2026-07-20 14:08:35"}
{"level":"info","message":{"ip":"::1","method":"OPTIONS","url":"/api/v1/categories"},"service":"purely-ceylon-backend-ecosystem","timestamp":"2026-07-20 14:08:35"}
{"level":"info","message":{"ip":"::1","method":"GET","url":"/api/v1/products?page=1&limit=10"},"service":"purely-ceylon-backend-ecosystem","timestamp":"2026-07-20 14:08:35"}
{"level":"info","message":{"ip":"::1","method":"GET","url":"/api/v1/categories"},"service":"purely-ceylon-backend-ecosystem","timestamp":"2026-07-20 14:08:35"}
{"level":"info","message":{"ip":"::1","method":"GET","url":"/api/v1/categories"},"service":"purely-ceylon-backend-ecosystem","timestamp":"2026-07-20 14:08:36"}
{"level":"info","message":{"ip":"::1","method":"GET","url":"/api/v1/products?page=1&limit=10"},"service":"purely-ceylon-backend-ecosystem","timestamp":"2026-07-20 14:08:36"}
{"level":"info","message":{"ip":"::1","method":"OPTIONS","url":"/api/v1/product-images/1d8fe0f2-7188-4c7c-848b-f0d8ed8d451d"},"service":"purely-ceylon-backend-ecosystem","timestamp":"2026-07-20 14:08:48"}
{"level":"info","message":{"ip":"::1","method":"OPTIONS","url":"/api/v1/product-images/1d8fe0f2-7188-4c7c-848b-f0d8ed8d451d"},"service":"purely-ceylon-backend-ecosystem","timestamp":"2026-07-20 14:08:48"}
{"level":"info","message":{"ip":"::1","method":"GET","url":"/api/v1/product-images/1d8fe0f2-7188-4c7c-848b-f0d8ed8d451d"},"service":"purely-ceylon-backend-ecosystem","timestamp":"2026-07-20 14:08:48"}
{"level":"info","message":{"ip":"::1","method":"GET","url":"/api/v1/product-images/1d8fe0f2-7188-4c7c-848b-f0d8ed8d451d"},"service":"purely-ceylon-backend-ecosystem","timestamp":"2026-07-20 14:08:48"}
{"level":"info","message":{"ip":"::1","method":"OPTIONS","url":"/api/v1/products?page=1&limit=10"},"service":"purely-ceylon-backend-ecosystem","timestamp":"2026-07-20 14:08:58"}
{"level":"info","message":{"ip":"::1","method":"OPTIONS","url":"/api/v1/categories"},"service":"purely-ceylon-backend-ecosystem","timestamp":"2026-07-20 14:08:58"}
{"level":"info","message":{"ip":"::1","method":"OPTIONS","url":"/api/v1/products?page=1&limit=10"},"service":"purely-ceylon-backend-ecosystem","timestamp":"2026-07-20 14:08:58"}
{"level":"info","message":{"ip":"::1","method":"OPTIONS","url":"/api/v1/categories"},"service":"purely-ceylon-backend-ecosystem","timestamp":"2026-07-20 14:08:58"}
{"level":"info","message":{"ip":"::1","method":"GET","url":"/api/v1/products?page=1&limit=10"},"service":"purely-ceylon-backend-ecosystem","timestamp":"2026-07-20 14:08:58"}
{"level":"info","message":{"ip":"::1","method":"GET","url":"/api/v1/categories"},"service":"purely-ceylon-backend-ecosystem","timestamp":"2026-07-20 14:08:58"}
{"level":"info","message":{"ip":"::1","method":"GET","url":"/api/v1/categories"},"service":"purely-ceylon-backend-ecosystem","timestamp":"2026-07-20 14:08:58"}
{"level":"info","message":{"ip":"::1","method":"GET","url":"/api/v1/products?page=1&limit=10"},"service":"purely-ceylon-backend-ecosystem","timestamp":"2026-07-20 14:08:58"}
{"level":"info","message":{"ip":"::1","method":"OPTIONS","url":"/api/v1/products/1d8fe0f2-7188-4c7c-848b-f0d8ed8d451d"},"service":"purely-ceylon-backend-ecosystem","timestamp":"2026-07-20 14:09:10"}
{"level":"info","message":{"ip":"::1","method":"OPTIONS","url":"/api/v1/products/1d8fe0f2-7188-4c7c-848b-f0d8ed8d451d"},"service":"purely-ceylon-backend-ecosystem","timestamp":"2026-07-20 14:09:10"}
{"level":"info","message":{"ip":"::1","method":"GET","url":"/api/v1/products/1d8fe0f2-7188-4c7c-848b-f0d8ed8d451d"},"service":"purely-ceylon-backend-ecosystem","timestamp":"2026-07-20 14:09:10"}
{"level":"info","message":{"ip":"::1","method":"GET","url":"/api/v1/products/1d8fe0f2-7188-4c7c-848b-f0d8ed8d451d"},"service":"purely-ceylon-backend-ecosystem","timestamp":"2026-07-20 14:09:10"}
{"level":"info","message":{"ip":"::1","method":"OPTIONS","url":"/api/v1/categories"},"service":"purely-ceylon-backend-ecosystem","timestamp":"2026-07-20 14:09:16"}
{"level":"info","message":{"ip":"::1","method":"OPTIONS","url":"/api/v1/products?page=1&limit=10"},"service":"purely-ceylon-backend-ecosystem","timestamp":"2026-07-20 14:09:16"}
{"level":"info","message":{"ip":"::1","method":"OPTIONS","url":"/api/v1/categories"},"service":"purely-ceylon-backend-ecosystem","timestamp":"2026-07-20 14:09:16"}
{"level":"info","message":{"ip":"::1","method":"OPTIONS","url":"/api/v1/products?page=1&limit=10"},"service":"purely-ceylon-backend-ecosystem","timestamp":"2026-07-20 14:09:16"}
{"level":"info","message":{"ip":"::1","method":"GET","url":"/api/v1/products?page=1&limit=10"},"service":"purely-ceylon-backend-ecosystem","timestamp":"2026-07-20 14:09:16"}
{"level":"info","message":{"ip":"::1","method":"GET","url":"/api/v1/categories"},"service":"purely-ceylon-backend-ecosystem","timestamp":"2026-07-20 14:09:16"}
{"level":"info","message":{"ip":"::1","method":"GET","url":"/api/v1/categories"},"service":"purely-ceylon-backend-ecosystem","timestamp":"2026-07-20 14:09:16"}
{"level":"info","message":{"ip":"::1","method":"GET","url":"/api/v1/products?page=1&limit=10"},"service":"purely-ceylon-backend-ecosystem","timestamp":"2026-07-20 14:09:16"}
{"level":"info","message":{"ip":"::1","method":"OPTIONS","url":"/api/v1/product-images/1d8fe0f2-7188-4c7c-848b-f0d8ed8d451d"},"service":"purely-ceylon-backend-ecosystem","timestamp":"2026-07-20 14:09:31"}
{"level":"info","message":{"ip":"::1","method":"OPTIONS","url":"/api/v1/product-images/1d8fe0f2-7188-4c7c-848b-f0d8ed8d451d"},"service":"purely-ceylon-backend-ecosystem","timestamp":"2026-07-20 14:09:31"}
{"level":"info","message":{"ip":"::1","method":"GET","url":"/api/v1/product-images/1d8fe0f2-7188-4c7c-848b-f0d8ed8d451d"},"service":"purely-ceylon-backend-ecosystem","timestamp":"2026-07-20 14:09:31"}
{"level":"info","message":{"ip":"::1","method":"GET","url":"/api/v1/product-images/1d8fe0f2-7188-4c7c-848b-f0d8ed8d451d"},"service":"purely-ceylon-backend-ecosystem","timestamp":"2026-07-20 14:09:31"}
{"level":"info","message":{"ip":"::1","method":"OPTIONS","url":"/api/v1/product-images/upload"},"service":"purely-ceylon-backend-ecosystem","timestamp":"2026-07-20 14:09:55"}
{"level":"info","message":{"ip":"::1","method":"POST","url":"/api/v1/product-images/upload"},"service":"purely-ceylon-backend-ecosystem","timestamp":"2026-07-20 14:09:56"}
{"context":"Global Error Handler","level":"error","message":"Unexpected field","service":"purely-ceylon-backend-ecosystem","stack":"MulterError: Unexpected field\n    at wrappedFileFilter (C:\\purely-ceylon-ecosystem\\backend\\node_modules\\multer\\index.js:41:19)\n    at Multipart.<anonymous> (C:\\purely-ceylon-ecosystem\\backend\\node_modules\\multer\\lib\\make-middleware.js:193:7)\n    at Multipart.emit (node:events:509:28)\n    at HeaderParser.cb (C:\\purely-ceylon-ecosystem\\backend\\node_modules\\busboy\\lib\\types\\multipart.js:358:14)\n    at HeaderParser.push (C:\\purely-ceylon-ecosystem\\backend\\node_modules\\busboy\\lib\\types\\multipart.js:162:20)\n    at SBMH.ssCb [as _cb] (C:\\purely-ceylon-ecosystem\\backend\\node_modules\\busboy\\lib\\types\\multipart.js:394:37)\n    at feed (C:\\purely-ceylon-ecosystem\\backend\\node_modules\\streamsearch\\lib\\sbmh.js:248:10)\n    at SBMH.push (C:\\purely-ceylon-ecosystem\\backend\\node_modules\\streamsearch\\lib\\sbmh.js:104:16)\n    at Multipart._write (C:\\purely-ceylon-ecosystem\\backend\\node_modules\\busboy\\lib\\types\\multipart.js:567:19)\n    at writeOrBuffer (node:internal/streams/writable:570:12)","timestamp":"2026-07-20 14:09:56"}
{"level":"info","message":"📧 Processing Email Queue","service":"purely-ceylon-backend-ecosystem","timestamp":"2026-07-20 14:10:00"}
{"level":"info","message":{"ip":"::1","method":"OPTIONS","url":"/api/v1/product-images/upload"},"service":"purely-ceylon-backend-ecosystem","timestamp":"2026-07-20 14:10:02"}
{"level":"info","message":{"ip":"::1","method":"POST","url":"/api/v1/product-images/upload"},"service":"purely-ceylon-backend-ecosystem","timestamp":"2026-07-20 14:10:02"}
{"context":"Global Error Handler","level":"error","message":"Unexpected field","service":"purely-ceylon-backend-ecosystem","stack":"MulterError: Unexpected field\n    at wrappedFileFilter (C:\\purely-ceylon-ecosystem\\backend\\node_modules\\multer\\index.js:41:19)\n    at Multipart.<anonymous> (C:\\purely-ceylon-ecosystem\\backend\\node_modules\\multer\\lib\\make-middleware.js:193:7)\n    at Multipart.emit (node:events:509:28)\n    at HeaderParser.cb (C:\\purely-ceylon-ecosystem\\backend\\node_modules\\busboy\\lib\\types\\multipart.js:358:14)\n    at HeaderParser.push (C:\\purely-ceylon-ecosystem\\backend\\node_modules\\busboy\\lib\\types\\multipart.js:162:20)\n    at SBMH.ssCb [as _cb] (C:\\purely-ceylon-ecosystem\\backend\\node_modules\\busboy\\lib\\types\\multipart.js:394:37)\n    at feed (C:\\purely-ceylon-ecosystem\\backend\\node_modules\\streamsearch\\lib\\sbmh.js:248:10)\n    at SBMH.push (C:\\purely-ceylon-ecosystem\\backend\\node_modules\\streamsearch\\lib\\sbmh.js:104:16)\n    at Multipart._write (C:\\purely-ceylon-ecosystem\\backend\\node_modules\\busboy\\lib\\types\\multipart.js:567:19)\n    at writeOrBuffer (node:internal/streams/writable:570:12)","timestamp":"2026-07-20 14:10:03"}
{"level":"info","message":{"ip":"::1","method":"OPTIONS","url":"/api/v1/product-images/upload"},"service":"purely-ceylon-backend-ecosystem","timestamp":"2026-07-20 14:10:25"}
{"level":"info","message":{"ip":"::1","method":"POST","url":"/api/v1/product-images/upload"},"service":"purely-ceylon-backend-ecosystem","timestamp":"2026-07-20 14:10:25"}
{"context":"Global Error Handler","level":"error","message":"Unexpected field","service":"purely-ceylon-backend-ecosystem","stack":"MulterError: Unexpected field\n    at wrappedFileFilter (C:\\purely-ceylon-ecosystem\\backend\\node_modules\\multer\\index.js:41:19)\n    at Multipart.<anonymous> (C:\\purely-ceylon-ecosystem\\backend\\node_modules\\multer\\lib\\make-middleware.js:193:7)\n    at Multipart.emit (node:events:509:28)\n    at HeaderParser.cb (C:\\purely-ceylon-ecosystem\\backend\\node_modules\\busboy\\lib\\types\\multipart.js:358:14)\n    at HeaderParser.push (C:\\purely-ceylon-ecosystem\\backend\\node_modules\\busboy\\lib\\types\\multipart.js:162:20)\n    at SBMH.ssCb [as _cb] (C:\\purely-ceylon-ecosystem\\backend\\node_modules\\busboy\\lib\\types\\multipart.js:394:37)\n    at feed (C:\\purely-ceylon-ecosystem\\backend\\node_modules\\streamsearch\\lib\\sbmh.js:248:10)\n    at SBMH.push (C:\\purely-ceylon-ecosystem\\backend\\node_modules\\streamsearch\\lib\\sbmh.js:104:16)\n    at Multipart._write (C:\\purely-ceylon-ecosystem\\backend\\node_modules\\busboy\\lib\\types\\multipart.js:567:19)\n    at writeOrBuffer (node:internal/streams/writable:570:12)","timestamp":"2026-07-20 14:10:25"}
{"level":"info","message":{"ip":"::1","method":"OPTIONS","url":"/api/v1/product-images/upload"},"service":"purely-ceylon-backend-ecosystem","timestamp":"2026-07-20 14:10:38"}
{"level":"info","message":{"ip":"::1","method":"POST","url":"/api/v1/product-images/upload"},"service":"purely-ceylon-backend-ecosystem","timestamp":"2026-07-20 14:10:38"}
{"context":"Global Error Handler","level":"error","message":"Unexpected field","service":"purely-ceylon-backend-ecosystem","stack":"MulterError: Unexpected field\n    at wrappedFileFilter (C:\\purely-ceylon-ecosystem\\backend\\node_modules\\multer\\index.js:41:19)\n    at Multipart.<anonymous> (C:\\purely-ceylon-ecosystem\\backend\\node_modules\\multer\\lib\\make-middleware.js:193:7)\n    at Multipart.emit (node:events:509:28)\n    at HeaderParser.cb (C:\\purely-ceylon-ecosystem\\backend\\node_modules\\busboy\\lib\\types\\multipart.js:358:14)\n    at HeaderParser.push (C:\\purely-ceylon-ecosystem\\backend\\node_modules\\busboy\\lib\\types\\multipart.js:162:20)\n    at SBMH.ssCb [as _cb] (C:\\purely-ceylon-ecosystem\\backend\\node_modules\\busboy\\lib\\types\\multipart.js:394:37)\n    at feed (C:\\purely-ceylon-ecosystem\\backend\\node_modules\\streamsearch\\lib\\sbmh.js:248:10)\n    at SBMH.push (C:\\purely-ceylon-ecosystem\\backend\\node_modules\\streamsearch\\lib\\sbmh.js:104:16)\n    at Multipart._write (C:\\purely-ceylon-ecosystem\\backend\\node_modules\\busboy\\lib\\types\\multipart.js:567:19)\n    at writeOrBuffer (node:internal/streams/writable:570:12)","timestamp":"2026-07-20 14:10:38"}
{"level":"info","message":"📧 Processing Email Queue","service":"purely-ceylon-backend-ecosystem","timestamp":"2026-07-20 14:15:00"}
{"level":"info","message":"📧 Processing Email Queue","service":"purely-ceylon-backend-ecosystem","timestamp":"2026-07-20 14:20:00"}
{"level":"info","message":{"ip":"::1","method":"OPTIONS","url":"/api/v1/product-images/upload"},"service":"purely-ceylon-backend-ecosystem","timestamp":"2026-07-20 14:23:58"}
{"level":"info","message":{"ip":"::1","method":"POST","url":"/api/v1/product-images/upload"},"service":"purely-ceylon-backend-ecosystem","timestamp":"2026-07-20 14:23:58"}
{"context":"Global Error Handler","level":"error","message":"Unexpected field","service":"purely-ceylon-backend-ecosystem","stack":"MulterError: Unexpected field\n    at wrappedFileFilter (C:\\purely-ceylon-ecosystem\\backend\\node_modules\\multer\\index.js:41:19)\n    at Multipart.<anonymous> (C:\\purely-ceylon-ecosystem\\backend\\node_modules\\multer\\lib\\make-middleware.js:193:7)\n    at Multipart.emit (node:events:509:28)\n    at HeaderParser.cb (C:\\purely-ceylon-ecosystem\\backend\\node_modules\\busboy\\lib\\types\\multipart.js:358:14)\n    at HeaderParser.push (C:\\purely-ceylon-ecosystem\\backend\\node_modules\\busboy\\lib\\types\\multipart.js:162:20)\n    at SBMH.ssCb [as _cb] (C:\\purely-ceylon-ecosystem\\backend\\node_modules\\busboy\\lib\\types\\multipart.js:394:37)\n    at feed (C:\\purely-ceylon-ecosystem\\backend\\node_modules\\streamsearch\\lib\\sbmh.js:248:10)\n    at SBMH.push (C:\\purely-ceylon-ecosystem\\backend\\node_modules\\streamsearch\\lib\\sbmh.js:104:16)\n    at Multipart._write (C:\\purely-ceylon-ecosystem\\backend\\node_modules\\busboy\\lib\\types\\multipart.js:567:19)\n    at writeOrBuffer (node:internal/streams/writable:570:12)","timestamp":"2026-07-20 14:23:59"}
{"level":"info","message":{"ip":"::1","method":"OPTIONS","url":"/api/v1/address"},"service":"purely-ceylon-backend-ecosystem","timestamp":"2026-07-20 14:24:08"}
{"level":"info","message":{"ip":"::1","method":"OPTIONS","url":"/api/v1/wishlist"},"service":"purely-ceylon-backend-ecosystem","timestamp":"2026-07-20 14:24:08"}
{"level":"info","message":{"ip":"::1","method":"OPTIONS","url":"/api/v1/product-images/1d8fe0f2-7188-4c7c-848b-f0d8ed8d451d"},"service":"purely-ceylon-backend-ecosystem","timestamp":"2026-07-20 14:24:08"}
{"level":"info","message":{"ip":"::1","method":"OPTIONS","url":"/api/v1/product-images/1d8fe0f2-7188-4c7c-848b-f0d8ed8d451d"},"service":"purely-ceylon-backend-ecosystem","timestamp":"2026-07-20 14:24:09"}
{"level":"info","message":{"ip":"::1","method":"OPTIONS","url":"/api/v1/wishlist"},"service":"purely-ceylon-backend-ecosystem","timestamp":"2026-07-20 14:24:09"}
{"level":"info","message":{"ip":"::1","method":"OPTIONS","url":"/api/v1/cart"},"service":"purely-ceylon-backend-ecosystem","timestamp":"2026-07-20 14:24:09"}
{"level":"info","message":{"ip":"::ffff:127.0.0.1","method":"OPTIONS","url":"/api/v1/address"},"service":"purely-ceylon-backend-ecosystem","timestamp":"2026-07-20 14:24:09"}
{"level":"info","message":{"ip":"::ffff:127.0.0.1","method":"OPTIONS","url":"/api/v1/cart"},"service":"purely-ceylon-backend-ecosystem","timestamp":"2026-07-20 14:24:09"}
{"level":"info","message":{"ip":"::1","method":"GET","url":"/api/v1/address"},"service":"purely-ceylon-backend-ecosystem","timestamp":"2026-07-20 14:24:09"}
{"level":"info","message":{"ip":"::1","method":"GET","url":"/api/v1/wishlist"},"service":"purely-ceylon-backend-ecosystem","timestamp":"2026-07-20 14:24:10"}
{"level":"info","message":{"ip":"::1","method":"GET","url":"/api/v1/product-images/1d8fe0f2-7188-4c7c-848b-f0d8ed8d451d"},"service":"purely-ceylon-backend-ecosystem","timestamp":"2026-07-20 14:24:12"}
{"level":"info","message":{"ip":"::ffff:127.0.0.1","method":"OPTIONS","url":"/api/v1/profile/me"},"service":"purely-ceylon-backend-ecosystem","timestamp":"2026-07-20 14:24:12"}
{"level":"info","message":{"ip":"::ffff:127.0.0.1","method":"OPTIONS","url":"/api/v1/profile/me"},"service":"purely-ceylon-backend-ecosystem","timestamp":"2026-07-20 14:24:12"}
{"level":"info","message":{"ip":"::1","method":"OPTIONS","url":"/api/v1/orders/my-orders"},"service":"purely-ceylon-backend-ecosystem","timestamp":"2026-07-20 14:24:12"}
{"level":"info","message":{"ip":"::1","method":"OPTIONS","url":"/api/v1/orders/my-orders"},"service":"purely-ceylon-backend-ecosystem","timestamp":"2026-07-20 14:24:12"}
{"level":"info","message":{"ip":"::1","method":"GET","url":"/api/v1/cart"},"service":"purely-ceylon-backend-ecosystem","timestamp":"2026-07-20 14:24:12"}
{"level":"info","message":{"ip":"::ffff:127.0.0.1","method":"GET","url":"/api/v1/profile/me"},"service":"purely-ceylon-backend-ecosystem","timestamp":"2026-07-20 14:24:14"}
{"level":"info","message":{"ip":"::1","method":"GET","url":"/api/v1/orders/my-orders"},"service":"purely-ceylon-backend-ecosystem","timestamp":"2026-07-20 14:24:15"}
{"level":"info","message":{"ip":"::1","method":"GET","url":"/api/v1/product-images/1d8fe0f2-7188-4c7c-848b-f0d8ed8d451d"},"service":"purely-ceylon-backend-ecosystem","timestamp":"2026-07-20 14:24:16"}
{"level":"info","message":{"ip":"::1","method":"GET","url":"/api/v1/wishlist"},"service":"purely-ceylon-backend-ecosystem","timestamp":"2026-07-20 14:24:16"}
{"level":"info","message":{"ip":"::1","method":"GET","url":"/api/v1/address"},"service":"purely-ceylon-backend-ecosystem","timestamp":"2026-07-20 14:24:16"}
{"level":"info","message":{"ip":"::1","method":"GET","url":"/api/v1/cart"},"service":"purely-ceylon-backend-ecosystem","timestamp":"2026-07-20 14:24:17"}
{"level":"info","message":{"ip":"::ffff:127.0.0.1","method":"GET","url":"/api/v1/profile/me"},"service":"purely-ceylon-backend-ecosystem","timestamp":"2026-07-20 14:24:18"}
{"level":"info","message":{"ip":"::1","method":"GET","url":"/api/v1/wishlist"},"service":"purely-ceylon-backend-ecosystem","timestamp":"2026-07-20 14:24:18"}
{"level":"info","message":{"ip":"::1","method":"GET","url":"/api/v1/orders/my-orders"},"service":"purely-ceylon-backend-ecosystem","timestamp":"2026-07-20 14:24:18"}
{"level":"info","message":{"ip":"::1","method":"GET","url":"/api/v1/cart"},"service":"purely-ceylon-backend-ecosystem","timestamp":"2026-07-20 14:24:19"}
{"level":"info","message":{"ip":"::1","method":"GET","url":"/api/v1/address"},"service":"purely-ceylon-backend-ecosystem","timestamp":"2026-07-20 14:24:19"}
{"level":"info","message":{"ip":"::1","method":"GET","url":"/api/v1/wishlist"},"service":"purely-ceylon-backend-ecosystem","timestamp":"2026-07-20 14:24:19"}
{"level":"info","message":{"ip":"::1","method":"GET","url":"/api/v1/cart"},"service":"purely-ceylon-backend-ecosystem","timestamp":"2026-07-20 14:24:20"}
{"level":"info","message":{"ip":"::1","method":"GET","url":"/api/v1/address"},"service":"purely-ceylon-backend-ecosystem","timestamp":"2026-07-20 14:24:20"}
{"level":"info","message":{"ip":"::ffff:127.0.0.1","method":"OPTIONS","url":"/api/v1/auth/login"},"service":"purely-ceylon-backend-ecosystem","timestamp":"2026-07-20 14:24:21"}
{"level":"info","message":{"ip":"::1","method":"POST","url":"/api/v1/auth/login"},"service":"purely-ceylon-backend-ecosystem","timestamp":"2026-07-20 14:24:21"}
{"level":"info","message":{"email":"musabhafiz995@gmail.com","event":"LOGIN_SUCCESS"},"service":"purely-ceylon-backend-ecosystem","timestamp":"2026-07-20 14:24:22"}
{"level":"info","message":{"ip":"::ffff:127.0.0.1","method":"OPTIONS","url":"/api/v1/profile/me"},"service":"purely-ceylon-backend-ecosystem","timestamp":"2026-07-20 14:24:24"}
{"level":"info","message":{"ip":"::ffff:127.0.0.1","method":"GET","url":"/api/v1/profile/me"},"service":"purely-ceylon-backend-ecosystem","timestamp":"2026-07-20 14:24:25"}
{"level":"info","message":{"ip":"::1","method":"OPTIONS","url":"/api/v1/cart"},"service":"purely-ceylon-backend-ecosystem","timestamp":"2026-07-20 14:24:25"}
{"level":"info","message":{"ip":"::1","method":"OPTIONS","url":"/api/v1/wishlist"},"service":"purely-ceylon-backend-ecosystem","timestamp":"2026-07-20 14:24:25"}
{"level":"info","message":{"ip":"::1","method":"OPTIONS","url":"/api/v1/orders/admin/dashboard"},"service":"purely-ceylon-backend-ecosystem","timestamp":"2026-07-20 14:24:26"}
{"level":"info","message":{"ip":"::1","method":"OPTIONS","url":"/api/v1/orders/admin/dashboard"},"service":"purely-ceylon-backend-ecosystem","timestamp":"2026-07-20 14:24:26"}
{"level":"info","message":{"ip":"::1","method":"GET","url":"/api/v1/cart"},"service":"purely-ceylon-backend-ecosystem","timestamp":"2026-07-20 14:24:26"}
{"level":"info","message":{"ip":"::1","method":"GET","url":"/api/v1/wishlist"},"service":"purely-ceylon-backend-ecosystem","timestamp":"2026-07-20 14:24:26"}
{"level":"info","message":{"ip":"::1","method":"GET","url":"/api/v1/orders/admin/dashboard"},"service":"purely-ceylon-backend-ecosystem","timestamp":"2026-07-20 14:24:26"}
{"level":"info","message":{"ip":"::1","method":"GET","url":"/api/v1/orders/admin/dashboard"},"service":"purely-ceylon-backend-ecosystem","timestamp":"2026-07-20 14:24:26"}
{"level":"info","message":{"ip":"::ffff:127.0.0.1","method":"OPTIONS","url":"/api/v1/admin/monthly-sales"},"service":"purely-ceylon-backend-ecosystem","timestamp":"2026-07-20 14:24:26"}
{"level":"info","message":{"ip":"::1","method":"OPTIONS","url":"/api/v1/admin/top-products"},"service":"purely-ceylon-backend-ecosystem","timestamp":"2026-07-20 14:24:26"}
{"level":"info","message":{"ip":"::ffff:127.0.0.1","method":"GET","url":"/api/v1/admin/monthly-sales"},"service":"purely-ceylon-backend-ecosystem","timestamp":"2026-07-20 14:24:26"}
{"level":"info","message":{"ip":"::1","method":"GET","url":"/api/v1/admin/top-products"},"service":"purely-ceylon-backend-ecosystem","timestamp":"2026-07-20 14:24:27"}
{"level":"info","message":{"ip":"::1","method":"GET","url":"/api/v1/admin/top-products"},"service":"purely-ceylon-backend-ecosystem","timestamp":"2026-07-20 14:24:27"}
{"level":"info","message":{"ip":"::ffff:127.0.0.1","method":"GET","url":"/api/v1/admin/monthly-sales"},"service":"purely-ceylon-backend-ecosystem","timestamp":"2026-07-20 14:24:27"}
{"level":"info","message":{"ip":"::1","method":"GET","url":"/api/v1/admin/top-analytics"},"service":"purely-ceylon-backend-ecosystem","timestamp":"2026-07-20 14:24:27"}
{"level":"info","message":{"ip":"::ffff:127.0.0.1","method":"GET","url":"/api/v1/admin/top-analytics"},"service":"purely-ceylon-backend-ecosystem","timestamp":"2026-07-20 14:24:27"}
{"level":"info","message":{"ip":"::ffff:127.0.0.1","method":"OPTIONS","url":"/api/v1/products?page=1&limit=10"},"service":"purely-ceylon-backend-ecosystem","timestamp":"2026-07-20 14:24:29"}
{"level":"info","message":{"ip":"::1","method":"OPTIONS","url":"/api/v1/categories"},"service":"purely-ceylon-backend-ecosystem","timestamp":"2026-07-20 14:24:29"}
{"level":"info","message":{"ip":"::1","method":"OPTIONS","url":"/api/v1/products?page=1&limit=10"},"service":"purely-ceylon-backend-ecosystem","timestamp":"2026-07-20 14:24:29"}
{"level":"info","message":{"ip":"::1","method":"OPTIONS","url":"/api/v1/categories"},"service":"purely-ceylon-backend-ecosystem","timestamp":"2026-07-20 14:24:29"}
{"level":"info","message":{"ip":"::1","method":"GET","url":"/api/v1/products?page=1&limit=10"},"service":"purely-ceylon-backend-ecosystem","timestamp":"2026-07-20 14:24:29"}
{"level":"info","message":{"ip":"::1","method":"GET","url":"/api/v1/categories"},"service":"purely-ceylon-backend-ecosystem","timestamp":"2026-07-20 14:24:29"}
{"level":"info","message":{"ip":"::1","method":"GET","url":"/api/v1/categories"},"service":"purely-ceylon-backend-ecosystem","timestamp":"2026-07-20 14:24:30"}
{"level":"info","message":{"ip":"::1","method":"GET","url":"/api/v1/products?page=1&limit=10"},"service":"purely-ceylon-backend-ecosystem","timestamp":"2026-07-20 14:24:30"}
{"level":"info","message":{"ip":"::1","method":"OPTIONS","url":"/api/v1/product-images/1d8fe0f2-7188-4c7c-848b-f0d8ed8d451d"},"service":"purely-ceylon-backend-ecosystem","timestamp":"2026-07-20 14:24:32"}
{"level":"info","message":{"ip":"::1","method":"OPTIONS","url":"/api/v1/product-images/1d8fe0f2-7188-4c7c-848b-f0d8ed8d451d"},"service":"purely-ceylon-backend-ecosystem","timestamp":"2026-07-20 14:24:32"}
{"level":"info","message":{"ip":"::1","method":"GET","url":"/api/v1/product-images/1d8fe0f2-7188-4c7c-848b-f0d8ed8d451d"},"service":"purely-ceylon-backend-ecosystem","timestamp":"2026-07-20 14:24:32"}
{"level":"info","message":{"ip":"::1","method":"GET","url":"/api/v1/product-images/1d8fe0f2-7188-4c7c-848b-f0d8ed8d451d"},"service":"purely-ceylon-backend-ecosystem","timestamp":"2026-07-20 14:24:33"}
{"level":"info","message":{"ip":"::1","method":"OPTIONS","url":"/api/v1/product-images/upload"},"service":"purely-ceylon-backend-ecosystem","timestamp":"2026-07-20 14:24:44"}
{"level":"info","message":{"ip":"::1","method":"POST","url":"/api/v1/product-images/upload"},"service":"purely-ceylon-backend-ecosystem","timestamp":"2026-07-20 14:24:45"}
{"level":"info","message":"📧 Processing Email Queue","service":"purely-ceylon-backend-ecosystem","timestamp":"2026-07-20 14:25:00"}
{"level":"info","message":{"ip":"::1","method":"OPTIONS","url":"/api/v1/product-images/upload"},"service":"purely-ceylon-backend-ecosystem","timestamp":"2026-07-20 14:25:11"}
{"level":"info","message":{"ip":"::1","method":"POST","url":"/api/v1/product-images/upload"},"service":"purely-ceylon-backend-ecosystem","timestamp":"2026-07-20 14:25:11"}
{"level":"info","message":{"ip":"::1","method":"OPTIONS","url":"/api/v1/product-images/1d8fe0f2-7188-4c7c-848b-f0d8ed8d451d"},"service":"purely-ceylon-backend-ecosystem","timestamp":"2026-07-20 14:25:18"}
{"level":"info","message":{"ip":"::1","method":"GET","url":"/api/v1/product-images/1d8fe0f2-7188-4c7c-848b-f0d8ed8d451d"},"service":"purely-ceylon-backend-ecosystem","timestamp":"2026-07-20 14:25:18"}
{"level":"info","message":{"ip":"::1","method":"OPTIONS","url":"/api/v1/product-images/c1e46691-3547-4094-a47d-fb25d71b2cff/primary"},"service":"purely-ceylon-backend-ecosystem","timestamp":"2026-07-20 14:25:26"}
{"level":"info","message":{"ip":"::1","method":"PUT","url":"/api/v1/product-images/c1e46691-3547-4094-a47d-fb25d71b2cff/primary"},"service":"purely-ceylon-backend-ecosystem","timestamp":"2026-07-20 14:25:26"}
{"level":"info","message":{"ip":"::1","method":"OPTIONS","url":"/api/v1/product-images/1d8fe0f2-7188-4c7c-848b-f0d8ed8d451d"},"service":"purely-ceylon-backend-ecosystem","timestamp":"2026-07-20 14:25:27"}
{"level":"info","message":{"ip":"::1","method":"GET","url":"/api/v1/product-images/1d8fe0f2-7188-4c7c-848b-f0d8ed8d451d"},"service":"purely-ceylon-backend-ecosystem","timestamp":"2026-07-20 14:25:27"}
{"level":"info","message":{"ip":"::1","method":"OPTIONS","url":"/api/v1/orders/admin/dashboard"},"service":"purely-ceylon-backend-ecosystem","timestamp":"2026-07-20 14:25:41"}
{"level":"info","message":{"ip":"::1","method":"OPTIONS","url":"/api/v1/orders/admin/dashboard"},"service":"purely-ceylon-backend-ecosystem","timestamp":"2026-07-20 14:25:41"}
{"level":"info","message":{"ip":"::1","method":"GET","url":"/api/v1/orders/admin/dashboard"},"service":"purely-ceylon-backend-ecosystem","timestamp":"2026-07-20 14:25:41"}
{"level":"info","message":{"ip":"::1","method":"OPTIONS","url":"/api/v1/admin/monthly-sales"},"service":"purely-ceylon-backend-ecosystem","timestamp":"2026-07-20 14:25:41"}
{"level":"info","message":{"ip":"::1","method":"OPTIONS","url":"/api/v1/admin/top-products"},"service":"purely-ceylon-backend-ecosystem","timestamp":"2026-07-20 14:25:42"}
{"level":"info","message":{"ip":"::1","method":"GET","url":"/api/v1/orders/admin/dashboard"},"service":"purely-ceylon-backend-ecosystem","timestamp":"2026-07-20 14:25:42"}
{"level":"info","message":{"ip":"::1","method":"GET","url":"/api/v1/admin/monthly-sales"},"service":"purely-ceylon-backend-ecosystem","timestamp":"2026-07-20 14:25:42"}
{"level":"info","message":{"ip":"::1","method":"GET","url":"/api/v1/admin/top-products"},"service":"purely-ceylon-backend-ecosystem","timestamp":"2026-07-20 14:25:42"}
{"level":"info","message":{"ip":"::1","method":"GET","url":"/api/v1/admin/top-analytics"},"service":"purely-ceylon-backend-ecosystem","timestamp":"2026-07-20 14:25:42"}
{"level":"info","message":{"ip":"::1","method":"GET","url":"/api/v1/admin/monthly-sales"},"service":"purely-ceylon-backend-ecosystem","timestamp":"2026-07-20 14:25:43"}
{"level":"info","message":{"ip":"::1","method":"GET","url":"/api/v1/admin/top-products"},"service":"purely-ceylon-backend-ecosystem","timestamp":"2026-07-20 14:25:43"}
{"level":"info","message":{"ip":"::1","method":"GET","url":"/api/v1/admin/top-analytics"},"service":"purely-ceylon-backend-ecosystem","timestamp":"2026-07-20 14:25:43"}
{"level":"info","message":{"ip":"::1","method":"OPTIONS","url":"/api/v1/products?page=1&limit=10"},"service":"purely-ceylon-backend-ecosystem","timestamp":"2026-07-20 14:25:44"}
{"level":"info","message":{"ip":"::1","method":"OPTIONS","url":"/api/v1/categories"},"service":"purely-ceylon-backend-ecosystem","timestamp":"2026-07-20 14:25:44"}
{"level":"info","message":{"ip":"::1","method":"OPTIONS","url":"/api/v1/products?page=1&limit=10"},"service":"purely-ceylon-backend-ecosystem","timestamp":"2026-07-20 14:25:44"}
{"level":"info","message":{"ip":"::1","method":"OPTIONS","url":"/api/v1/categories"},"service":"purely-ceylon-backend-ecosystem","timestamp":"2026-07-20 14:25:44"}
{"level":"info","message":{"ip":"::1","method":"GET","url":"/api/v1/products?page=1&limit=10"},"service":"purely-ceylon-backend-ecosystem","timestamp":"2026-07-20 14:25:44"}
{"level":"info","message":{"ip":"::1","method":"GET","url":"/api/v1/categories"},"service":"purely-ceylon-backend-ecosystem","timestamp":"2026-07-20 14:25:44"}
{"level":"info","message":{"ip":"::1","method":"GET","url":"/api/v1/categories"},"service":"purely-ceylon-backend-ecosystem","timestamp":"2026-07-20 14:25:44"}
{"level":"info","message":{"ip":"::1","method":"GET","url":"/api/v1/products?page=1&limit=10"},"service":"purely-ceylon-backend-ecosystem","timestamp":"2026-07-20 14:25:45"}
{"level":"info","message":{"ip":"::1","method":"OPTIONS","url":"/api/v1/products/1d8fe0f2-7188-4c7c-848b-f0d8ed8d451d"},"service":"purely-ceylon-backend-ecosystem","timestamp":"2026-07-20 14:25:50"}
{"level":"info","message":{"ip":"::1","method":"OPTIONS","url":"/api/v1/products/1d8fe0f2-7188-4c7c-848b-f0d8ed8d451d"},"service":"purely-ceylon-backend-ecosystem","timestamp":"2026-07-20 14:25:50"}
{"level":"info","message":{"ip":"::1","method":"GET","url":"/api/v1/products/1d8fe0f2-7188-4c7c-848b-f0d8ed8d451d"},"service":"purely-ceylon-backend-ecosystem","timestamp":"2026-07-20 14:25:50"}
{"level":"info","message":{"ip":"::1","method":"GET","url":"/api/v1/products/1d8fe0f2-7188-4c7c-848b-f0d8ed8d451d"},"service":"purely-ceylon-backend-ecosystem","timestamp":"2026-07-20 14:25:51"}
{"level":"info","message":{"ip":"::1","method":"OPTIONS","url":"/api/v1/products/1d8fe0f2-7188-4c7c-848b-f0d8ed8d451d"},"service":"purely-ceylon-backend-ecosystem","timestamp":"2026-07-20 14:25:55"}
{"level":"info","message":{"ip":"::1","method":"PUT","url":"/api/v1/products/1d8fe0f2-7188-4c7c-848b-f0d8ed8d451d"},"service":"purely-ceylon-backend-ecosystem","timestamp":"2026-07-20 14:25:55"}
{"level":"info","message":{"ip":"::1","method":"OPTIONS","url":"/api/v1/products?page=1&limit=10"},"service":"purely-ceylon-backend-ecosystem","timestamp":"2026-07-20 14:25:55"}
{"level":"info","message":{"ip":"::1","method":"OPTIONS","url":"/api/v1/categories"},"service":"purely-ceylon-backend-ecosystem","timestamp":"2026-07-20 14:25:55"}
{"level":"info","message":{"ip":"::1","method":"OPTIONS","url":"/api/v1/products?page=1&limit=10"},"service":"purely-ceylon-backend-ecosystem","timestamp":"2026-07-20 14:25:55"}
{"level":"info","message":{"ip":"::1","method":"OPTIONS","url":"/api/v1/categories"},"service":"purely-ceylon-backend-ecosystem","timestamp":"2026-07-20 14:25:55"}
{"level":"info","message":{"ip":"::1","method":"GET","url":"/api/v1/products?page=1&limit=10"},"service":"purely-ceylon-backend-ecosystem","timestamp":"2026-07-20 14:25:56"}
{"level":"info","message":{"ip":"::1","method":"GET","url":"/api/v1/categories"},"service":"purely-ceylon-backend-ecosystem","timestamp":"2026-07-20 14:25:56"}
{"level":"info","message":{"ip":"::1","method":"GET","url":"/api/v1/categories"},"service":"purely-ceylon-backend-ecosystem","timestamp":"2026-07-20 14:25:56"}
{"level":"info","message":{"ip":"::1","method":"GET","url":"/api/v1/products?page=1&limit=10"},"service":"purely-ceylon-backend-ecosystem","timestamp":"2026-07-20 14:25:56"}
{"level":"info","message":{"ip":"::1","method":"OPTIONS","url":"/api/v1/profile/me"},"service":"purely-ceylon-backend-ecosystem","timestamp":"2026-07-20 14:25:59"}
{"level":"info","message":{"ip":"::1","method":"OPTIONS","url":"/api/v1/profile/me"},"service":"purely-ceylon-backend-ecosystem","timestamp":"2026-07-20 14:25:59"}
{"level":"info","message":{"ip":"::1","method":"OPTIONS","url":"/api/v1/cart"},"service":"purely-ceylon-backend-ecosystem","timestamp":"2026-07-20 14:25:59"}
{"level":"info","message":{"ip":"::1","method":"OPTIONS","url":"/api/v1/wishlist"},"service":"purely-ceylon-backend-ecosystem","timestamp":"2026-07-20 14:25:59"}
{"level":"info","message":{"ip":"::1","method":"OPTIONS","url":"/api/v1/cart"},"service":"purely-ceylon-backend-ecosystem","timestamp":"2026-07-20 14:25:59"}
{"level":"info","message":{"ip":"::1","method":"OPTIONS","url":"/api/v1/wishlist"},"service":"purely-ceylon-backend-ecosystem","timestamp":"2026-07-20 14:25:59"}
{"level":"info","message":{"ip":"::1","method":"GET","url":"/api/v1/products/1d8fe0f2-7188-4c7c-848b-f0d8ed8d451d"},"service":"purely-ceylon-backend-ecosystem","timestamp":"2026-07-20 14:25:59"}
{"level":"info","message":{"ip":"::1","method":"GET","url":"/api/v1/profile/me"},"service":"purely-ceylon-backend-ecosystem","timestamp":"2026-07-20 14:25:59"}
{"level":"info","message":{"ip":"::1","method":"GET","url":"/api/v1/cart"},"service":"purely-ceylon-backend-ecosystem","timestamp":"2026-07-20 14:25:59"}
{"level":"info","message":{"ip":"::1","method":"GET","url":"/api/v1/wishlist"},"service":"purely-ceylon-backend-ecosystem","timestamp":"2026-07-20 14:25:59"}
{"level":"info","message":{"ip":"::1","method":"GET","url":"/api/v1/profile/me"},"service":"purely-ceylon-backend-ecosystem","timestamp":"2026-07-20 14:26:00"}
{"level":"info","message":{"ip":"::1","method":"GET","url":"/api/v1/cart"},"service":"purely-ceylon-backend-ecosystem","timestamp":"2026-07-20 14:26:00"}
{"level":"info","message":{"ip":"::1","method":"GET","url":"/api/v1/wishlist"},"service":"purely-ceylon-backend-ecosystem","timestamp":"2026-07-20 14:26:00"}
{"level":"info","message":{"ip":"::1","method":"OPTIONS","url":"/api/v1/reviews/1d8fe0f2-7188-4c7c-848b-f0d8ed8d451d"},"service":"purely-ceylon-backend-ecosystem","timestamp":"2026-07-20 14:26:00"}
{"level":"info","message":{"ip":"::1","method":"GET","url":"/api/v1/products/1d8fe0f2-7188-4c7c-848b-f0d8ed8d451d"},"service":"purely-ceylon-backend-ecosystem","timestamp":"2026-07-20 14:26:00"}
{"level":"info","message":{"ip":"::1","method":"GET","url":"/api/v1/reviews/1d8fe0f2-7188-4c7c-848b-f0d8ed8d451d"},"service":"purely-ceylon-backend-ecosystem","timestamp":"2026-07-20 14:26:00"}
{"level":"info","message":{"ip":"::1","method":"GET","url":"/api/v1/reviews/1d8fe0f2-7188-4c7c-848b-f0d8ed8d451d"},"service":"purely-ceylon-backend-ecosystem","timestamp":"2026-07-20 14:26:00"}
{"level":"info","message":{"ip":"::1","method":"OPTIONS","url":"/api/v1/questions/1d8fe0f2-7188-4c7c-848b-f0d8ed8d451d"},"service":"purely-ceylon-backend-ecosystem","timestamp":"2026-07-20 14:26:00"}
{"level":"info","message":{"ip":"::1","method":"GET","url":"/api/v1/questions/1d8fe0f2-7188-4c7c-848b-f0d8ed8d451d"},"service":"purely-ceylon-backend-ecosystem","timestamp":"2026-07-20 14:26:00"}
{"level":"info","message":{"ip":"::1","method":"GET","url":"/api/v1/questions/1d8fe0f2-7188-4c7c-848b-f0d8ed8d451d"},"service":"purely-ceylon-backend-ecosystem","timestamp":"2026-07-20 14:26:01"}
{"level":"info","message":{"ip":"::1","method":"OPTIONS","url":"/api/v1/products?page=1&limit=10"},"service":"purely-ceylon-backend-ecosystem","timestamp":"2026-07-20 14:26:13"}
{"level":"info","message":{"ip":"::1","method":"OPTIONS","url":"/api/v1/categories"},"service":"purely-ceylon-backend-ecosystem","timestamp":"2026-07-20 14:26:13"}
{"level":"info","message":{"ip":"::1","method":"OPTIONS","url":"/api/v1/products?page=1&limit=10"},"service":"purely-ceylon-backend-ecosystem","timestamp":"2026-07-20 14:26:13"}
{"level":"info","message":{"ip":"::1","method":"OPTIONS","url":"/api/v1/categories"},"service":"purely-ceylon-backend-ecosystem","timestamp":"2026-07-20 14:26:13"}
{"level":"info","message":{"ip":"::1","method":"GET","url":"/api/v1/products?page=1&limit=10"},"service":"purely-ceylon-backend-ecosystem","timestamp":"2026-07-20 14:26:13"}
{"level":"info","message":{"ip":"::1","method":"GET","url":"/api/v1/categories"},"service":"purely-ceylon-backend-ecosystem","timestamp":"2026-07-20 14:26:13"}
{"level":"info","message":{"ip":"::1","method":"GET","url":"/api/v1/categories"},"service":"purely-ceylon-backend-ecosystem","timestamp":"2026-07-20 14:26:13"}
{"level":"info","message":{"ip":"::1","method":"GET","url":"/api/v1/products?page=1&limit=10"},"service":"purely-ceylon-backend-ecosystem","timestamp":"2026-07-20 14:26:13"}
{"level":"info","message":{"ip":"::1","method":"OPTIONS","url":"/api/v1/profile/me"},"service":"purely-ceylon-backend-ecosystem","timestamp":"2026-07-20 14:26:16"}
{"level":"info","message":{"ip":"::1","method":"OPTIONS","url":"/api/v1/profile/me"},"service":"purely-ceylon-backend-ecosystem","timestamp":"2026-07-20 14:26:16"}
{"level":"info","message":{"ip":"::1","method":"OPTIONS","url":"/api/v1/cart"},"service":"purely-ceylon-backend-ecosystem","timestamp":"2026-07-20 14:26:16"}
{"level":"info","message":{"ip":"::1","method":"OPTIONS","url":"/api/v1/wishlist"},"service":"purely-ceylon-backend-ecosystem","timestamp":"2026-07-20 14:26:16"}
{"level":"info","message":{"ip":"::1","method":"GET","url":"/api/v1/profile/me"},"service":"purely-ceylon-backend-ecosystem","timestamp":"2026-07-20 14:26:16"}
{"level":"info","message":{"ip":"::1","method":"OPTIONS","url":"/api/v1/products/241b18ad-3551-46d8-af5c-aa3140abdedd"},"service":"purely-ceylon-backend-ecosystem","timestamp":"2026-07-20 14:26:17"}
{"level":"info","message":{"ip":"::1","method":"OPTIONS","url":"/api/v1/cart"},"service":"purely-ceylon-backend-ecosystem","timestamp":"2026-07-20 14:26:17"}
{"level":"info","message":{"ip":"::1","method":"OPTIONS","url":"/api/v1/wishlist"},"service":"purely-ceylon-backend-ecosystem","timestamp":"2026-07-20 14:26:17"}
{"level":"info","message":{"ip":"::1","method":"OPTIONS","url":"/api/v1/products/241b18ad-3551-46d8-af5c-aa3140abdedd"},"service":"purely-ceylon-backend-ecosystem","timestamp":"2026-07-20 14:26:17"}
{"level":"info","message":{"ip":"::1","method":"GET","url":"/api/v1/cart"},"service":"purely-ceylon-backend-ecosystem","timestamp":"2026-07-20 14:26:17"}
{"level":"info","message":{"ip":"::1","method":"GET","url":"/api/v1/wishlist"},"service":"purely-ceylon-backend-ecosystem","timestamp":"2026-07-20 14:26:17"}
{"level":"info","message":{"ip":"::1","method":"GET","url":"/api/v1/products/241b18ad-3551-46d8-af5c-aa3140abdedd"},"service":"purely-ceylon-backend-ecosystem","timestamp":"2026-07-20 14:26:17"}
{"level":"info","message":{"ip":"::1","method":"GET","url":"/api/v1/profile/me"},"service":"purely-ceylon-backend-ecosystem","timestamp":"2026-07-20 14:26:17"}
{"level":"info","message":{"ip":"::1","method":"GET","url":"/api/v1/cart"},"service":"purely-ceylon-backend-ecosystem","timestamp":"2026-07-20 14:26:17"}
{"level":"info","message":{"ip":"::1","method":"GET","url":"/api/v1/wishlist"},"service":"purely-ceylon-backend-ecosystem","timestamp":"2026-07-20 14:26:17"}
{"level":"info","message":{"ip":"::1","method":"GET","url":"/api/v1/products/241b18ad-3551-46d8-af5c-aa3140abdedd"},"service":"purely-ceylon-backend-ecosystem","timestamp":"2026-07-20 14:26:17"}
{"level":"info","message":{"ip":"::1","method":"OPTIONS","url":"/api/v1/reviews/241b18ad-3551-46d8-af5c-aa3140abdedd"},"service":"purely-ceylon-backend-ecosystem","timestamp":"2026-07-20 14:26:17"}
{"level":"info","message":{"ip":"::1","method":"GET","url":"/api/v1/reviews/241b18ad-3551-46d8-af5c-aa3140abdedd"},"service":"purely-ceylon-backend-ecosystem","timestamp":"2026-07-20 14:26:17"}
{"level":"info","message":{"ip":"::1","method":"GET","url":"/api/v1/reviews/241b18ad-3551-46d8-af5c-aa3140abdedd"},"service":"purely-ceylon-backend-ecosystem","timestamp":"2026-07-20 14:26:18"}
{"level":"info","message":{"ip":"::1","method":"OPTIONS","url":"/api/v1/questions/241b18ad-3551-46d8-af5c-aa3140abdedd"},"service":"purely-ceylon-backend-ecosystem","timestamp":"2026-07-20 14:26:18"}
{"level":"info","message":{"ip":"::1","method":"GET","url":"/api/v1/questions/241b18ad-3551-46d8-af5c-aa3140abdedd"},"service":"purely-ceylon-backend-ecosystem","timestamp":"2026-07-20 14:26:18"}
{"level":"info","message":{"ip":"::1","method":"GET","url":"/api/v1/questions/241b18ad-3551-46d8-af5c-aa3140abdedd"},"service":"purely-ceylon-backend-ecosystem","timestamp":"2026-07-20 14:26:18"}
{"level":"info","message":{"ip":"::1","method":"OPTIONS","url":"/api/v1/products?page=1&limit=10"},"service":"purely-ceylon-backend-ecosystem","timestamp":"2026-07-20 14:26:27"}
{"level":"info","message":{"ip":"::1","method":"OPTIONS","url":"/api/v1/products?page=1&limit=10"},"service":"purely-ceylon-backend-ecosystem","timestamp":"2026-07-20 14:26:27"}
{"level":"info","message":{"ip":"::1","method":"OPTIONS","url":"/api/v1/categories"},"service":"purely-ceylon-backend-ecosystem","timestamp":"2026-07-20 14:26:27"}
{"level":"info","message":{"ip":"::1","method":"OPTIONS","url":"/api/v1/categories"},"service":"purely-ceylon-backend-ecosystem","timestamp":"2026-07-20 14:26:27"}
{"level":"info","message":{"ip":"::1","method":"GET","url":"/api/v1/products?page=1&limit=10"},"service":"purely-ceylon-backend-ecosystem","timestamp":"2026-07-20 14:26:27"}
{"level":"info","message":{"ip":"::1","method":"GET","url":"/api/v1/categories"},"service":"purely-ceylon-backend-ecosystem","timestamp":"2026-07-20 14:26:27"}
{"level":"info","message":{"ip":"::1","method":"GET","url":"/api/v1/categories"},"service":"purely-ceylon-backend-ecosystem","timestamp":"2026-07-20 14:26:27"}
{"level":"info","message":{"ip":"::1","method":"GET","url":"/api/v1/products?page=1&limit=10"},"service":"purely-ceylon-backend-ecosystem","timestamp":"2026-07-20 14:26:27"}
{"level":"info","message":{"ip":"::1","method":"OPTIONS","url":"/api/v1/profile/me"},"service":"purely-ceylon-backend-ecosystem","timestamp":"2026-07-20 14:26:39"}
{"level":"info","message":{"ip":"::1","method":"OPTIONS","url":"/api/v1/profile/me"},"service":"purely-ceylon-backend-ecosystem","timestamp":"2026-07-20 14:26:39"}
{"level":"info","message":{"ip":"::1","method":"OPTIONS","url":"/api/v1/wishlist"},"service":"purely-ceylon-backend-ecosystem","timestamp":"2026-07-20 14:26:39"}
{"level":"info","message":{"ip":"::1","method":"OPTIONS","url":"/api/v1/cart"},"service":"purely-ceylon-backend-ecosystem","timestamp":"2026-07-20 14:26:39"}
{"level":"info","message":{"ip":"::1","method":"OPTIONS","url":"/api/v1/address"},"service":"purely-ceylon-backend-ecosystem","timestamp":"2026-07-20 14:26:39"}
{"level":"info","message":{"ip":"::1","method":"OPTIONS","url":"/api/v1/wishlist"},"service":"purely-ceylon-backend-ecosystem","timestamp":"2026-07-20 14:26:39"}
{"level":"info","message":{"ip":"::1","method":"OPTIONS","url":"/api/v1/cart"},"service":"purely-ceylon-backend-ecosystem","timestamp":"2026-07-20 14:26:39"}
{"level":"info","message":{"ip":"::1","method":"OPTIONS","url":"/api/v1/wishlist"},"service":"purely-ceylon-backend-ecosystem","timestamp":"2026-07-20 14:26:39"}
{"level":"info","message":{"ip":"::1","method":"OPTIONS","url":"/api/v1/address"},"service":"purely-ceylon-backend-ecosystem","timestamp":"2026-07-20 14:26:39"}
{"level":"info","message":{"ip":"::1","method":"OPTIONS","url":"/api/v1/wishlist"},"service":"purely-ceylon-backend-ecosystem","timestamp":"2026-07-20 14:26:39"}
{"level":"info","message":{"ip":"::1","method":"OPTIONS","url":"/api/v1/cart"},"service":"purely-ceylon-backend-ecosystem","timestamp":"2026-07-20 14:26:39"}
{"level":"info","message":{"ip":"::1","method":"OPTIONS","url":"/api/v1/cart"},"service":"purely-ceylon-backend-ecosystem","timestamp":"2026-07-20 14:26:39"}
{"level":"info","message":{"ip":"::1","method":"GET","url":"/api/v1/profile/me"},"service":"purely-ceylon-backend-ecosystem","timestamp":"2026-07-20 14:26:39"}
{"level":"info","message":{"ip":"::1","method":"GET","url":"/api/v1/wishlist"},"service":"purely-ceylon-backend-ecosystem","timestamp":"2026-07-20 14:26:39"}
{"level":"info","message":{"ip":"::1","method":"GET","url":"/api/v1/cart"},"service":"purely-ceylon-backend-ecosystem","timestamp":"2026-07-20 14:26:39"}
{"level":"info","message":{"ip":"::1","method":"GET","url":"/api/v1/address"},"service":"purely-ceylon-backend-ecosystem","timestamp":"2026-07-20 14:26:39"}
{"level":"info","message":{"ip":"::1","method":"GET","url":"/api/v1/profile/me"},"service":"purely-ceylon-backend-ecosystem","timestamp":"2026-07-20 14:26:39"}
{"level":"info","message":{"ip":"::1","method":"GET","url":"/api/v1/wishlist"},"service":"purely-ceylon-backend-ecosystem","timestamp":"2026-07-20 14:26:39"}
{"level":"info","message":{"ip":"::1","method":"GET","url":"/api/v1/cart"},"service":"purely-ceylon-backend-ecosystem","timestamp":"2026-07-20 14:26:39"}
{"level":"info","message":{"ip":"::1","method":"GET","url":"/api/v1/address"},"service":"purely-ceylon-backend-ecosystem","timestamp":"2026-07-20 14:26:39"}
{"level":"info","message":{"ip":"::1","method":"GET","url":"/api/v1/wishlist"},"service":"purely-ceylon-backend-ecosystem","timestamp":"2026-07-20 14:26:40"}
{"level":"info","message":{"ip":"::1","method":"GET","url":"/api/v1/cart"},"service":"purely-ceylon-backend-ecosystem","timestamp":"2026-07-20 14:26:40"}
{"level":"info","message":{"ip":"::1","method":"GET","url":"/api/v1/wishlist"},"service":"purely-ceylon-backend-ecosystem","timestamp":"2026-07-20 14:26:40"}
{"level":"info","message":{"ip":"::1","method":"GET","url":"/api/v1/cart"},"service":"purely-ceylon-backend-ecosystem","timestamp":"2026-07-20 14:26:40"}
{"level":"info","message":{"ip":"::1","method":"OPTIONS","url":"/api/v1/auth/login"},"service":"purely-ceylon-backend-ecosystem","timestamp":"2026-07-20 14:26:45"}
{"level":"info","message":{"ip":"::1","method":"POST","url":"/api/v1/auth/login"},"service":"purely-ceylon-backend-ecosystem","timestamp":"2026-07-20 14:26:45"}
{"level":"info","message":{"email":"musabmohammed678@gmail.com","event":"LOGIN_SUCCESS"},"service":"purely-ceylon-backend-ecosystem","timestamp":"2026-07-20 14:26:45"}
{"level":"info","message":{"ip":"::1","method":"OPTIONS","url":"/api/v1/profile/me"},"service":"purely-ceylon-backend-ecosystem","timestamp":"2026-07-20 14:26:47"}
{"level":"info","message":{"ip":"::1","method":"OPTIONS","url":"/api/v1/cart"},"service":"purely-ceylon-backend-ecosystem","timestamp":"2026-07-20 14:26:47"}
{"level":"info","message":{"ip":"::1","method":"OPTIONS","url":"/api/v1/products?page=1&limit=10"},"service":"purely-ceylon-backend-ecosystem","timestamp":"2026-07-20 14:26:47"}
{"level":"info","message":{"ip":"::1","method":"OPTIONS","url":"/api/v1/categories"},"service":"purely-ceylon-backend-ecosystem","timestamp":"2026-07-20 14:26:47"}
{"level":"info","message":{"ip":"::1","method":"OPTIONS","url":"/api/v1/wishlist"},"service":"purely-ceylon-backend-ecosystem","timestamp":"2026-07-20 14:26:47"}
{"level":"info","message":{"ip":"::1","method":"OPTIONS","url":"/api/v1/categories"},"service":"purely-ceylon-backend-ecosystem","timestamp":"2026-07-20 14:26:47"}
{"level":"info","message":{"ip":"::1","method":"OPTIONS","url":"/api/v1/products?page=1&limit=10"},"service":"purely-ceylon-backend-ecosystem","timestamp":"2026-07-20 14:26:47"}
{"level":"info","message":{"ip":"::1","method":"GET","url":"/api/v1/profile/me"},"service":"purely-ceylon-backend-ecosystem","timestamp":"2026-07-20 14:26:47"}
{"level":"info","message":{"ip":"::1","method":"GET","url":"/api/v1/cart"},"service":"purely-ceylon-backend-ecosystem","timestamp":"2026-07-20 14:26:47"}
{"level":"info","message":{"ip":"::1","method":"GET","url":"/api/v1/products?page=1&limit=10"},"service":"purely-ceylon-backend-ecosystem","timestamp":"2026-07-20 14:26:47"}
{"level":"info","message":{"ip":"::1","method":"GET","url":"/api/v1/categories"},"service":"purely-ceylon-backend-ecosystem","timestamp":"2026-07-20 14:26:47"}
{"level":"info","message":{"ip":"::1","method":"GET","url":"/api/v1/wishlist"},"service":"purely-ceylon-backend-ecosystem","timestamp":"2026-07-20 14:26:47"}
{"level":"info","message":{"ip":"::1","method":"GET","url":"/api/v1/categories"},"service":"purely-ceylon-backend-ecosystem","timestamp":"2026-07-20 14:26:47"}
{"level":"info","message":{"ip":"::1","method":"GET","url":"/api/v1/products?page=1&limit=10"},"service":"purely-ceylon-backend-ecosystem","timestamp":"2026-07-20 14:26:47"}
{"level":"info","message":{"ip":"::1","method":"OPTIONS","url":"/api/v1/profile/me"},"service":"purely-ceylon-backend-ecosystem","timestamp":"2026-07-20 14:27:04"}
{"level":"info","message":{"ip":"::1","method":"OPTIONS","url":"/api/v1/profile/me"},"service":"purely-ceylon-backend-ecosystem","timestamp":"2026-07-20 14:27:05"}
{"level":"info","message":{"ip":"::1","method":"OPTIONS","url":"/api/v1/address"},"service":"purely-ceylon-backend-ecosystem","timestamp":"2026-07-20 14:27:05"}
{"level":"info","message":{"ip":"::1","method":"OPTIONS","url":"/api/v1/wishlist"},"service":"purely-ceylon-backend-ecosystem","timestamp":"2026-07-20 14:27:05"}
{"level":"info","message":{"ip":"::1","method":"OPTIONS","url":"/api/v1/cart"},"service":"purely-ceylon-backend-ecosystem","timestamp":"2026-07-20 14:27:05"}
{"level":"info","message":{"ip":"::1","method":"OPTIONS","url":"/api/v1/cart"},"service":"purely-ceylon-backend-ecosystem","timestamp":"2026-07-20 14:27:06"}
{"level":"info","message":{"ip":"::1","method":"OPTIONS","url":"/api/v1/cart"},"service":"purely-ceylon-backend-ecosystem","timestamp":"2026-07-20 14:27:06"}
{"level":"info","message":{"ip":"::1","method":"OPTIONS","url":"/api/v1/wishlist"},"service":"purely-ceylon-backend-ecosystem","timestamp":"2026-07-20 14:27:06"}
{"level":"info","message":{"ip":"::1","method":"OPTIONS","url":"/api/v1/categories"},"service":"purely-ceylon-backend-ecosystem","timestamp":"2026-07-20 14:27:06"}
{"level":"info","message":{"ip":"::1","method":"OPTIONS","url":"/api/v1/products?page=1&limit=10"},"service":"purely-ceylon-backend-ecosystem","timestamp":"2026-07-20 14:27:06"}
{"level":"info","message":{"ip":"::1","method":"OPTIONS","url":"/api/v1/wishlist"},"service":"purely-ceylon-backend-ecosystem","timestamp":"2026-07-20 14:27:06"}
{"level":"info","message":{"ip":"::1","method":"OPTIONS","url":"/api/v1/address"},"service":"purely-ceylon-backend-ecosystem","timestamp":"2026-07-20 14:27:06"}
{"level":"info","message":{"ip":"::1","method":"OPTIONS","url":"/api/v1/wishlist"},"service":"purely-ceylon-backend-ecosystem","timestamp":"2026-07-20 14:27:07"}
{"level":"info","message":{"ip":"::1","method":"OPTIONS","url":"/api/v1/cart"},"service":"purely-ceylon-backend-ecosystem","timestamp":"2026-07-20 14:27:07"}
{"level":"info","message":{"ip":"::1","method":"GET","url":"/api/v1/address"},"service":"purely-ceylon-backend-ecosystem","timestamp":"2026-07-20 14:27:07"}
{"level":"info","message":{"ip":"::1","method":"GET","url":"/api/v1/wishlist"},"service":"purely-ceylon-backend-ecosystem","timestamp":"2026-07-20 14:27:07"}
{"level":"info","message":{"ip":"::1","method":"GET","url":"/api/v1/profile/me"},"service":"purely-ceylon-backend-ecosystem","timestamp":"2026-07-20 14:27:07"}
{"level":"info","message":{"ip":"::1","method":"GET","url":"/api/v1/cart"},"service":"purely-ceylon-backend-ecosystem","timestamp":"2026-07-20 14:27:07"}
{"level":"info","message":{"ip":"::1","method":"GET","url":"/api/v1/address"},"service":"purely-ceylon-backend-ecosystem","timestamp":"2026-07-20 14:27:07"}
{"level":"info","message":{"ip":"::1","method":"GET","url":"/api/v1/wishlist"},"service":"purely-ceylon-backend-ecosystem","timestamp":"2026-07-20 14:27:07"}
{"level":"info","message":{"ip":"::1","method":"GET","url":"/api/v1/profile/me"},"service":"purely-ceylon-backend-ecosystem","timestamp":"2026-07-20 14:27:07"}
{"level":"info","message":{"ip":"::1","method":"GET","url":"/api/v1/wishlist"},"service":"purely-ceylon-backend-ecosystem","timestamp":"2026-07-20 14:27:07"}
{"level":"info","message":{"ip":"::1","method":"GET","url":"/api/v1/wishlist"},"service":"purely-ceylon-backend-ecosystem","timestamp":"2026-07-20 14:27:08"}
{"level":"info","message":{"ip":"::1","method":"OPTIONS","url":"/api/v1/categories"},"service":"purely-ceylon-backend-ecosystem","timestamp":"2026-07-20 14:27:08"}
{"level":"info","message":{"ip":"::1","method":"OPTIONS","url":"/api/v1/products?page=1&limit=10"},"service":"purely-ceylon-backend-ecosystem","timestamp":"2026-07-20 14:27:08"}
{"level":"info","message":{"ip":"::1","method":"GET","url":"/api/v1/cart"},"service":"purely-ceylon-backend-ecosystem","timestamp":"2026-07-20 14:27:08"}
{"level":"info","message":{"ip":"::1","method":"GET","url":"/api/v1/categories"},"service":"purely-ceylon-backend-ecosystem","timestamp":"2026-07-20 14:27:08"}
{"level":"info","message":{"ip":"::1","method":"GET","url":"/api/v1/products?page=1&limit=10"},"service":"purely-ceylon-backend-ecosystem","timestamp":"2026-07-20 14:27:08"}
{"level":"info","message":{"ip":"::1","method":"GET","url":"/api/v1/cart"},"service":"purely-ceylon-backend-ecosystem","timestamp":"2026-07-20 14:27:09"}
{"level":"info","message":{"ip":"::1","method":"GET","url":"/api/v1/categories"},"service":"purely-ceylon-backend-ecosystem","timestamp":"2026-07-20 14:27:09"}
{"level":"info","message":{"ip":"::1","method":"GET","url":"/api/v1/products?page=1&limit=10"},"service":"purely-ceylon-backend-ecosystem","timestamp":"2026-07-20 14:27:09"}
{"level":"info","message":{"ip":"::1","method":"GET","url":"/api/v1/cart"},"service":"purely-ceylon-backend-ecosystem","timestamp":"2026-07-20 14:27:10"}
{"level":"info","message":{"ip":"::1","method":"OPTIONS","url":"/api/v1/profile/me"},"service":"purely-ceylon-backend-ecosystem","timestamp":"2026-07-20 14:27:32"}
{"level":"info","message":{"ip":"::1","method":"OPTIONS","url":"/api/v1/products?page=1&limit=10"},"service":"purely-ceylon-backend-ecosystem","timestamp":"2026-07-20 14:27:32"}
{"level":"info","message":{"ip":"::1","method":"OPTIONS","url":"/api/v1/categories"},"service":"purely-ceylon-backend-ecosystem","timestamp":"2026-07-20 14:27:32"}
{"level":"info","message":{"ip":"::1","method":"OPTIONS","url":"/api/v1/wishlist"},"service":"purely-ceylon-backend-ecosystem","timestamp":"2026-07-20 14:27:32"}
{"level":"info","message":{"ip":"::1","method":"OPTIONS","url":"/api/v1/cart"},"service":"purely-ceylon-backend-ecosystem","timestamp":"2026-07-20 14:27:32"}
{"level":"info","message":{"ip":"::1","method":"OPTIONS","url":"/api/v1/profile/me"},"service":"purely-ceylon-backend-ecosystem","timestamp":"2026-07-20 14:27:32"}
{"level":"info","message":{"ip":"::1","method":"OPTIONS","url":"/api/v1/address"},"service":"purely-ceylon-backend-ecosystem","timestamp":"2026-07-20 14:27:32"}
{"level":"info","message":{"ip":"::1","method":"OPTIONS","url":"/api/v1/wishlist"},"service":"purely-ceylon-backend-ecosystem","timestamp":"2026-07-20 14:27:33"}
{"level":"info","message":{"ip":"::1","method":"OPTIONS","url":"/api/v1/cart"},"service":"purely-ceylon-backend-ecosystem","timestamp":"2026-07-20 14:27:33"}
{"level":"info","message":{"ip":"::1","method":"OPTIONS","url":"/api/v1/cart"},"service":"purely-ceylon-backend-ecosystem","timestamp":"2026-07-20 14:27:33"}
{"level":"info","message":{"ip":"::1","method":"OPTIONS","url":"/api/v1/wishlist"},"service":"purely-ceylon-backend-ecosystem","timestamp":"2026-07-20 14:27:33"}
{"level":"info","message":{"ip":"::1","method":"OPTIONS","url":"/api/v1/categories"},"service":"purely-ceylon-backend-ecosystem","timestamp":"2026-07-20 14:27:33"}
{"level":"info","message":{"ip":"::1","method":"OPTIONS","url":"/api/v1/products?page=1&limit=10"},"service":"purely-ceylon-backend-ecosystem","timestamp":"2026-07-20 14:27:33"}
{"level":"info","message":{"ip":"::1","method":"OPTIONS","url":"/api/v1/address"},"service":"purely-ceylon-backend-ecosystem","timestamp":"2026-07-20 14:27:33"}
{"level":"info","message":{"ip":"::1","method":"OPTIONS","url":"/api/v1/wishlist"},"service":"purely-ceylon-backend-ecosystem","timestamp":"2026-07-20 14:27:34"}
{"level":"info","message":{"ip":"::1","method":"GET","url":"/api/v1/profile/me"},"service":"purely-ceylon-backend-ecosystem","timestamp":"2026-07-20 14:27:34"}
{"level":"info","message":{"ip":"::1","method":"GET","url":"/api/v1/profile/me"},"service":"purely-ceylon-backend-ecosystem","timestamp":"2026-07-20 14:27:34"}
{"level":"info","message":{"ip":"::1","method":"OPTIONS","url":"/api/v1/cart"},"service":"purely-ceylon-backend-ecosystem","timestamp":"2026-07-20 14:27:35"}
{"level":"info","message":{"ip":"::1","method":"GET","url":"/api/v1/products?page=1&limit=10"},"service":"purely-ceylon-backend-ecosystem","timestamp":"2026-07-20 14:27:35"}
{"level":"info","message":{"ip":"::1","method":"GET","url":"/api/v1/categories"},"service":"purely-ceylon-backend-ecosystem","timestamp":"2026-07-20 14:27:35"}
{"level":"info","message":{"ip":"::1","method":"GET","url":"/api/v1/wishlist"},"service":"purely-ceylon-backend-ecosystem","timestamp":"2026-07-20 14:27:35"}
{"level":"info","message":{"ip":"::1","method":"GET","url":"/api/v1/cart"},"service":"purely-ceylon-backend-ecosystem","timestamp":"2026-07-20 14:27:35"}
{"level":"info","message":{"ip":"::1","method":"GET","url":"/api/v1/address"},"service":"purely-ceylon-backend-ecosystem","timestamp":"2026-07-20 14:27:36"}
{"level":"info","message":{"ip":"::1","method":"GET","url":"/api/v1/products?page=1&limit=10"},"service":"purely-ceylon-backend-ecosystem","timestamp":"2026-07-20 14:27:36"}
{"level":"info","message":{"ip":"::1","method":"GET","url":"/api/v1/wishlist"},"service":"purely-ceylon-backend-ecosystem","timestamp":"2026-07-20 14:27:36"}
{"level":"info","message":{"ip":"::1","method":"GET","url":"/api/v1/cart"},"service":"purely-ceylon-backend-ecosystem","timestamp":"2026-07-20 14:27:36"}
{"level":"info","message":{"ip":"::1","method":"GET","url":"/api/v1/address"},"service":"purely-ceylon-backend-ecosystem","timestamp":"2026-07-20 14:27:36"}
{"level":"info","message":{"ip":"::1","method":"GET","url":"/api/v1/wishlist"},"service":"purely-ceylon-backend-ecosystem","timestamp":"2026-07-20 14:27:36"}
{"level":"info","message":{"ip":"::1","method":"GET","url":"/api/v1/cart"},"service":"purely-ceylon-backend-ecosystem","timestamp":"2026-07-20 14:27:36"}
{"level":"info","message":{"ip":"::1","method":"GET","url":"/api/v1/wishlist"},"service":"purely-ceylon-backend-ecosystem","timestamp":"2026-07-20 14:27:36"}
{"level":"info","message":{"ip":"::1","method":"GET","url":"/api/v1/cart"},"service":"purely-ceylon-backend-ecosystem","timestamp":"2026-07-20 14:27:37"}
{"level":"info","message":{"ip":"::1","method":"GET","url":"/api/v1/categories"},"service":"purely-ceylon-backend-ecosystem","timestamp":"2026-07-20 14:27:37"}
{"level":"info","message":{"ip":"::1","method":"OPTIONS","url":"/api/v1/auth/login"},"service":"purely-ceylon-backend-ecosystem","timestamp":"2026-07-20 14:27:45"}
{"level":"info","message":{"ip":"::1","method":"POST","url":"/api/v1/auth/login"},"service":"purely-ceylon-backend-ecosystem","timestamp":"2026-07-20 14:27:45"}
{"level":"info","message":{"ip":"::1","method":"OPTIONS","url":"/api/v1/auth/login"},"service":"purely-ceylon-backend-ecosystem","timestamp":"2026-07-20 14:27:57"}
{"level":"info","message":{"ip":"::1","method":"POST","url":"/api/v1/auth/login"},"service":"purely-ceylon-backend-ecosystem","timestamp":"2026-07-20 14:27:57"}
{"level":"info","message":{"ip":"::1","method":"OPTIONS","url":"/api/v1/auth/forgot-password"},"service":"purely-ceylon-backend-ecosystem","timestamp":"2026-07-20 14:28:03"}
{"level":"info","message":{"ip":"::1","method":"POST","url":"/api/v1/auth/forgot-password"},"service":"purely-ceylon-backend-ecosystem","timestamp":"2026-07-20 14:28:04"}
{"level":"info","message":"✅ Email credentials loaded successfully.","service":"purely-ceylon-backend-ecosystem","timestamp":"2026-07-20 14:29:15"}
{"level":"info","message":"🚀 Server running on port 5000","service":"purely-ceylon-backend-ecosystem","timestamp":"2026-07-20 14:29:15"}
{"level":"info","message":"✅ All Background Jobs Started Successfully","service":"purely-ceylon-backend-ecosystem","timestamp":"2026-07-20 14:29:16"}
{"level":"info","message":"⚙️ Background Jobs Started","service":"purely-ceylon-backend-ecosystem","timestamp":"2026-07-20 14:29:16"}
{"level":"info","message":{"ip":"::1","method":"GET","url":"/api/v1/address"},"service":"purely-ceylon-backend-ecosystem","timestamp":"2026-07-20 14:29:43"}
{"level":"info","message":{"ip":"::1","method":"GET","url":"/api/v1/wishlist"},"service":"purely-ceylon-backend-ecosystem","timestamp":"2026-07-20 14:29:44"}
{"level":"info","message":{"ip":"::1","method":"GET","url":"/api/v1/cart"},"service":"purely-ceylon-backend-ecosystem","timestamp":"2026-07-20 14:29:45"}
{"level":"info","message":{"ip":"::1","method":"GET","url":"/api/v1/address"},"service":"purely-ceylon-backend-ecosystem","timestamp":"2026-07-20 14:29:45"}
{"level":"info","message":{"ip":"::1","method":"GET","url":"/api/v1/wishlist"},"service":"purely-ceylon-backend-ecosystem","timestamp":"2026-07-20 14:29:47"}
{"level":"info","message":{"ip":"::1","method":"GET","url":"/api/v1/cart"},"service":"purely-ceylon-backend-ecosystem","timestamp":"2026-07-20 14:29:47"}
{"level":"info","message":{"ip":"::1","method":"OPTIONS","url":"/api/v1/auth/login"},"service":"purely-ceylon-backend-ecosystem","timestamp":"2026-07-20 14:29:48"}
{"level":"info","message":{"ip":"::1","method":"POST","url":"/api/v1/auth/login"},"service":"purely-ceylon-backend-ecosystem","timestamp":"2026-07-20 14:29:48"}
{"level":"info","message":{"email":"musabmohammed678@gmail.com","event":"LOGIN_SUCCESS"},"service":"purely-ceylon-backend-ecosystem","timestamp":"2026-07-20 14:29:49"}
{"level":"info","message":{"ip":"::1","method":"OPTIONS","url":"/api/v1/profile/me"},"service":"purely-ceylon-backend-ecosystem","timestamp":"2026-07-20 14:29:51"}
{"level":"info","message":{"ip":"::1","method":"OPTIONS","url":"/api/v1/products?page=1&limit=10"},"service":"purely-ceylon-backend-ecosystem","timestamp":"2026-07-20 14:29:52"}
{"level":"info","message":{"ip":"::1","method":"OPTIONS","url":"/api/v1/cart"},"service":"purely-ceylon-backend-ecosystem","timestamp":"2026-07-20 14:29:52"}
{"level":"info","message":{"ip":"::1","method":"OPTIONS","url":"/api/v1/wishlist"},"service":"purely-ceylon-backend-ecosystem","timestamp":"2026-07-20 14:29:52"}
{"level":"info","message":{"ip":"::1","method":"OPTIONS","url":"/api/v1/products?page=1&limit=10"},"service":"purely-ceylon-backend-ecosystem","timestamp":"2026-07-20 14:29:52"}
{"level":"info","message":{"ip":"::1","method":"OPTIONS","url":"/api/v1/categories"},"service":"purely-ceylon-backend-ecosystem","timestamp":"2026-07-20 14:29:52"}
{"level":"info","message":{"ip":"::1","method":"OPTIONS","url":"/api/v1/categories"},"service":"purely-ceylon-backend-ecosystem","timestamp":"2026-07-20 14:29:53"}
{"level":"info","message":{"ip":"::1","method":"GET","url":"/api/v1/profile/me"},"service":"purely-ceylon-backend-ecosystem","timestamp":"2026-07-20 14:29:53"}
{"level":"info","message":{"ip":"::1","method":"GET","url":"/api/v1/products?page=1&limit=10"},"service":"purely-ceylon-backend-ecosystem","timestamp":"2026-07-20 14:29:53"}
{"level":"info","message":{"ip":"::1","method":"GET","url":"/api/v1/cart"},"service":"purely-ceylon-backend-ecosystem","timestamp":"2026-07-20 14:29:53"}
{"level":"info","message":{"ip":"::1","method":"GET","url":"/api/v1/categories"},"service":"purely-ceylon-backend-ecosystem","timestamp":"2026-07-20 14:29:53"}
{"level":"info","message":{"ip":"::1","method":"GET","url":"/api/v1/wishlist"},"service":"purely-ceylon-backend-ecosystem","timestamp":"2026-07-20 14:29:53"}
{"level":"info","message":{"ip":"::1","method":"GET","url":"/api/v1/categories"},"service":"purely-ceylon-backend-ecosystem","timestamp":"2026-07-20 14:29:55"}
{"level":"info","message":{"ip":"::1","method":"GET","url":"/api/v1/products?page=1&limit=10"},"service":"purely-ceylon-backend-ecosystem","timestamp":"2026-07-20 14:29:56"}
{"level":"info","message":"📧 Processing Email Queue","service":"purely-ceylon-backend-ecosystem","timestamp":"2026-07-20 14:30:00"}
{"level":"info","message":{"ip":"::1","method":"OPTIONS","url":"/api/v1/address"},"service":"purely-ceylon-backend-ecosystem","timestamp":"2026-07-20 14:30:19"}
{"level":"info","message":{"ip":"::1","method":"OPTIONS","url":"/api/v1/wishlist"},"service":"purely-ceylon-backend-ecosystem","timestamp":"2026-07-20 14:30:19"}
{"level":"info","message":{"ip":"::1","method":"OPTIONS","url":"/api/v1/cart"},"service":"purely-ceylon-backend-ecosystem","timestamp":"2026-07-20 14:30:19"}
{"level":"info","message":{"ip":"::1","method":"OPTIONS","url":"/api/v1/address"},"service":"purely-ceylon-backend-ecosystem","timestamp":"2026-07-20 14:30:19"}
{"level":"info","message":{"ip":"::1","method":"OPTIONS","url":"/api/v1/wishlist"},"service":"purely-ceylon-backend-ecosystem","timestamp":"2026-07-20 14:30:19"}
{"level":"info","message":{"ip":"::1","method":"OPTIONS","url":"/api/v1/cart"},"service":"purely-ceylon-backend-ecosystem","timestamp":"2026-07-20 14:30:19"}
{"level":"info","message":{"ip":"::1","method":"GET","url":"/api/v1/address"},"service":"purely-ceylon-backend-ecosystem","timestamp":"2026-07-20 14:30:19"}
{"level":"info","message":{"ip":"::1","method":"GET","url":"/api/v1/wishlist"},"service":"purely-ceylon-backend-ecosystem","timestamp":"2026-07-20 14:30:19"}
{"level":"info","message":{"ip":"::1","method":"GET","url":"/api/v1/cart"},"service":"purely-ceylon-backend-ecosystem","timestamp":"2026-07-20 14:30:20"}
{"level":"info","message":{"ip":"::1","method":"GET","url":"/api/v1/wishlist"},"service":"purely-ceylon-backend-ecosystem","timestamp":"2026-07-20 14:30:20"}
{"level":"info","message":{"ip":"::1","method":"GET","url":"/api/v1/address"},"service":"purely-ceylon-backend-ecosystem","timestamp":"2026-07-20 14:30:20"}
{"level":"info","message":{"ip":"::1","method":"GET","url":"/api/v1/cart"},"service":"purely-ceylon-backend-ecosystem","timestamp":"2026-07-20 14:30:20"}
{"level":"info","message":"📧 Processing Email Queue","service":"purely-ceylon-backend-ecosystem","timestamp":"2026-07-20 14:35:00"}
{"level":"info","message":{"ip":"::1","method":"OPTIONS","url":"/api/v1/profile/me"},"service":"purely-ceylon-backend-ecosystem","timestamp":"2026-07-20 14:39:14"}
{"level":"info","message":{"ip":"::1","method":"GET","url":"/api/v1/profile/me"},"service":"purely-ceylon-backend-ecosystem","timestamp":"2026-07-20 14:39:14"}
{"level":"info","message":{"ip":"::1","method":"OPTIONS","url":"/api/v1/profile/me"},"service":"purely-ceylon-backend-ecosystem","timestamp":"2026-07-20 14:39:14"}
{"level":"info","message":{"ip":"::1","method":"OPTIONS","url":"/api/v1/cart"},"service":"purely-ceylon-backend-ecosystem","timestamp":"2026-07-20 14:39:14"}
{"level":"info","message":{"ip":"::1","method":"OPTIONS","url":"/api/v1/wishlist"},"service":"purely-ceylon-backend-ecosystem","timestamp":"2026-07-20 14:39:14"}
{"level":"info","message":{"ip":"::1","method":"OPTIONS","url":"/api/v1/cart"},"service":"purely-ceylon-backend-ecosystem","timestamp":"2026-07-20 14:39:14"}
{"level":"info","message":{"ip":"::1","method":"OPTIONS","url":"/api/v1/wishlist"},"service":"purely-ceylon-backend-ecosystem","timestamp":"2026-07-20 14:39:14"}
{"level":"info","message":{"ip":"::1","method":"GET","url":"/api/v1/cart"},"service":"purely-ceylon-backend-ecosystem","timestamp":"2026-07-20 14:39:15"}
{"level":"info","message":{"ip":"::1","method":"GET","url":"/api/v1/wishlist"},"service":"purely-ceylon-backend-ecosystem","timestamp":"2026-07-20 14:39:15"}
{"level":"info","message":{"ip":"::1","method":"GET","url":"/api/v1/profile/me"},"service":"purely-ceylon-backend-ecosystem","timestamp":"2026-07-20 14:39:16"}
{"level":"info","message":{"ip":"::1","method":"GET","url":"/api/v1/cart"},"service":"purely-ceylon-backend-ecosystem","timestamp":"2026-07-20 14:39:17"}
{"level":"info","message":{"ip":"::1","method":"GET","url":"/api/v1/wishlist"},"service":"purely-ceylon-backend-ecosystem","timestamp":"2026-07-20 14:39:17"}
{"level":"info","message":{"ip":"::1","method":"OPTIONS","url":"/api/v1/auth/login"},"service":"purely-ceylon-backend-ecosystem","timestamp":"2026-07-20 14:39:29"}
{"level":"info","message":{"ip":"::1","method":"POST","url":"/api/v1/auth/login"},"service":"purely-ceylon-backend-ecosystem","timestamp":"2026-07-20 14:39:29"}
{"level":"info","message":{"email":"musabhafiz995@gmail.com","event":"LOGIN_SUCCESS"},"service":"purely-ceylon-backend-ecosystem","timestamp":"2026-07-20 14:39:29"}
{"level":"info","message":{"ip":"::1","method":"OPTIONS","url":"/api/v1/profile/me"},"service":"purely-ceylon-backend-ecosystem","timestamp":"2026-07-20 14:39:31"}
{"level":"info","message":{"ip":"::1","method":"OPTIONS","url":"/api/v1/cart"},"service":"purely-ceylon-backend-ecosystem","timestamp":"2026-07-20 14:39:32"}
{"level":"info","message":{"ip":"::1","method":"OPTIONS","url":"/api/v1/wishlist"},"service":"purely-ceylon-backend-ecosystem","timestamp":"2026-07-20 14:39:32"}
{"level":"info","message":{"ip":"::1","method":"OPTIONS","url":"/api/v1/orders/admin/dashboard"},"service":"purely-ceylon-backend-ecosystem","timestamp":"2026-07-20 14:39:32"}
{"level":"info","message":{"ip":"::1","method":"OPTIONS","url":"/api/v1/orders/admin/dashboard"},"service":"purely-ceylon-backend-ecosystem","timestamp":"2026-07-20 14:39:32"}
{"level":"info","message":{"ip":"::1","method":"GET","url":"/api/v1/profile/me"},"service":"purely-ceylon-backend-ecosystem","timestamp":"2026-07-20 14:39:32"}
{"level":"info","message":{"ip":"::1","method":"GET","url":"/api/v1/cart"},"service":"purely-ceylon-backend-ecosystem","timestamp":"2026-07-20 14:39:32"}
{"level":"info","message":{"ip":"::1","method":"GET","url":"/api/v1/wishlist"},"service":"purely-ceylon-backend-ecosystem","timestamp":"2026-07-20 14:39:33"}
{"level":"info","message":{"ip":"::1","method":"GET","url":"/api/v1/orders/admin/dashboard"},"service":"purely-ceylon-backend-ecosystem","timestamp":"2026-07-20 14:39:33"}
{"level":"info","message":{"ip":"::1","method":"GET","url":"/api/v1/orders/admin/dashboard"},"service":"purely-ceylon-backend-ecosystem","timestamp":"2026-07-20 14:39:33"}
{"level":"info","message":{"ip":"::1","method":"OPTIONS","url":"/api/v1/admin/monthly-sales"},"service":"purely-ceylon-backend-ecosystem","timestamp":"2026-07-20 14:39:33"}
{"level":"info","message":{"ip":"::1","method":"OPTIONS","url":"/api/v1/admin/top-products"},"service":"purely-ceylon-backend-ecosystem","timestamp":"2026-07-20 14:39:33"}
{"level":"info","message":{"ip":"::1","method":"GET","url":"/api/v1/admin/top-products"},"service":"purely-ceylon-backend-ecosystem","timestamp":"2026-07-20 14:39:33"}
{"level":"info","message":{"ip":"::1","method":"GET","url":"/api/v1/admin/monthly-sales"},"service":"purely-ceylon-backend-ecosystem","timestamp":"2026-07-20 14:39:33"}
{"level":"info","message":{"ip":"::1","method":"GET","url":"/api/v1/admin/top-products"},"service":"purely-ceylon-backend-ecosystem","timestamp":"2026-07-20 14:39:33"}
{"level":"info","message":{"ip":"::1","method":"GET","url":"/api/v1/admin/monthly-sales"},"service":"purely-ceylon-backend-ecosystem","timestamp":"2026-07-20 14:39:33"}
{"level":"info","message":{"ip":"::1","method":"GET","url":"/api/v1/admin/top-analytics"},"service":"purely-ceylon-backend-ecosystem","timestamp":"2026-07-20 14:39:33"}
{"level":"info","message":{"ip":"::1","method":"GET","url":"/api/v1/admin/top-analytics"},"service":"purely-ceylon-backend-ecosystem","timestamp":"2026-07-20 14:39:33"}
{"level":"info","message":{"ip":"::1","method":"OPTIONS","url":"/api/v1/products?page=1&limit=10"},"service":"purely-ceylon-backend-ecosystem","timestamp":"2026-07-20 14:39:43"}
{"level":"info","message":{"ip":"::1","method":"OPTIONS","url":"/api/v1/categories"},"service":"purely-ceylon-backend-ecosystem","timestamp":"2026-07-20 14:39:43"}
{"level":"info","message":{"ip":"::1","method":"OPTIONS","url":"/api/v1/products?page=1&limit=10"},"service":"purely-ceylon-backend-ecosystem","timestamp":"2026-07-20 14:39:43"}
{"level":"info","message":{"ip":"::1","method":"OPTIONS","url":"/api/v1/categories"},"service":"purely-ceylon-backend-ecosystem","timestamp":"2026-07-20 14:39:43"}
{"level":"info","message":{"ip":"::1","method":"GET","url":"/api/v1/products?page=1&limit=10"},"service":"purely-ceylon-backend-ecosystem","timestamp":"2026-07-20 14:39:43"}
{"level":"info","message":{"ip":"::1","method":"GET","url":"/api/v1/categories"},"service":"purely-ceylon-backend-ecosystem","timestamp":"2026-07-20 14:39:43"}
{"level":"info","message":{"ip":"::1","method":"GET","url":"/api/v1/categories"},"service":"purely-ceylon-backend-ecosystem","timestamp":"2026-07-20 14:39:43"}
{"level":"info","message":{"ip":"::1","method":"GET","url":"/api/v1/products?page=1&limit=10"},"service":"purely-ceylon-backend-ecosystem","timestamp":"2026-07-20 14:39:44"}
{"level":"info","message":"📧 Processing Email Queue","service":"purely-ceylon-backend-ecosystem","timestamp":"2026-07-20 14:40:00"}
{"level":"info","message":"📧 Processing Email Queue","service":"purely-ceylon-backend-ecosystem","timestamp":"2026-07-20 14:45:00"}
{"level":"info","message":"📧 Processing Email Queue","service":"purely-ceylon-backend-ecosystem","timestamp":"2026-07-20 14:50:00"}
{"level":"info","message":"📧 Processing Email Queue","service":"purely-ceylon-backend-ecosystem","timestamp":"2026-07-20 14:55:00"}
{"level":"info","message":{"ip":"::1","method":"OPTIONS","url":"/api/v1/products?page=1&limit=10"},"service":"purely-ceylon-backend-ecosystem","timestamp":"2026-07-20 14:56:00"}
{"level":"info","message":{"ip":"::1","method":"OPTIONS","url":"/api/v1/categories"},"service":"purely-ceylon-backend-ecosystem","timestamp":"2026-07-20 14:56:00"}
{"level":"info","message":{"ip":"::1","method":"GET","url":"/api/v1/products?page=1&limit=10"},"service":"purely-ceylon-backend-ecosystem","timestamp":"2026-07-20 14:56:00"}
{"level":"info","message":{"ip":"::1","method":"GET","url":"/api/v1/categories"},"service":"purely-ceylon-backend-ecosystem","timestamp":"2026-07-20 14:56:00"}
{"level":"info","message":{"ip":"::1","method":"OPTIONS","url":"/api/v1/products/search?categoryId=6f7218c2-b7a7-4b06-9cc4-67d355858540"},"service":"purely-ceylon-backend-ecosystem","timestamp":"2026-07-20 14:57:20"}
{"level":"info","message":{"ip":"::1","method":"GET","url":"/api/v1/products/search?categoryId=6f7218c2-b7a7-4b06-9cc4-67d355858540"},"service":"purely-ceylon-backend-ecosystem","timestamp":"2026-07-20 14:57:20"}
{"level":"info","message":{"ip":"::1","method":"OPTIONS","url":"/api/v1/products?page=1&limit=10"},"service":"purely-ceylon-backend-ecosystem","timestamp":"2026-07-20 14:57:22"}
{"level":"info","message":{"ip":"::1","method":"GET","url":"/api/v1/products?page=1&limit=10"},"service":"purely-ceylon-backend-ecosystem","timestamp":"2026-07-20 14:57:22"}
{"level":"info","message":"📧 Processing Email Queue","service":"purely-ceylon-backend-ecosystem","timestamp":"2026-07-20 15:00:01"}
{"level":"info","message":"📄 Checking Expired RFQs","service":"purely-ceylon-backend-ecosystem","timestamp":"2026-07-20 15:00:01"}
{"level":"info","message":{"ip":"::1","method":"OPTIONS","url":"/api/v1/products/search"},"service":"purely-ceylon-backend-ecosystem","timestamp":"2026-07-20 15:00:32"}
{"level":"info","message":{"ip":"::1","method":"OPTIONS","url":"/api/v1/categories"},"service":"purely-ceylon-backend-ecosystem","timestamp":"2026-07-20 15:00:32"}
{"level":"info","message":{"ip":"::1","method":"GET","url":"/api/v1/products/search"},"service":"purely-ceylon-backend-ecosystem","timestamp":"2026-07-20 15:00:32"}
{"level":"info","message":{"ip":"::1","method":"GET","url":"/api/v1/categories"},"service":"purely-ceylon-backend-ecosystem","timestamp":"2026-07-20 15:00:32"}
{"level":"info","message":{"ip":"::1","method":"OPTIONS","url":"/api/v1/products/search?status=DRAFT"},"service":"purely-ceylon-backend-ecosystem","timestamp":"2026-07-20 15:00:48"}
{"level":"info","message":{"ip":"::1","method":"GET","url":"/api/v1/products/search?status=DRAFT"},"service":"purely-ceylon-backend-ecosystem","timestamp":"2026-07-20 15:00:48"}
{"level":"info","message":{"ip":"::1","method":"OPTIONS","url":"/api/v1/products/search?status=PUBLISHED"},"service":"purely-ceylon-backend-ecosystem","timestamp":"2026-07-20 15:00:50"}
{"level":"info","message":{"ip":"::1","method":"GET","url":"/api/v1/products/search?status=PUBLISHED"},"service":"purely-ceylon-backend-ecosystem","timestamp":"2026-07-20 15:00:50"}
{"level":"info","message":{"ip":"::1","method":"OPTIONS","url":"/api/v1/products/search"},"service":"purely-ceylon-backend-ecosystem","timestamp":"2026-07-20 15:00:52"}
{"level":"info","message":{"ip":"::1","method":"GET","url":"/api/v1/products/search"},"service":"purely-ceylon-backend-ecosystem","timestamp":"2026-07-20 15:00:52"}
{"level":"info","message":{"ip":"::1","method":"OPTIONS","url":"/api/v1/products/241b18ad-3551-46d8-af5c-aa3140abdedd"},"service":"purely-ceylon-backend-ecosystem","timestamp":"2026-07-20 15:01:01"}
{"level":"info","message":{"ip":"::1","method":"OPTIONS","url":"/api/v1/products/241b18ad-3551-46d8-af5c-aa3140abdedd"},"service":"purely-ceylon-backend-ecosystem","timestamp":"2026-07-20 15:01:01"}
{"level":"info","message":{"ip":"::1","method":"GET","url":"/api/v1/products/241b18ad-3551-46d8-af5c-aa3140abdedd"},"service":"purely-ceylon-backend-ecosystem","timestamp":"2026-07-20 15:01:01"}
{"level":"info","message":{"ip":"::1","method":"GET","url":"/api/v1/products/241b18ad-3551-46d8-af5c-aa3140abdedd"},"service":"purely-ceylon-backend-ecosystem","timestamp":"2026-07-20 15:01:02"}
{"level":"info","message":{"ip":"::1","method":"OPTIONS","url":"/api/v1/reviews/241b18ad-3551-46d8-af5c-aa3140abdedd"},"service":"purely-ceylon-backend-ecosystem","timestamp":"2026-07-20 15:01:02"}
{"level":"info","message":{"ip":"::1","method":"GET","url":"/api/v1/reviews/241b18ad-3551-46d8-af5c-aa3140abdedd"},"service":"purely-ceylon-backend-ecosystem","timestamp":"2026-07-20 15:01:02"}
{"level":"info","message":{"ip":"::1","method":"GET","url":"/api/v1/reviews/241b18ad-3551-46d8-af5c-aa3140abdedd"},"service":"purely-ceylon-backend-ecosystem","timestamp":"2026-07-20 15:01:02"}
{"level":"info","message":{"ip":"::1","method":"OPTIONS","url":"/api/v1/questions/241b18ad-3551-46d8-af5c-aa3140abdedd"},"service":"purely-ceylon-backend-ecosystem","timestamp":"2026-07-20 15:01:03"}
{"level":"info","message":{"ip":"::1","method":"GET","url":"/api/v1/questions/241b18ad-3551-46d8-af5c-aa3140abdedd"},"service":"purely-ceylon-backend-ecosystem","timestamp":"2026-07-20 15:01:03"}
{"level":"info","message":{"ip":"::1","method":"GET","url":"/api/v1/questions/241b18ad-3551-46d8-af5c-aa3140abdedd"},"service":"purely-ceylon-backend-ecosystem","timestamp":"2026-07-20 15:01:03"}
{"level":"info","message":{"ip":"::1","method":"OPTIONS","url":"/api/v1/categories"},"service":"purely-ceylon-backend-ecosystem","timestamp":"2026-07-20 15:01:05"}
{"level":"info","message":{"ip":"::1","method":"OPTIONS","url":"/api/v1/products?page=1&limit=10"},"service":"purely-ceylon-backend-ecosystem","timestamp":"2026-07-20 15:01:05"}
{"level":"info","message":{"ip":"::1","method":"OPTIONS","url":"/api/v1/products?page=1&limit=10"},"service":"purely-ceylon-backend-ecosystem","timestamp":"2026-07-20 15:01:05"}
{"level":"info","message":{"ip":"::1","method":"OPTIONS","url":"/api/v1/categories"},"service":"purely-ceylon-backend-ecosystem","timestamp":"2026-07-20 15:01:05"}
{"level":"info","message":{"ip":"::1","method":"GET","url":"/api/v1/categories"},"service":"purely-ceylon-backend-ecosystem","timestamp":"2026-07-20 15:01:05"}
{"level":"info","message":{"ip":"::1","method":"GET","url":"/api/v1/products?page=1&limit=10"},"service":"purely-ceylon-backend-ecosystem","timestamp":"2026-07-20 15:01:05"}
{"level":"info","message":{"ip":"::1","method":"GET","url":"/api/v1/products?page=1&limit=10"},"service":"purely-ceylon-backend-ecosystem","timestamp":"2026-07-20 15:01:05"}
{"level":"info","message":{"ip":"::1","method":"GET","url":"/api/v1/categories"},"service":"purely-ceylon-backend-ecosystem","timestamp":"2026-07-20 15:01:05"}
{"level":"info","message":{"ip":"::1","method":"OPTIONS","url":"/api/v1/products/1d8fe0f2-7188-4c7c-848b-f0d8ed8d451d"},"service":"purely-ceylon-backend-ecosystem","timestamp":"2026-07-20 15:01:07"}
{"level":"info","message":{"ip":"::1","method":"OPTIONS","url":"/api/v1/products/1d8fe0f2-7188-4c7c-848b-f0d8ed8d451d"},"service":"purely-ceylon-backend-ecosystem","timestamp":"2026-07-20 15:01:07"}
{"level":"info","message":{"ip":"::1","method":"GET","url":"/api/v1/products/1d8fe0f2-7188-4c7c-848b-f0d8ed8d451d"},"service":"purely-ceylon-backend-ecosystem","timestamp":"2026-07-20 15:01:07"}
{"level":"info","message":{"ip":"::1","method":"GET","url":"/api/v1/products/1d8fe0f2-7188-4c7c-848b-f0d8ed8d451d"},"service":"purely-ceylon-backend-ecosystem","timestamp":"2026-07-20 15:01:07"}
{"level":"info","message":{"ip":"::1","method":"OPTIONS","url":"/api/v1/reviews/1d8fe0f2-7188-4c7c-848b-f0d8ed8d451d"},"service":"purely-ceylon-backend-ecosystem","timestamp":"2026-07-20 15:01:07"}
{"level":"info","message":{"ip":"::1","method":"GET","url":"/api/v1/reviews/1d8fe0f2-7188-4c7c-848b-f0d8ed8d451d"},"service":"purely-ceylon-backend-ecosystem","timestamp":"2026-07-20 15:01:07"}
{"level":"info","message":{"ip":"::1","method":"GET","url":"/api/v1/reviews/1d8fe0f2-7188-4c7c-848b-f0d8ed8d451d"},"service":"purely-ceylon-backend-ecosystem","timestamp":"2026-07-20 15:01:07"}
{"level":"info","message":{"ip":"::1","method":"OPTIONS","url":"/api/v1/questions/1d8fe0f2-7188-4c7c-848b-f0d8ed8d451d"},"service":"purely-ceylon-backend-ecosystem","timestamp":"2026-07-20 15:01:07"}
{"level":"info","message":{"ip":"::1","method":"GET","url":"/api/v1/questions/1d8fe0f2-7188-4c7c-848b-f0d8ed8d451d"},"service":"purely-ceylon-backend-ecosystem","timestamp":"2026-07-20 15:01:07"}
{"level":"info","message":{"ip":"::1","method":"GET","url":"/api/v1/questions/1d8fe0f2-7188-4c7c-848b-f0d8ed8d451d"},"service":"purely-ceylon-backend-ecosystem","timestamp":"2026-07-20 15:01:07"}
{"level":"info","message":{"ip":"::1","method":"OPTIONS","url":"/api/v1/products/search?status=PUBLISHED"},"service":"purely-ceylon-backend-ecosystem","timestamp":"2026-07-20 15:03:08"}
{"level":"info","message":{"ip":"::1","method":"GET","url":"/api/v1/products/search?status=PUBLISHED"},"service":"purely-ceylon-backend-ecosystem","timestamp":"2026-07-20 15:03:08"}
{"level":"info","message":{"ip":"::1","method":"OPTIONS","url":"/api/v1/products/search?status=DRAFT"},"service":"purely-ceylon-backend-ecosystem","timestamp":"2026-07-20 15:03:10"}
{"level":"info","message":{"ip":"::1","method":"GET","url":"/api/v1/products/search?status=DRAFT"},"service":"purely-ceylon-backend-ecosystem","timestamp":"2026-07-20 15:03:10"}
{"level":"info","message":{"ip":"::1","method":"OPTIONS","url":"/api/v1/address"},"service":"purely-ceylon-backend-ecosystem","timestamp":"2026-07-20 15:03:13"}
{"level":"info","message":{"ip":"::1","method":"OPTIONS","url":"/api/v1/wishlist"},"service":"purely-ceylon-backend-ecosystem","timestamp":"2026-07-20 15:03:14"}
{"level":"info","message":{"ip":"::1","method":"OPTIONS","url":"/api/v1/cart"},"service":"purely-ceylon-backend-ecosystem","timestamp":"2026-07-20 15:03:14"}
{"level":"info","message":{"ip":"::1","method":"OPTIONS","url":"/api/v1/address"},"service":"purely-ceylon-backend-ecosystem","timestamp":"2026-07-20 15:03:14"}
{"level":"info","message":{"ip":"::1","method":"OPTIONS","url":"/api/v1/wishlist"},"service":"purely-ceylon-backend-ecosystem","timestamp":"2026-07-20 15:03:14"}
{"level":"info","message":{"ip":"::1","method":"OPTIONS","url":"/api/v1/cart"},"service":"purely-ceylon-backend-ecosystem","timestamp":"2026-07-20 15:03:15"}
{"level":"info","message":{"ip":"::1","method":"GET","url":"/api/v1/address"},"service":"purely-ceylon-backend-ecosystem","timestamp":"2026-07-20 15:03:15"}
{"level":"info","message":{"ip":"::1","method":"OPTIONS","url":"/api/v1/profile/me"},"service":"purely-ceylon-backend-ecosystem","timestamp":"2026-07-20 15:03:16"}
{"level":"info","message":{"ip":"::1","method":"OPTIONS","url":"/api/v1/profile/me"},"service":"purely-ceylon-backend-ecosystem","timestamp":"2026-07-20 15:03:16"}
{"level":"info","message":{"ip":"::1","method":"GET","url":"/api/v1/wishlist"},"service":"purely-ceylon-backend-ecosystem","timestamp":"2026-07-20 15:03:16"}
{"level":"info","message":{"ip":"::1","method":"GET","url":"/api/v1/cart"},"service":"purely-ceylon-backend-ecosystem","timestamp":"2026-07-20 15:03:17"}
{"level":"info","message":{"ip":"::1","method":"GET","url":"/api/v1/profile/me"},"service":"purely-ceylon-backend-ecosystem","timestamp":"2026-07-20 15:03:17"}
{"level":"info","message":{"ip":"::1","method":"GET","url":"/api/v1/address"},"service":"purely-ceylon-backend-ecosystem","timestamp":"2026-07-20 15:03:17"}
{"level":"info","message":{"ip":"::1","method":"GET","url":"/api/v1/wishlist"},"service":"purely-ceylon-backend-ecosystem","timestamp":"2026-07-20 15:03:17"}
{"level":"info","message":{"ip":"::1","method":"GET","url":"/api/v1/cart"},"service":"purely-ceylon-backend-ecosystem","timestamp":"2026-07-20 15:03:18"}
{"level":"info","message":{"ip":"::1","method":"GET","url":"/api/v1/profile/me"},"service":"purely-ceylon-backend-ecosystem","timestamp":"2026-07-20 15:03:18"}
{"level":"info","message":{"ip":"::1","method":"GET","url":"/api/v1/wishlist"},"service":"purely-ceylon-backend-ecosystem","timestamp":"2026-07-20 15:03:18"}
{"level":"info","message":{"ip":"::1","method":"GET","url":"/api/v1/cart"},"service":"purely-ceylon-backend-ecosystem","timestamp":"2026-07-20 15:03:18"}
{"level":"info","message":{"ip":"::1","method":"GET","url":"/api/v1/wishlist"},"service":"purely-ceylon-backend-ecosystem","timestamp":"2026-07-20 15:03:18"}
{"level":"info","message":{"ip":"::1","method":"GET","url":"/api/v1/cart"},"service":"purely-ceylon-backend-ecosystem","timestamp":"2026-07-20 15:03:19"}
{"level":"info","message":{"ip":"::1","method":"OPTIONS","url":"/api/v1/auth/login"},"service":"purely-ceylon-backend-ecosystem","timestamp":"2026-07-20 15:03:25"}
{"level":"info","message":{"ip":"::1","method":"POST","url":"/api/v1/auth/login"},"service":"purely-ceylon-backend-ecosystem","timestamp":"2026-07-20 15:03:25"}
{"level":"info","message":{"email":"musabhafiz995@gmail.com","event":"LOGIN_SUCCESS"},"service":"purely-ceylon-backend-ecosystem","timestamp":"2026-07-20 15:03:25"}
{"level":"info","message":{"ip":"::1","method":"OPTIONS","url":"/api/v1/profile/me"},"service":"purely-ceylon-backend-ecosystem","timestamp":"2026-07-20 15:03:27"}
{"level":"info","message":{"ip":"::1","method":"GET","url":"/api/v1/profile/me"},"service":"purely-ceylon-backend-ecosystem","timestamp":"2026-07-20 15:03:27"}
{"level":"info","message":{"ip":"::1","method":"OPTIONS","url":"/api/v1/cart"},"service":"purely-ceylon-backend-ecosystem","timestamp":"2026-07-20 15:03:27"}
{"level":"info","message":{"ip":"::1","method":"OPTIONS","url":"/api/v1/wishlist"},"service":"purely-ceylon-backend-ecosystem","timestamp":"2026-07-20 15:03:27"}
{"level":"info","message":{"ip":"::1","method":"OPTIONS","url":"/api/v1/orders/admin/dashboard"},"service":"purely-ceylon-backend-ecosystem","timestamp":"2026-07-20 15:03:27"}
{"level":"info","message":{"ip":"::1","method":"OPTIONS","url":"/api/v1/orders/admin/dashboard"},"service":"purely-ceylon-backend-ecosystem","timestamp":"2026-07-20 15:03:27"}
{"level":"info","message":{"ip":"::1","method":"GET","url":"/api/v1/cart"},"service":"purely-ceylon-backend-ecosystem","timestamp":"2026-07-20 15:03:27"}
{"level":"info","message":{"ip":"::1","method":"GET","url":"/api/v1/wishlist"},"service":"purely-ceylon-backend-ecosystem","timestamp":"2026-07-20 15:03:27"}
{"level":"info","message":{"ip":"::1","method":"GET","url":"/api/v1/orders/admin/dashboard"},"service":"purely-ceylon-backend-ecosystem","timestamp":"2026-07-20 15:03:27"}
{"level":"info","message":{"ip":"::1","method":"GET","url":"/api/v1/orders/admin/dashboard"},"service":"purely-ceylon-backend-ecosystem","timestamp":"2026-07-20 15:03:28"}
{"level":"info","message":{"ip":"::1","method":"OPTIONS","url":"/api/v1/admin/monthly-sales"},"service":"purely-ceylon-backend-ecosystem","timestamp":"2026-07-20 15:03:28"}
{"level":"info","message":{"ip":"::1","method":"OPTIONS","url":"/api/v1/admin/top-products"},"service":"purely-ceylon-backend-ecosystem","timestamp":"2026-07-20 15:03:28"}
{"level":"info","message":{"ip":"::1","method":"GET","url":"/api/v1/admin/top-products"},"service":"purely-ceylon-backend-ecosystem","timestamp":"2026-07-20 15:03:28"}
{"level":"info","message":{"ip":"::1","method":"GET","url":"/api/v1/admin/monthly-sales"},"service":"purely-ceylon-backend-ecosystem","timestamp":"2026-07-20 15:03:28"}
{"level":"info","message":{"ip":"::1","method":"GET","url":"/api/v1/admin/monthly-sales"},"service":"purely-ceylon-backend-ecosystem","timestamp":"2026-07-20 15:03:28"}
{"level":"info","message":{"ip":"::1","method":"GET","url":"/api/v1/admin/top-products"},"service":"purely-ceylon-backend-ecosystem","timestamp":"2026-07-20 15:03:28"}
{"level":"info","message":{"ip":"::1","method":"GET","url":"/api/v1/admin/top-analytics"},"service":"purely-ceylon-backend-ecosystem","timestamp":"2026-07-20 15:03:28"}
{"level":"info","message":{"ip":"::1","method":"GET","url":"/api/v1/admin/top-analytics"},"service":"purely-ceylon-backend-ecosystem","timestamp":"2026-07-20 15:03:28"}
{"level":"info","message":{"ip":"::1","method":"OPTIONS","url":"/api/v1/profile/me"},"service":"purely-ceylon-backend-ecosystem","timestamp":"2026-07-20 15:04:25"}
{"level":"info","message":{"ip":"::1","method":"OPTIONS","url":"/api/v1/profile/me"},"service":"purely-ceylon-backend-ecosystem","timestamp":"2026-07-20 15:04:27"}
{"level":"info","message":{"ip":"::1","method":"OPTIONS","url":"/api/v1/cart"},"service":"purely-ceylon-backend-ecosystem","timestamp":"2026-07-20 15:04:27"}
{"level":"info","message":{"ip":"::1","method":"OPTIONS","url":"/api/v1/wishlist"},"service":"purely-ceylon-backend-ecosystem","timestamp":"2026-07-20 15:04:28"}
{"level":"info","message":{"ip":"::1","method":"OPTIONS","url":"/api/v1/address"},"service":"purely-ceylon-backend-ecosystem","timestamp":"2026-07-20 15:04:28"}
{"level":"info","message":{"ip":"::1","method":"OPTIONS","url":"/api/v1/wishlist"},"service":"purely-ceylon-backend-ecosystem","timestamp":"2026-07-20 15:04:28"}
{"level":"info","message":{"ip":"::1","method":"OPTIONS","url":"/api/v1/cart"},"service":"purely-ceylon-backend-ecosystem","timestamp":"2026-07-20 15:04:28"}
{"level":"info","message":{"ip":"::1","method":"OPTIONS","url":"/api/v1/wishlist"},"service":"purely-ceylon-backend-ecosystem","timestamp":"2026-07-20 15:04:28"}
{"level":"info","message":{"ip":"::1","method":"OPTIONS","url":"/api/v1/wishlist"},"service":"purely-ceylon-backend-ecosystem","timestamp":"2026-07-20 15:04:28"}
{"level":"info","message":{"ip":"::1","method":"OPTIONS","url":"/api/v1/cart"},"service":"purely-ceylon-backend-ecosystem","timestamp":"2026-07-20 15:04:28"}
{"level":"info","message":{"ip":"::1","method":"OPTIONS","url":"/api/v1/address"},"service":"purely-ceylon-backend-ecosystem","timestamp":"2026-07-20 15:04:28"}
{"level":"info","message":{"ip":"::1","method":"OPTIONS","url":"/api/v1/cart"},"service":"purely-ceylon-backend-ecosystem","timestamp":"2026-07-20 15:04:29"}
{"level":"info","message":{"ip":"::1","method":"GET","url":"/api/v1/profile/me"},"service":"purely-ceylon-backend-ecosystem","timestamp":"2026-07-20 15:04:29"}
{"level":"info","message":{"ip":"::1","method":"GET","url":"/api/v1/cart"},"service":"purely-ceylon-backend-ecosystem","timestamp":"2026-07-20 15:04:30"}
{"level":"info","message":{"ip":"::1","method":"GET","url":"/api/v1/wishlist"},"service":"purely-ceylon-backend-ecosystem","timestamp":"2026-07-20 15:04:30"}
{"level":"info","message":{"ip":"::1","method":"GET","url":"/api/v1/address"},"service":"purely-ceylon-backend-ecosystem","timestamp":"2026-07-20 15:04:30"}
{"level":"info","message":{"ip":"::1","method":"GET","url":"/api/v1/profile/me"},"service":"purely-ceylon-backend-ecosystem","timestamp":"2026-07-20 15:04:30"}
{"level":"info","message":{"ip":"::1","method":"GET","url":"/api/v1/cart"},"service":"purely-ceylon-backend-ecosystem","timestamp":"2026-07-20 15:04:31"}
{"level":"info","message":{"ip":"::1","method":"GET","url":"/api/v1/wishlist"},"service":"purely-ceylon-backend-ecosystem","timestamp":"2026-07-20 15:04:31"}
{"level":"info","message":{"ip":"::1","method":"GET","url":"/api/v1/address"},"service":"purely-ceylon-backend-ecosystem","timestamp":"2026-07-20 15:04:31"}
{"level":"info","message":{"ip":"::1","method":"GET","url":"/api/v1/cart"},"service":"purely-ceylon-backend-ecosystem","timestamp":"2026-07-20 15:04:31"}
{"level":"info","message":{"ip":"::1","method":"GET","url":"/api/v1/wishlist"},"service":"purely-ceylon-backend-ecosystem","timestamp":"2026-07-20 15:04:32"}
{"level":"info","message":{"ip":"::1","method":"OPTIONS","url":"/api/v1/auth/login"},"service":"purely-ceylon-backend-ecosystem","timestamp":"2026-07-20 15:04:32"}
{"level":"info","message":{"ip":"::1","method":"POST","url":"/api/v1/auth/login"},"service":"purely-ceylon-backend-ecosystem","timestamp":"2026-07-20 15:04:32"}
{"level":"info","message":{"ip":"::1","method":"GET","url":"/api/v1/cart"},"service":"purely-ceylon-backend-ecosystem","timestamp":"2026-07-20 15:04:32"}
{"level":"info","message":{"ip":"::1","method":"GET","url":"/api/v1/wishlist"},"service":"purely-ceylon-backend-ecosystem","timestamp":"2026-07-20 15:04:33"}
{"level":"info","message":{"email":"musabhafiz995@gmail.com","event":"LOGIN_SUCCESS"},"service":"purely-ceylon-backend-ecosystem","timestamp":"2026-07-20 15:04:33"}
{"level":"info","message":{"ip":"::1","method":"OPTIONS","url":"/api/v1/profile/me"},"service":"purely-ceylon-backend-ecosystem","timestamp":"2026-07-20 15:04:35"}
{"level":"info","message":{"ip":"::1","method":"OPTIONS","url":"/api/v1/wishlist"},"service":"purely-ceylon-backend-ecosystem","timestamp":"2026-07-20 15:04:35"}
{"level":"info","message":{"ip":"::1","method":"OPTIONS","url":"/api/v1/orders/admin/dashboard"},"service":"purely-ceylon-backend-ecosystem","timestamp":"2026-07-20 15:04:35"}
{"level":"info","message":{"ip":"::1","method":"OPTIONS","url":"/api/v1/orders/admin/dashboard"},"service":"purely-ceylon-backend-ecosystem","timestamp":"2026-07-20 15:04:35"}
{"level":"info","message":{"ip":"::1","method":"OPTIONS","url":"/api/v1/cart"},"service":"purely-ceylon-backend-ecosystem","timestamp":"2026-07-20 15:04:35"}
{"level":"info","message":{"ip":"::1","method":"GET","url":"/api/v1/wishlist"},"service":"purely-ceylon-backend-ecosystem","timestamp":"2026-07-20 15:04:35"}
{"level":"info","message":{"ip":"::1","method":"GET","url":"/api/v1/orders/admin/dashboard"},"service":"purely-ceylon-backend-ecosystem","timestamp":"2026-07-20 15:04:35"}
{"level":"info","message":{"ip":"::1","method":"GET","url":"/api/v1/profile/me"},"service":"purely-ceylon-backend-ecosystem","timestamp":"2026-07-20 15:04:35"}
{"level":"info","message":{"ip":"::1","method":"GET","url":"/api/v1/cart"},"service":"purely-ceylon-backend-ecosystem","timestamp":"2026-07-20 15:04:36"}
{"level":"info","message":{"ip":"::1","method":"GET","url":"/api/v1/orders/admin/dashboard"},"service":"purely-ceylon-backend-ecosystem","timestamp":"2026-07-20 15:04:36"}
{"level":"info","message":{"ip":"::1","method":"OPTIONS","url":"/api/v1/admin/monthly-sales"},"service":"purely-ceylon-backend-ecosystem","timestamp":"2026-07-20 15:04:36"}
{"level":"info","message":{"ip":"::1","method":"OPTIONS","url":"/api/v1/admin/top-products"},"service":"purely-ceylon-backend-ecosystem","timestamp":"2026-07-20 15:04:36"}
{"level":"info","message":{"ip":"::1","method":"GET","url":"/api/v1/admin/monthly-sales"},"service":"purely-ceylon-backend-ecosystem","timestamp":"2026-07-20 15:04:36"}
{"level":"info","message":{"ip":"::1","method":"GET","url":"/api/v1/admin/top-products"},"service":"purely-ceylon-backend-ecosystem","timestamp":"2026-07-20 15:04:36"}
{"level":"info","message":{"ip":"::1","method":"GET","url":"/api/v1/admin/top-analytics"},"service":"purely-ceylon-backend-ecosystem","timestamp":"2026-07-20 15:04:36"}
{"level":"info","message":{"ip":"::1","method":"GET","url":"/api/v1/admin/monthly-sales"},"service":"purely-ceylon-backend-ecosystem","timestamp":"2026-07-20 15:04:36"}
{"level":"info","message":{"ip":"::1","method":"GET","url":"/api/v1/admin/top-products"},"service":"purely-ceylon-backend-ecosystem","timestamp":"2026-07-20 15:04:36"}
{"level":"info","message":{"ip":"::1","method":"GET","url":"/api/v1/admin/top-analytics"},"service":"purely-ceylon-backend-ecosystem","timestamp":"2026-07-20 15:04:36"}
{"level":"info","message":"📧 Processing Email Queue","service":"purely-ceylon-backend-ecosystem","timestamp":"2026-07-20 15:05:00"}
{"level":"info","message":{"ip":"::1","method":"OPTIONS","url":"/api/v1/wishlist"},"service":"purely-ceylon-backend-ecosystem","timestamp":"2026-07-20 15:06:24"}
{"level":"info","message":{"ip":"::1","method":"OPTIONS","url":"/api/v1/address"},"service":"purely-ceylon-backend-ecosystem","timestamp":"2026-07-20 15:06:25"}
{"level":"info","message":{"ip":"::1","method":"OPTIONS","url":"/api/v1/cart"},"service":"purely-ceylon-backend-ecosystem","timestamp":"2026-07-20 15:06:25"}
{"level":"info","message":{"ip":"::1","method":"OPTIONS","url":"/api/v1/wishlist"},"service":"purely-ceylon-backend-ecosystem","timestamp":"2026-07-20 15:06:25"}
{"level":"info","message":{"ip":"::1","method":"OPTIONS","url":"/api/v1/address"},"service":"purely-ceylon-backend-ecosystem","timestamp":"2026-07-20 15:06:25"}
{"level":"info","message":{"ip":"::1","method":"OPTIONS","url":"/api/v1/products?page=1&limit=10"},"service":"purely-ceylon-backend-ecosystem","timestamp":"2026-07-20 15:06:25"}
{"level":"info","message":{"ip":"::1","method":"OPTIONS","url":"/api/v1/categories"},"service":"purely-ceylon-backend-ecosystem","timestamp":"2026-07-20 15:06:25"}
{"level":"info","message":{"ip":"::1","method":"OPTIONS","url":"/api/v1/products?page=1&limit=10"},"service":"purely-ceylon-backend-ecosystem","timestamp":"2026-07-20 15:06:25"}
{"level":"info","message":{"ip":"::1","method":"OPTIONS","url":"/api/v1/categories"},"service":"purely-ceylon-backend-ecosystem","timestamp":"2026-07-20 15:06:26"}
{"level":"info","message":{"ip":"::1","method":"OPTIONS","url":"/api/v1/profile/me"},"service":"purely-ceylon-backend-ecosystem","timestamp":"2026-07-20 15:06:26"}
{"level":"info","message":{"ip":"::1","method":"GET","url":"/api/v1/profile/me"},"service":"purely-ceylon-backend-ecosystem","timestamp":"2026-07-20 15:06:26"}
{"level":"info","message":{"ip":"::1","method":"OPTIONS","url":"/api/v1/cart"},"service":"purely-ceylon-backend-ecosystem","timestamp":"2026-07-20 15:06:26"}
{"level":"info","message":{"ip":"::1","method":"OPTIONS","url":"/api/v1/profile/me"},"service":"purely-ceylon-backend-ecosystem","timestamp":"2026-07-20 15:06:27"}
{"level":"info","message":{"ip":"::1","method":"GET","url":"/api/v1/wishlist"},"service":"purely-ceylon-backend-ecosystem","timestamp":"2026-07-20 15:06:27"}
{"level":"info","message":{"ip":"::1","method":"GET","url":"/api/v1/address"},"service":"purely-ceylon-backend-ecosystem","timestamp":"2026-07-20 15:06:28"}
{"level":"info","message":{"ip":"::1","method":"GET","url":"/api/v1/cart"},"service":"purely-ceylon-backend-ecosystem","timestamp":"2026-07-20 15:06:29"}
{"level":"info","message":{"ip":"::1","method":"GET","url":"/api/v1/products?page=1&limit=10"},"service":"purely-ceylon-backend-ecosystem","timestamp":"2026-07-20 15:06:30"}
{"level":"info","message":{"ip":"::1","method":"GET","url":"/api/v1/categories"},"service":"purely-ceylon-backend-ecosystem","timestamp":"2026-07-20 15:06:30"}
{"level":"info","message":{"ip":"::1","method":"GET","url":"/api/v1/profile/me"},"service":"purely-ceylon-backend-ecosystem","timestamp":"2026-07-20 15:06:30"}
{"level":"info","message":{"ip":"::1","method":"GET","url":"/api/v1/wishlist"},"service":"purely-ceylon-backend-ecosystem","timestamp":"2026-07-20 15:06:31"}
{"level":"info","message":{"ip":"::1","method":"GET","url":"/api/v1/address"},"service":"purely-ceylon-backend-ecosystem","timestamp":"2026-07-20 15:06:31"}
{"level":"info","message":{"ip":"::1","method":"GET","url":"/api/v1/cart"},"service":"purely-ceylon-backend-ecosystem","timestamp":"2026-07-20 15:06:32"}
{"level":"info","message":{"ip":"::1","method":"GET","url":"/api/v1/categories"},"service":"purely-ceylon-backend-ecosystem","timestamp":"2026-07-20 15:06:33"}
{"level":"info","message":{"ip":"::1","method":"GET","url":"/api/v1/wishlist"},"service":"purely-ceylon-backend-ecosystem","timestamp":"2026-07-20 15:06:33"}
{"level":"info","message":{"ip":"::1","method":"GET","url":"/api/v1/cart"},"service":"purely-ceylon-backend-ecosystem","timestamp":"2026-07-20 15:06:33"}
{"level":"info","message":{"ip":"::1","method":"GET","url":"/api/v1/products?page=1&limit=10"},"service":"purely-ceylon-backend-ecosystem","timestamp":"2026-07-20 15:06:33"}
{"level":"info","message":{"ip":"::1","method":"GET","url":"/api/v1/wishlist"},"service":"purely-ceylon-backend-ecosystem","timestamp":"2026-07-20 15:06:33"}
{"level":"info","message":{"ip":"::1","method":"GET","url":"/api/v1/cart"},"service":"purely-ceylon-backend-ecosystem","timestamp":"2026-07-20 15:06:33"}
{"level":"info","message":{"ip":"::1","method":"OPTIONS","url":"/api/v1/auth/login"},"service":"purely-ceylon-backend-ecosystem","timestamp":"2026-07-20 15:06:34"}
{"level":"info","message":{"ip":"::1","method":"POST","url":"/api/v1/auth/login"},"service":"purely-ceylon-backend-ecosystem","timestamp":"2026-07-20 15:06:34"}
{"level":"info","message":{"email":"musabhafiz995@gmail.com","event":"LOGIN_SUCCESS"},"service":"purely-ceylon-backend-ecosystem","timestamp":"2026-07-20 15:06:34"}
{"level":"info","message":{"ip":"::1","method":"OPTIONS","url":"/api/v1/profile/me"},"service":"purely-ceylon-backend-ecosystem","timestamp":"2026-07-20 15:06:36"}
{"level":"info","message":{"ip":"::1","method":"GET","url":"/api/v1/profile/me"},"service":"purely-ceylon-backend-ecosystem","timestamp":"2026-07-20 15:06:36"}
{"level":"info","message":{"ip":"::1","method":"OPTIONS","url":"/api/v1/cart"},"service":"purely-ceylon-backend-ecosystem","timestamp":"2026-07-20 15:06:37"}
{"level":"info","message":{"ip":"::1","method":"OPTIONS","url":"/api/v1/wishlist"},"service":"purely-ceylon-backend-ecosystem","timestamp":"2026-07-20 15:06:37"}
{"level":"info","message":{"ip":"::1","method":"GET","url":"/api/v1/cart"},"service":"purely-ceylon-backend-ecosystem","timestamp":"2026-07-20 15:06:37"}
{"level":"info","message":{"ip":"::1","method":"OPTIONS","url":"/api/v1/orders/admin/dashboard"},"service":"purely-ceylon-backend-ecosystem","timestamp":"2026-07-20 15:06:37"}
{"level":"info","message":{"ip":"::1","method":"OPTIONS","url":"/api/v1/orders/admin/dashboard"},"service":"purely-ceylon-backend-ecosystem","timestamp":"2026-07-20 15:06:37"}
{"level":"info","message":{"ip":"::1","method":"GET","url":"/api/v1/wishlist"},"service":"purely-ceylon-backend-ecosystem","timestamp":"2026-07-20 15:06:37"}
{"level":"info","message":{"ip":"::1","method":"GET","url":"/api/v1/orders/admin/dashboard"},"service":"purely-ceylon-backend-ecosystem","timestamp":"2026-07-20 15:06:37"}
{"level":"info","message":{"ip":"::1","method":"OPTIONS","url":"/api/v1/admin/monthly-sales"},"service":"purely-ceylon-backend-ecosystem","timestamp":"2026-07-20 15:06:37"}
{"level":"info","message":{"ip":"::1","method":"OPTIONS","url":"/api/v1/admin/top-products"},"service":"purely-ceylon-backend-ecosystem","timestamp":"2026-07-20 15:06:37"}
{"level":"info","message":{"ip":"::1","method":"GET","url":"/api/v1/orders/admin/dashboard"},"service":"purely-ceylon-backend-ecosystem","timestamp":"2026-07-20 15:06:37"}
{"level":"info","message":{"ip":"::1","method":"GET","url":"/api/v1/admin/monthly-sales"},"service":"purely-ceylon-backend-ecosystem","timestamp":"2026-07-20 15:06:37"}
{"level":"info","message":{"ip":"::1","method":"GET","url":"/api/v1/admin/top-products"},"service":"purely-ceylon-backend-ecosystem","timestamp":"2026-07-20 15:06:37"}
{"level":"info","message":{"ip":"::1","method":"GET","url":"/api/v1/admin/top-analytics"},"service":"purely-ceylon-backend-ecosystem","timestamp":"2026-07-20 15:06:37"}
{"level":"info","message":{"ip":"::1","method":"OPTIONS","url":"/api/v1/products?page=1&limit=10"},"service":"purely-ceylon-backend-ecosystem","timestamp":"2026-07-20 15:06:38"}
{"level":"info","message":{"ip":"::1","method":"OPTIONS","url":"/api/v1/categories"},"service":"purely-ceylon-backend-ecosystem","timestamp":"2026-07-20 15:06:38"}
{"level":"info","message":{"ip":"::1","method":"OPTIONS","url":"/api/v1/products?page=1&limit=10"},"service":"purely-ceylon-backend-ecosystem","timestamp":"2026-07-20 15:06:38"}
{"level":"info","message":{"ip":"::1","method":"OPTIONS","url":"/api/v1/categories"},"service":"purely-ceylon-backend-ecosystem","timestamp":"2026-07-20 15:06:38"}
{"level":"info","message":{"ip":"::1","method":"GET","url":"/api/v1/admin/monthly-sales"},"service":"purely-ceylon-backend-ecosystem","timestamp":"2026-07-20 15:06:38"}
{"level":"info","message":{"ip":"::1","method":"GET","url":"/api/v1/admin/top-products"},"service":"purely-ceylon-backend-ecosystem","timestamp":"2026-07-20 15:06:38"}
{"level":"info","message":{"ip":"::1","method":"GET","url":"/api/v1/products?page=1&limit=10"},"service":"purely-ceylon-backend-ecosystem","timestamp":"2026-07-20 15:06:38"}
{"level":"info","message":{"ip":"::1","method":"GET","url":"/api/v1/categories"},"service":"purely-ceylon-backend-ecosystem","timestamp":"2026-07-20 15:06:38"}
{"level":"info","message":{"ip":"::1","method":"GET","url":"/api/v1/products?page=1&limit=10"},"service":"purely-ceylon-backend-ecosystem","timestamp":"2026-07-20 15:06:39"}
{"level":"info","message":{"ip":"::1","method":"GET","url":"/api/v1/categories"},"service":"purely-ceylon-backend-ecosystem","timestamp":"2026-07-20 15:06:40"}
{"level":"info","message":{"ip":"::1","method":"GET","url":"/api/v1/admin/top-analytics"},"service":"purely-ceylon-backend-ecosystem","timestamp":"2026-07-20 15:06:40"}
{"level":"info","message":{"ip":"::1","method":"OPTIONS","url":"/api/v1/orders/admin/dashboard"},"service":"purely-ceylon-backend-ecosystem","timestamp":"2026-07-20 15:06:45"}
{"level":"info","message":{"ip":"::1","method":"OPTIONS","url":"/api/v1/orders/admin/dashboard"},"service":"purely-ceylon-backend-ecosystem","timestamp":"2026-07-20 15:06:45"}
{"level":"info","message":{"ip":"::1","method":"GET","url":"/api/v1/orders/admin/dashboard"},"service":"purely-ceylon-backend-ecosystem","timestamp":"2026-07-20 15:06:45"}
{"level":"info","message":{"ip":"::1","method":"GET","url":"/api/v1/orders/admin/dashboard"},"service":"purely-ceylon-backend-ecosystem","timestamp":"2026-07-20 15:06:45"}
{"level":"info","message":{"ip":"::1","method":"GET","url":"/api/v1/admin/revenue-dashboard"},"service":"purely-ceylon-backend-ecosystem","timestamp":"2026-07-20 15:06:46"}
{"level":"info","message":{"ip":"::1","method":"GET","url":"/api/v1/admin/revenue-dashboard"},"service":"purely-ceylon-backend-ecosystem","timestamp":"2026-07-20 15:06:46"}
{"level":"info","message":{"ip":"::1","method":"OPTIONS","url":"/api/v1/products?page=1&limit=10"},"service":"purely-ceylon-backend-ecosystem","timestamp":"2026-07-20 15:06:52"}
{"level":"info","message":{"ip":"::1","method":"OPTIONS","url":"/api/v1/categories"},"service":"purely-ceylon-backend-ecosystem","timestamp":"2026-07-20 15:06:52"}
{"level":"info","message":{"ip":"::1","method":"OPTIONS","url":"/api/v1/products?page=1&limit=10"},"service":"purely-ceylon-backend-ecosystem","timestamp":"2026-07-20 15:06:52"}
{"level":"info","message":{"ip":"::1","method":"OPTIONS","url":"/api/v1/categories"},"service":"purely-ceylon-backend-ecosystem","timestamp":"2026-07-20 15:06:52"}
{"level":"info","message":{"ip":"::1","method":"GET","url":"/api/v1/products?page=1&limit=10"},"service":"purely-ceylon-backend-ecosystem","timestamp":"2026-07-20 15:06:52"}
{"level":"info","message":{"ip":"::1","method":"GET","url":"/api/v1/categories"},"service":"purely-ceylon-backend-ecosystem","timestamp":"2026-07-20 15:06:52"}
{"level":"info","message":{"ip":"::1","method":"GET","url":"/api/v1/products?page=1&limit=10"},"service":"purely-ceylon-backend-ecosystem","timestamp":"2026-07-20 15:06:53"}
{"level":"info","message":{"ip":"::1","method":"GET","url":"/api/v1/categories"},"service":"purely-ceylon-backend-ecosystem","timestamp":"2026-07-20 15:06:53"}
{"level":"info","message":{"ip":"::1","method":"OPTIONS","url":"/api/v1/orders/admin/dashboard"},"service":"purely-ceylon-backend-ecosystem","timestamp":"2026-07-20 15:07:25"}
{"level":"info","message":{"ip":"::1","method":"OPTIONS","url":"/api/v1/orders/admin/dashboard"},"service":"purely-ceylon-backend-ecosystem","timestamp":"2026-07-20 15:07:25"}
{"level":"info","message":{"ip":"::1","method":"GET","url":"/api/v1/orders/admin/dashboard"},"service":"purely-ceylon-backend-ecosystem","timestamp":"2026-07-20 15:07:25"}
{"level":"info","message":{"ip":"::1","method":"GET","url":"/api/v1/orders/admin/dashboard"},"service":"purely-ceylon-backend-ecosystem","timestamp":"2026-07-20 15:07:25"}
{"level":"info","message":{"ip":"::1","method":"GET","url":"/api/v1/admin/revenue-dashboard"},"service":"purely-ceylon-backend-ecosystem","timestamp":"2026-07-20 15:07:25"}
{"level":"info","message":{"ip":"::1","method":"GET","url":"/api/v1/admin/revenue-dashboard"},"service":"purely-ceylon-backend-ecosystem","timestamp":"2026-07-20 15:07:25"}
{"level":"info","message":"✅ Email credentials loaded successfully.","service":"purely-ceylon-backend-ecosystem","timestamp":"2026-07-20 15:08:29"}
{"level":"info","message":"🚀 Server running on port 5000","service":"purely-ceylon-backend-ecosystem","timestamp":"2026-07-20 15:08:29"}
{"level":"info","message":"✅ All Background Jobs Started Successfully","service":"purely-ceylon-backend-ecosystem","timestamp":"2026-07-20 15:08:29"}
{"level":"info","message":"⚙️ Background Jobs Started","service":"purely-ceylon-backend-ecosystem","timestamp":"2026-07-20 15:08:29"}
{"level":"info","message":{"ip":"::1","method":"OPTIONS","url":"/api/v1/address"},"service":"purely-ceylon-backend-ecosystem","timestamp":"2026-07-20 15:09:11"}
{"level":"info","message":{"ip":"::1","method":"OPTIONS","url":"/api/v1/cart"},"service":"purely-ceylon-backend-ecosystem","timestamp":"2026-07-20 15:09:11"}
{"level":"info","message":{"ip":"::1","method":"OPTIONS","url":"/api/v1/wishlist"},"service":"purely-ceylon-backend-ecosystem","timestamp":"2026-07-20 15:09:11"}
{"level":"info","message":{"ip":"::1","method":"OPTIONS","url":"/api/v1/address"},"service":"purely-ceylon-backend-ecosystem","timestamp":"2026-07-20 15:09:11"}
{"level":"info","message":{"ip":"::1","method":"OPTIONS","url":"/api/v1/cart"},"service":"purely-ceylon-backend-ecosystem","timestamp":"2026-07-20 15:09:11"}
{"level":"info","message":{"ip":"::1","method":"OPTIONS","url":"/api/v1/wishlist"},"service":"purely-ceylon-backend-ecosystem","timestamp":"2026-07-20 15:09:11"}
{"level":"info","message":{"ip":"::1","method":"OPTIONS","url":"/api/v1/orders/admin/dashboard"},"service":"purely-ceylon-backend-ecosystem","timestamp":"2026-07-20 15:09:11"}
{"level":"info","message":{"ip":"::1","method":"OPTIONS","url":"/api/v1/orders/admin/dashboard"},"service":"purely-ceylon-backend-ecosystem","timestamp":"2026-07-20 15:09:11"}
{"level":"info","message":{"ip":"::1","method":"GET","url":"/api/v1/address"},"service":"purely-ceylon-backend-ecosystem","timestamp":"2026-07-20 15:09:12"}
{"level":"info","message":{"ip":"::1","method":"GET","url":"/api/v1/cart"},"service":"purely-ceylon-backend-ecosystem","timestamp":"2026-07-20 15:09:12"}
{"level":"info","message":{"ip":"::1","method":"GET","url":"/api/v1/wishlist"},"service":"purely-ceylon-backend-ecosystem","timestamp":"2026-07-20 15:09:13"}
{"level":"info","message":{"ip":"::1","method":"GET","url":"/api/v1/orders/admin/dashboard"},"service":"purely-ceylon-backend-ecosystem","timestamp":"2026-07-20 15:09:13"}
{"level":"info","message":{"ip":"::1","method":"GET","url":"/api/v1/address"},"service":"purely-ceylon-backend-ecosystem","timestamp":"2026-07-20 15:09:14"}
{"level":"info","message":{"ip":"::1","method":"GET","url":"/api/v1/cart"},"service":"purely-ceylon-backend-ecosystem","timestamp":"2026-07-20 15:09:14"}
{"level":"info","message":{"ip":"::1","method":"OPTIONS","url":"/api/v1/profile/me"},"service":"purely-ceylon-backend-ecosystem","timestamp":"2026-07-20 15:09:14"}
{"level":"info","message":{"ip":"::1","method":"OPTIONS","url":"/api/v1/profile/me"},"service":"purely-ceylon-backend-ecosystem","timestamp":"2026-07-20 15:09:14"}
{"level":"info","message":{"ip":"::1","method":"GET","url":"/api/v1/profile/me"},"service":"purely-ceylon-backend-ecosystem","timestamp":"2026-07-20 15:09:15"}
{"level":"info","message":{"ip":"::1","method":"GET","url":"/api/v1/cart"},"service":"purely-ceylon-backend-ecosystem","timestamp":"2026-07-20 15:09:15"}
{"level":"info","message":{"ip":"::1","method":"GET","url":"/api/v1/cart"},"service":"purely-ceylon-backend-ecosystem","timestamp":"2026-07-20 15:09:15"}
{"level":"info","message":{"ip":"::1","method":"GET","url":"/api/v1/wishlist"},"service":"purely-ceylon-backend-ecosystem","timestamp":"2026-07-20 15:09:16"}
{"level":"info","message":{"ip":"::1","method":"GET","url":"/api/v1/profile/me"},"service":"purely-ceylon-backend-ecosystem","timestamp":"2026-07-20 15:09:16"}
{"level":"info","message":{"ip":"::1","method":"GET","url":"/api/v1/wishlist"},"service":"purely-ceylon-backend-ecosystem","timestamp":"2026-07-20 15:09:16"}
{"level":"info","message":{"ip":"::1","method":"GET","url":"/api/v1/orders/admin/dashboard"},"service":"purely-ceylon-backend-ecosystem","timestamp":"2026-07-20 15:09:16"}
{"level":"info","message":{"ip":"::1","method":"GET","url":"/api/v1/wishlist"},"service":"purely-ceylon-backend-ecosystem","timestamp":"2026-07-20 15:09:16"}
{"level":"info","message":{"ip":"::1","method":"OPTIONS","url":"/api/v1/admin/monthly-sales"},"service":"purely-ceylon-backend-ecosystem","timestamp":"2026-07-20 15:09:17"}
{"level":"info","message":{"ip":"::1","method":"OPTIONS","url":"/api/v1/admin/top-products"},"service":"purely-ceylon-backend-ecosystem","timestamp":"2026-07-20 15:09:17"}
{"level":"info","message":{"ip":"::1","method":"OPTIONS","url":"/api/v1/admin/monthly-sales"},"service":"purely-ceylon-backend-ecosystem","timestamp":"2026-07-20 15:09:17"}
{"level":"info","message":{"ip":"::1","method":"OPTIONS","url":"/api/v1/admin/top-products"},"service":"purely-ceylon-backend-ecosystem","timestamp":"2026-07-20 15:09:17"}
{"level":"info","message":{"ip":"::1","method":"GET","url":"/api/v1/admin/monthly-sales"},"service":"purely-ceylon-backend-ecosystem","timestamp":"2026-07-20 15:09:17"}
{"level":"info","message":{"ip":"::1","method":"GET","url":"/api/v1/admin/top-products"},"service":"purely-ceylon-backend-ecosystem","timestamp":"2026-07-20 15:09:17"}
{"level":"info","message":{"ip":"::1","method":"GET","url":"/api/v1/admin/monthly-sales"},"service":"purely-ceylon-backend-ecosystem","timestamp":"2026-07-20 15:09:18"}
{"level":"info","message":{"ip":"::1","method":"GET","url":"/api/v1/admin/top-products"},"service":"purely-ceylon-backend-ecosystem","timestamp":"2026-07-20 15:09:18"}
{"level":"info","message":{"ip":"::1","method":"GET","url":"/api/v1/admin/top-analytics"},"service":"purely-ceylon-backend-ecosystem","timestamp":"2026-07-20 15:09:18"}
{"level":"info","message":{"ip":"::1","method":"GET","url":"/api/v1/admin/top-analytics"},"service":"purely-ceylon-backend-ecosystem","timestamp":"2026-07-20 15:09:19"}
{"level":"info","message":{"ip":"::1","method":"OPTIONS","url":"/api/v1/auth/login"},"service":"purely-ceylon-backend-ecosystem","timestamp":"2026-07-20 15:09:23"}
{"level":"info","message":{"ip":"::1","method":"POST","url":"/api/v1/auth/login"},"service":"purely-ceylon-backend-ecosystem","timestamp":"2026-07-20 15:09:23"}
{"level":"info","message":{"email":"musabhafiz995@gmail.com","event":"LOGIN_SUCCESS"},"service":"purely-ceylon-backend-ecosystem","timestamp":"2026-07-20 15:09:23"}
{"level":"info","message":{"ip":"::1","method":"OPTIONS","url":"/api/v1/profile/me"},"service":"purely-ceylon-backend-ecosystem","timestamp":"2026-07-20 15:09:25"}
{"level":"info","message":{"ip":"::1","method":"OPTIONS","url":"/api/v1/cart"},"service":"purely-ceylon-backend-ecosystem","timestamp":"2026-07-20 15:09:25"}
{"level":"info","message":{"ip":"::1","method":"OPTIONS","url":"/api/v1/wishlist"},"service":"purely-ceylon-backend-ecosystem","timestamp":"2026-07-20 15:09:25"}
{"level":"info","message":{"ip":"::1","method":"OPTIONS","url":"/api/v1/orders/admin/dashboard"},"service":"purely-ceylon-backend-ecosystem","timestamp":"2026-07-20 15:09:25"}
{"level":"info","message":{"ip":"::1","method":"OPTIONS","url":"/api/v1/orders/admin/dashboard"},"service":"purely-ceylon-backend-ecosystem","timestamp":"2026-07-20 15:09:25"}
{"level":"info","message":{"ip":"::1","method":"GET","url":"/api/v1/profile/me"},"service":"purely-ceylon-backend-ecosystem","timestamp":"2026-07-20 15:09:25"}
{"level":"info","message":{"ip":"::1","method":"GET","url":"/api/v1/cart"},"service":"purely-ceylon-backend-ecosystem","timestamp":"2026-07-20 15:09:25"}
{"level":"info","message":{"ip":"::1","method":"GET","url":"/api/v1/wishlist"},"service":"purely-ceylon-backend-ecosystem","timestamp":"2026-07-20 15:09:25"}
{"level":"info","message":{"ip":"::1","method":"GET","url":"/api/v1/orders/admin/dashboard"},"service":"purely-ceylon-backend-ecosystem","timestamp":"2026-07-20 15:09:25"}
{"level":"info","message":{"ip":"::1","method":"GET","url":"/api/v1/orders/admin/dashboard"},"service":"purely-ceylon-backend-ecosystem","timestamp":"2026-07-20 15:09:26"}
{"level":"info","message":{"ip":"::1","method":"OPTIONS","url":"/api/v1/admin/monthly-sales"},"service":"purely-ceylon-backend-ecosystem","timestamp":"2026-07-20 15:09:26"}
{"level":"info","message":{"ip":"::1","method":"OPTIONS","url":"/api/v1/admin/top-products"},"service":"purely-ceylon-backend-ecosystem","timestamp":"2026-07-20 15:09:26"}
{"level":"info","message":{"ip":"::1","method":"GET","url":"/api/v1/admin/top-products"},"service":"purely-ceylon-backend-ecosystem","timestamp":"2026-07-20 15:09:26"}
{"level":"info","message":{"ip":"::1","method":"GET","url":"/api/v1/admin/monthly-sales"},"service":"purely-ceylon-backend-ecosystem","timestamp":"2026-07-20 15:09:26"}
{"level":"info","message":{"ip":"::1","method":"GET","url":"/api/v1/admin/top-products"},"service":"purely-ceylon-backend-ecosystem","timestamp":"2026-07-20 15:09:27"}
{"level":"info","message":{"ip":"::1","method":"GET","url":"/api/v1/admin/monthly-sales"},"service":"purely-ceylon-backend-ecosystem","timestamp":"2026-07-20 15:09:27"}
{"level":"info","message":{"ip":"::1","method":"GET","url":"/api/v1/admin/top-analytics"},"service":"purely-ceylon-backend-ecosystem","timestamp":"2026-07-20 15:09:27"}
{"level":"info","message":{"ip":"::1","method":"GET","url":"/api/v1/admin/top-analytics"},"service":"purely-ceylon-backend-ecosystem","timestamp":"2026-07-20 15:09:27"}
{"level":"info","message":{"ip":"::1","method":"OPTIONS","url":"/api/v1/products?page=1&limit=10"},"service":"purely-ceylon-backend-ecosystem","timestamp":"2026-07-20 15:09:28"}
{"level":"info","message":{"ip":"::1","method":"OPTIONS","url":"/api/v1/categories"},"service":"purely-ceylon-backend-ecosystem","timestamp":"2026-07-20 15:09:28"}
{"level":"info","message":{"ip":"::1","method":"OPTIONS","url":"/api/v1/products?page=1&limit=10"},"service":"purely-ceylon-backend-ecosystem","timestamp":"2026-07-20 15:09:28"}
{"level":"info","message":{"ip":"::1","method":"OPTIONS","url":"/api/v1/categories"},"service":"purely-ceylon-backend-ecosystem","timestamp":"2026-07-20 15:09:28"}
{"level":"info","message":{"ip":"::1","method":"GET","url":"/api/v1/products?page=1&limit=10"},"service":"purely-ceylon-backend-ecosystem","timestamp":"2026-07-20 15:09:28"}
{"level":"info","message":{"ip":"::1","method":"GET","url":"/api/v1/categories"},"service":"purely-ceylon-backend-ecosystem","timestamp":"2026-07-20 15:09:28"}
{"level":"info","message":{"ip":"::1","method":"GET","url":"/api/v1/categories"},"service":"purely-ceylon-backend-ecosystem","timestamp":"2026-07-20 15:09:29"}
{"level":"info","message":{"ip":"::1","method":"GET","url":"/api/v1/products?page=1&limit=10"},"service":"purely-ceylon-backend-ecosystem","timestamp":"2026-07-20 15:09:29"}
{"level":"info","message":"📧 Processing Email Queue","service":"purely-ceylon-backend-ecosystem","timestamp":"2026-07-20 15:10:00"}
{"level":"info","message":{"ip":"::1","method":"OPTIONS","url":"/api/v1/products?page=1&limit=10&status=PUBLISHED"},"service":"purely-ceylon-backend-ecosystem","timestamp":"2026-07-20 15:11:29"}
{"level":"info","message":{"ip":"::1","method":"GET","url":"/api/v1/products?page=1&limit=10&status=PUBLISHED"},"service":"purely-ceylon-backend-ecosystem","timestamp":"2026-07-20 15:11:29"}
{"level":"info","message":{"ip":"::1","method":"OPTIONS","url":"/api/v1/products?page=1&limit=10&status=DRAFT"},"service":"purely-ceylon-backend-ecosystem","timestamp":"2026-07-20 15:11:31"}
{"level":"info","message":{"ip":"::1","method":"GET","url":"/api/v1/products?page=1&limit=10&status=DRAFT"},"service":"purely-ceylon-backend-ecosystem","timestamp":"2026-07-20 15:11:31"}
{"level":"info","message":{"ip":"::1","method":"OPTIONS","url":"/api/v1/products?page=1&limit=10"},"service":"purely-ceylon-backend-ecosystem","timestamp":"2026-07-20 15:11:32"}
{"level":"info","message":{"ip":"::1","method":"GET","url":"/api/v1/products?page=1&limit=10"},"service":"purely-ceylon-backend-ecosystem","timestamp":"2026-07-20 15:11:32"}
{"level":"info","message":{"ip":"::1","method":"GET","url":"/api/v1/products?page=1&limit=10&status=PUBLISHED"},"service":"purely-ceylon-backend-ecosystem","timestamp":"2026-07-20 15:11:33"}
{"level":"info","message":{"ip":"::1","method":"GET","url":"/api/v1/products?page=1&limit=10"},"service":"purely-ceylon-backend-ecosystem","timestamp":"2026-07-20 15:11:34"}
{"level":"info","message":"📧 Processing Email Queue","service":"purely-ceylon-backend-ecosystem","timestamp":"2026-07-20 15:15:00"}
{"level":"info","message":{"ip":"::1","method":"OPTIONS","url":"/api/v1/products/search?categoryId=6f7218c2-b7a7-4b06-9cc4-67d355858540"},"service":"purely-ceylon-backend-ecosystem","timestamp":"2026-07-20 15:15:56"}
{"level":"info","message":{"ip":"::1","method":"GET","url":"/api/v1/products/search?categoryId=6f7218c2-b7a7-4b06-9cc4-67d355858540"},"service":"purely-ceylon-backend-ecosystem","timestamp":"2026-07-20 15:15:56"}
{"level":"info","message":{"ip":"::1","method":"OPTIONS","url":"/api/v1/products?page=1&limit=10"},"service":"purely-ceylon-backend-ecosystem","timestamp":"2026-07-20 15:15:57"}
{"level":"info","message":{"ip":"::1","method":"GET","url":"/api/v1/products?page=1&limit=10"},"service":"purely-ceylon-backend-ecosystem","timestamp":"2026-07-20 15:15:57"}
{"level":"info","message":"✅ Email credentials loaded successfully.","service":"purely-ceylon-backend-ecosystem","timestamp":"2026-07-20 15:20:14"}
{"level":"info","message":"🚀 Server running on port 5000","service":"purely-ceylon-backend-ecosystem","timestamp":"2026-07-20 15:20:14"}
{"level":"info","message":"✅ All Background Jobs Started Successfully","service":"purely-ceylon-backend-ecosystem","timestamp":"2026-07-20 15:20:14"}
{"level":"info","message":"⚙️ Background Jobs Started","service":"purely-ceylon-backend-ecosystem","timestamp":"2026-07-20 15:20:15"}
{"level":"info","message":"✅ Email credentials loaded successfully.","service":"purely-ceylon-backend-ecosystem","timestamp":"2026-07-20 15:20:49"}
{"level":"info","message":"🚀 Server running on port 5000","service":"purely-ceylon-backend-ecosystem","timestamp":"2026-07-20 15:20:49"}
{"level":"info","message":"✅ All Background Jobs Started Successfully","service":"purely-ceylon-backend-ecosystem","timestamp":"2026-07-20 15:20:49"}
{"level":"info","message":"⚙️ Background Jobs Started","service":"purely-ceylon-backend-ecosystem","timestamp":"2026-07-20 15:20:49"}
{"level":"info","message":"✅ Email credentials loaded successfully.","service":"purely-ceylon-backend-ecosystem","timestamp":"2026-07-20 15:24:13"}
{"level":"info","message":"🚀 Server running on port 5000","service":"purely-ceylon-backend-ecosystem","timestamp":"2026-07-20 15:24:13"}
{"level":"info","message":"✅ All Background Jobs Started Successfully","service":"purely-ceylon-backend-ecosystem","timestamp":"2026-07-20 15:24:13"}
{"level":"info","message":"⚙️ Background Jobs Started","service":"purely-ceylon-backend-ecosystem","timestamp":"2026-07-20 15:24:13"}
{"level":"info","message":"✅ Email credentials loaded successfully.","service":"purely-ceylon-backend-ecosystem","timestamp":"2026-07-20 15:25:18"}
{"level":"info","message":"🚀 Server running on port 5000","service":"purely-ceylon-backend-ecosystem","timestamp":"2026-07-20 15:25:19"}
{"level":"info","message":"✅ All Background Jobs Started Successfully","service":"purely-ceylon-backend-ecosystem","timestamp":"2026-07-20 15:25:19"}
{"level":"info","message":"⚙️ Background Jobs Started","service":"purely-ceylon-backend-ecosystem","timestamp":"2026-07-20 15:25:19"}
{"level":"info","message":{"ip":"::1","method":"OPTIONS","url":"/api/v1/categories"},"service":"purely-ceylon-backend-ecosystem","timestamp":"2026-07-20 15:29:37"}
{"level":"info","message":{"ip":"::1","method":"OPTIONS","url":"/api/v1/products?page=1&limit=10"},"service":"purely-ceylon-backend-ecosystem","timestamp":"2026-07-20 15:29:37"}
{"level":"info","message":{"ip":"::1","method":"GET","url":"/api/v1/categories"},"service":"purely-ceylon-backend-ecosystem","timestamp":"2026-07-20 15:29:37"}
{"level":"info","message":{"ip":"::1","method":"GET","url":"/api/v1/products?page=1&limit=10"},"service":"purely-ceylon-backend-ecosystem","timestamp":"2026-07-20 15:29:37"}
{"level":"info","message":{"ip":"::1","method":"OPTIONS","url":"/api/v1/address"},"service":"purely-ceylon-backend-ecosystem","timestamp":"2026-07-20 15:29:55"}
{"level":"info","message":{"ip":"::1","method":"OPTIONS","url":"/api/v1/cart"},"service":"purely-ceylon-backend-ecosystem","timestamp":"2026-07-20 15:29:56"}
{"level":"info","message":{"ip":"::1","method":"OPTIONS","url":"/api/v1/wishlist"},"service":"purely-ceylon-backend-ecosystem","timestamp":"2026-07-20 15:29:56"}
{"level":"info","message":{"ip":"::1","method":"OPTIONS","url":"/api/v1/address"},"service":"purely-ceylon-backend-ecosystem","timestamp":"2026-07-20 15:29:56"}
{"level":"info","message":{"ip":"::1","method":"OPTIONS","url":"/api/v1/wishlist"},"service":"purely-ceylon-backend-ecosystem","timestamp":"2026-07-20 15:29:56"}
{"level":"info","message":{"ip":"::1","method":"OPTIONS","url":"/api/v1/cart"},"service":"purely-ceylon-backend-ecosystem","timestamp":"2026-07-20 15:29:56"}
{"level":"info","message":{"ip":"::1","method":"OPTIONS","url":"/api/v1/products?page=1&limit=10"},"service":"purely-ceylon-backend-ecosystem","timestamp":"2026-07-20 15:29:56"}
{"level":"info","message":{"ip":"::1","method":"OPTIONS","url":"/api/v1/categories"},"service":"purely-ceylon-backend-ecosystem","timestamp":"2026-07-20 15:29:56"}
{"level":"info","message":{"ip":"::1","method":"OPTIONS","url":"/api/v1/products?page=1&limit=10"},"service":"purely-ceylon-backend-ecosystem","timestamp":"2026-07-20 15:29:56"}
{"level":"info","message":{"ip":"::1","method":"OPTIONS","url":"/api/v1/categories"},"service":"purely-ceylon-backend-ecosystem","timestamp":"2026-07-20 15:29:56"}
{"level":"info","message":{"ip":"::1","method":"GET","url":"/api/v1/address"},"service":"purely-ceylon-backend-ecosystem","timestamp":"2026-07-20 15:29:56"}
{"level":"info","message":{"ip":"::1","method":"GET","url":"/api/v1/cart"},"service":"purely-ceylon-backend-ecosystem","timestamp":"2026-07-20 15:29:56"}
{"level":"info","message":{"ip":"::1","method":"GET","url":"/api/v1/wishlist"},"service":"purely-ceylon-backend-ecosystem","timestamp":"2026-07-20 15:29:57"}
{"level":"info","message":{"ip":"::1","method":"GET","url":"/api/v1/products?page=1&limit=10"},"service":"purely-ceylon-backend-ecosystem","timestamp":"2026-07-20 15:29:57"}
{"level":"info","message":{"ip":"::1","method":"GET","url":"/api/v1/categories"},"service":"purely-ceylon-backend-ecosystem","timestamp":"2026-07-20 15:29:57"}
{"level":"info","message":{"ip":"::1","method":"OPTIONS","url":"/api/v1/profile/me"},"service":"purely-ceylon-backend-ecosystem","timestamp":"2026-07-20 15:29:57"}
{"level":"info","message":{"ip":"::1","method":"OPTIONS","url":"/api/v1/profile/me"},"service":"purely-ceylon-backend-ecosystem","timestamp":"2026-07-20 15:29:57"}
{"level":"info","message":{"ip":"::1","method":"GET","url":"/api/v1/profile/me"},"service":"purely-ceylon-backend-ecosystem","timestamp":"2026-07-20 15:29:57"}
{"level":"info","message":{"ip":"::1","method":"GET","url":"/api/v1/categories"},"service":"purely-ceylon-backend-ecosystem","timestamp":"2026-07-20 15:29:58"}
{"level":"info","message":{"ip":"::1","method":"GET","url":"/api/v1/address"},"service":"purely-ceylon-backend-ecosystem","timestamp":"2026-07-20 15:29:58"}
{"level":"info","message":{"ip":"::1","method":"GET","url":"/api/v1/cart"},"service":"purely-ceylon-backend-ecosystem","timestamp":"2026-07-20 15:29:58"}
{"level":"info","message":{"ip":"::1","method":"GET","url":"/api/v1/products?page=1&limit=10"},"service":"purely-ceylon-backend-ecosystem","timestamp":"2026-07-20 15:29:58"}
{"level":"info","message":{"ip":"::1","method":"GET","url":"/api/v1/wishlist"},"service":"purely-ceylon-backend-ecosystem","timestamp":"2026-07-20 15:29:58"}
{"level":"info","message":{"ip":"::1","method":"GET","url":"/api/v1/cart"},"service":"purely-ceylon-backend-ecosystem","timestamp":"2026-07-20 15:29:58"}
{"level":"info","message":{"ip":"::1","method":"GET","url":"/api/v1/profile/me"},"service":"purely-ceylon-backend-ecosystem","timestamp":"2026-07-20 15:29:59"}
{"level":"info","message":{"ip":"::1","method":"GET","url":"/api/v1/wishlist"},"service":"purely-ceylon-backend-ecosystem","timestamp":"2026-07-20 15:29:59"}
{"level":"info","message":{"ip":"::1","method":"GET","url":"/api/v1/cart"},"service":"purely-ceylon-backend-ecosystem","timestamp":"2026-07-20 15:29:59"}
{"level":"info","message":{"ip":"::1","method":"GET","url":"/api/v1/wishlist"},"service":"purely-ceylon-backend-ecosystem","timestamp":"2026-07-20 15:29:59"}
{"level":"info","message":"📧 Processing Email Queue","service":"purely-ceylon-backend-ecosystem","timestamp":"2026-07-20 15:30:00"}
{"level":"info","message":{"ip":"::1","method":"OPTIONS","url":"/api/v1/auth/login"},"service":"purely-ceylon-backend-ecosystem","timestamp":"2026-07-20 15:30:07"}
{"level":"info","message":{"ip":"::1","method":"POST","url":"/api/v1/auth/login"},"service":"purely-ceylon-backend-ecosystem","timestamp":"2026-07-20 15:30:07"}
{"level":"info","message":{"email":"musabhafiz995@gmail.com","event":"LOGIN_SUCCESS"},"service":"purely-ceylon-backend-ecosystem","timestamp":"2026-07-20 15:30:07"}
{"level":"info","message":{"ip":"::1","method":"OPTIONS","url":"/api/v1/profile/me"},"service":"purely-ceylon-backend-ecosystem","timestamp":"2026-07-20 15:30:09"}
{"level":"info","message":{"ip":"::1","method":"OPTIONS","url":"/api/v1/cart"},"service":"purely-ceylon-backend-ecosystem","timestamp":"2026-07-20 15:30:09"}
{"level":"info","message":{"ip":"::1","method":"OPTIONS","url":"/api/v1/wishlist"},"service":"purely-ceylon-backend-ecosystem","timestamp":"2026-07-20 15:30:09"}
{"level":"info","message":{"ip":"::1","method":"OPTIONS","url":"/api/v1/orders/admin/dashboard"},"service":"purely-ceylon-backend-ecosystem","timestamp":"2026-07-20 15:30:09"}
{"level":"info","message":{"ip":"::1","method":"OPTIONS","url":"/api/v1/orders/admin/dashboard"},"service":"purely-ceylon-backend-ecosystem","timestamp":"2026-07-20 15:30:09"}
{"level":"info","message":{"ip":"::1","method":"GET","url":"/api/v1/profile/me"},"service":"purely-ceylon-backend-ecosystem","timestamp":"2026-07-20 15:30:09"}
{"level":"info","message":{"ip":"::1","method":"GET","url":"/api/v1/cart"},"service":"purely-ceylon-backend-ecosystem","timestamp":"2026-07-20 15:30:09"}
{"level":"info","message":{"ip":"::1","method":"GET","url":"/api/v1/wishlist"},"service":"purely-ceylon-backend-ecosystem","timestamp":"2026-07-20 15:30:09"}
{"level":"info","message":{"ip":"::1","method":"GET","url":"/api/v1/orders/admin/dashboard"},"service":"purely-ceylon-backend-ecosystem","timestamp":"2026-07-20 15:30:09"}
{"level":"info","message":{"ip":"::1","method":"GET","url":"/api/v1/orders/admin/dashboard"},"service":"purely-ceylon-backend-ecosystem","timestamp":"2026-07-20 15:30:09"}
{"level":"info","message":{"ip":"::1","method":"OPTIONS","url":"/api/v1/admin/monthly-sales"},"service":"purely-ceylon-backend-ecosystem","timestamp":"2026-07-20 15:30:09"}
{"level":"info","message":{"ip":"::1","method":"OPTIONS","url":"/api/v1/admin/top-products"},"service":"purely-ceylon-backend-ecosystem","timestamp":"2026-07-20 15:30:09"}
{"level":"info","message":{"ip":"::1","method":"GET","url":"/api/v1/admin/monthly-sales"},"service":"purely-ceylon-backend-ecosystem","timestamp":"2026-07-20 15:30:09"}
{"level":"info","message":{"ip":"::1","method":"GET","url":"/api/v1/admin/top-products"},"service":"purely-ceylon-backend-ecosystem","timestamp":"2026-07-20 15:30:09"}
{"level":"info","message":{"ip":"::1","method":"GET","url":"/api/v1/admin/monthly-sales"},"service":"purely-ceylon-backend-ecosystem","timestamp":"2026-07-20 15:30:10"}
{"level":"info","message":{"ip":"::1","method":"GET","url":"/api/v1/admin/top-products"},"service":"purely-ceylon-backend-ecosystem","timestamp":"2026-07-20 15:30:10"}
{"level":"info","message":{"ip":"::1","method":"GET","url":"/api/v1/admin/top-analytics"},"service":"purely-ceylon-backend-ecosystem","timestamp":"2026-07-20 15:30:10"}
{"level":"info","message":{"ip":"::1","method":"GET","url":"/api/v1/admin/top-analytics"},"service":"purely-ceylon-backend-ecosystem","timestamp":"2026-07-20 15:30:10"}
{"level":"info","message":{"ip":"::1","method":"OPTIONS","url":"/api/v1/products?page=1&limit=10"},"service":"purely-ceylon-backend-ecosystem","timestamp":"2026-07-20 15:30:11"}
{"level":"info","message":{"ip":"::1","method":"OPTIONS","url":"/api/v1/categories"},"service":"purely-ceylon-backend-ecosystem","timestamp":"2026-07-20 15:30:11"}
{"level":"info","message":{"ip":"::1","method":"OPTIONS","url":"/api/v1/products?page=1&limit=10"},"service":"purely-ceylon-backend-ecosystem","timestamp":"2026-07-20 15:30:11"}
{"level":"info","message":{"ip":"::1","method":"OPTIONS","url":"/api/v1/categories"},"service":"purely-ceylon-backend-ecosystem","timestamp":"2026-07-20 15:30:11"}
{"level":"info","message":{"ip":"::1","method":"GET","url":"/api/v1/products?page=1&limit=10"},"service":"purely-ceylon-backend-ecosystem","timestamp":"2026-07-20 15:30:11"}
{"level":"info","message":{"ip":"::1","method":"GET","url":"/api/v1/categories"},"service":"purely-ceylon-backend-ecosystem","timestamp":"2026-07-20 15:30:11"}
{"level":"info","message":{"ip":"::1","method":"GET","url":"/api/v1/categories"},"service":"purely-ceylon-backend-ecosystem","timestamp":"2026-07-20 15:30:11"}
{"level":"info","message":{"ip":"::1","method":"GET","url":"/api/v1/products?page=1&limit=10"},"service":"purely-ceylon-backend-ecosystem","timestamp":"2026-07-20 15:30:11"}
{"level":"info","message":"📧 Processing Email Queue","service":"purely-ceylon-backend-ecosystem","timestamp":"2026-07-20 15:35:00"}
{"level":"info","message":{"ip":"::1","method":"OPTIONS","url":"/api/v1/products/bulk-status"},"service":"purely-ceylon-backend-ecosystem","timestamp":"2026-07-20 15:35:05"}
{"level":"info","message":{"ip":"::1","method":"PUT","url":"/api/v1/products/bulk-status"},"service":"purely-ceylon-backend-ecosystem","timestamp":"2026-07-20 15:35:05"}
{"level":"info","message":{"ip":"::1","method":"OPTIONS","url":"/api/v1/products?page=1&limit=10"},"service":"purely-ceylon-backend-ecosystem","timestamp":"2026-07-20 15:35:05"}
{"level":"info","message":{"ip":"::1","method":"GET","url":"/api/v1/products?page=1&limit=10"},"service":"purely-ceylon-backend-ecosystem","timestamp":"2026-07-20 15:35:06"}
{"level":"info","message":{"ip":"::1","method":"PUT","url":"/api/v1/products/bulk-status"},"service":"purely-ceylon-backend-ecosystem","timestamp":"2026-07-20 15:35:09"}
{"level":"info","message":{"ip":"::1","method":"GET","url":"/api/v1/products?page=1&limit=10"},"service":"purely-ceylon-backend-ecosystem","timestamp":"2026-07-20 15:35:09"}
{"level":"info","message":{"ip":"::1","method":"OPTIONS","url":"/api/v1/product-images/1d8fe0f2-7188-4c7c-848b-f0d8ed8d451d"},"service":"purely-ceylon-backend-ecosystem","timestamp":"2026-07-20 15:35:32"}
{"level":"info","message":{"ip":"::1","method":"OPTIONS","url":"/api/v1/product-images/1d8fe0f2-7188-4c7c-848b-f0d8ed8d451d"},"service":"purely-ceylon-backend-ecosystem","timestamp":"2026-07-20 15:35:32"}
{"level":"info","message":{"ip":"::1","method":"GET","url":"/api/v1/product-images/1d8fe0f2-7188-4c7c-848b-f0d8ed8d451d"},"service":"purely-ceylon-backend-ecosystem","timestamp":"2026-07-20 15:35:32"}
{"level":"info","message":{"ip":"::1","method":"GET","url":"/api/v1/product-images/1d8fe0f2-7188-4c7c-848b-f0d8ed8d451d"},"service":"purely-ceylon-backend-ecosystem","timestamp":"2026-07-20 15:35:32"}
{"level":"info","message":{"ip":"::1","method":"OPTIONS","url":"/api/v1/categories"},"service":"purely-ceylon-backend-ecosystem","timestamp":"2026-07-20 15:35:42"}
{"level":"info","message":{"ip":"::1","method":"OPTIONS","url":"/api/v1/products?page=1&limit=10"},"service":"purely-ceylon-backend-ecosystem","timestamp":"2026-07-20 15:35:42"}
{"level":"info","message":{"ip":"::1","method":"OPTIONS","url":"/api/v1/categories"},"service":"purely-ceylon-backend-ecosystem","timestamp":"2026-07-20 15:35:42"}
{"level":"info","message":{"ip":"::1","method":"OPTIONS","url":"/api/v1/products?page=1&limit=10"},"service":"purely-ceylon-backend-ecosystem","timestamp":"2026-07-20 15:35:42"}
{"level":"info","message":{"ip":"::1","method":"GET","url":"/api/v1/categories"},"service":"purely-ceylon-backend-ecosystem","timestamp":"2026-07-20 15:35:42"}
{"level":"info","message":{"ip":"::1","method":"GET","url":"/api/v1/products?page=1&limit=10"},"service":"purely-ceylon-backend-ecosystem","timestamp":"2026-07-20 15:35:42"}
{"level":"info","message":{"ip":"::1","method":"GET","url":"/api/v1/products?page=1&limit=10"},"service":"purely-ceylon-backend-ecosystem","timestamp":"2026-07-20 15:35:42"}
{"level":"info","message":{"ip":"::1","method":"GET","url":"/api/v1/categories"},"service":"purely-ceylon-backend-ecosystem","timestamp":"2026-07-20 15:35:43"}
{"level":"info","message":"📧 Processing Email Queue","service":"purely-ceylon-backend-ecosystem","timestamp":"2026-07-20 15:40:00"}
{"level":"info","message":"✅ Email credentials loaded successfully.","service":"purely-ceylon-backend-ecosystem","timestamp":"2026-07-20 15:41:04"}
{"level":"info","message":"🚀 Server running on port 5000","service":"purely-ceylon-backend-ecosystem","timestamp":"2026-07-20 15:41:04"}
{"level":"info","message":"✅ All Background Jobs Started Successfully","service":"purely-ceylon-backend-ecosystem","timestamp":"2026-07-20 15:41:04"}
{"level":"info","message":"⚙️ Background Jobs Started","service":"purely-ceylon-backend-ecosystem","timestamp":"2026-07-20 15:41:04"}
{"level":"info","message":"✅ Email credentials loaded successfully.","service":"purely-ceylon-backend-ecosystem","timestamp":"2026-07-20 15:41:54"}
{"level":"info","message":"🚀 Server running on port 5000","service":"purely-ceylon-backend-ecosystem","timestamp":"2026-07-20 15:41:56"}
{"level":"info","message":"✅ All Background Jobs Started Successfully","service":"purely-ceylon-backend-ecosystem","timestamp":"2026-07-20 15:41:56"}
{"level":"info","message":"⚙️ Background Jobs Started","service":"purely-ceylon-backend-ecosystem","timestamp":"2026-07-20 15:41:56"}
{"level":"info","message":"📧 Processing Email Queue","service":"purely-ceylon-backend-ecosystem","timestamp":"2026-07-20 15:45:00"}
{"level":"info","message":"📧 Processing Email Queue","service":"purely-ceylon-backend-ecosystem","timestamp":"2026-07-20 15:50:00"}
{"level":"info","message":{"ip":"::1","method":"OPTIONS","url":"/api/v1/profile/me"},"service":"purely-ceylon-backend-ecosystem","timestamp":"2026-07-20 15:53:29"}
{"level":"info","message":{"ip":"::1","method":"OPTIONS","url":"/api/v1/wishlist"},"service":"purely-ceylon-backend-ecosystem","timestamp":"2026-07-20 15:53:30"}
{"level":"info","message":{"ip":"::1","method":"OPTIONS","url":"/api/v1/profile/me"},"service":"purely-ceylon-backend-ecosystem","timestamp":"2026-07-20 15:53:30"}
{"level":"info","message":{"ip":"::1","method":"OPTIONS","url":"/api/v1/cart"},"service":"purely-ceylon-backend-ecosystem","timestamp":"2026-07-20 15:53:30"}
{"level":"info","message":{"ip":"::1","method":"OPTIONS","url":"/api/v1/cart"},"service":"purely-ceylon-backend-ecosystem","timestamp":"2026-07-20 15:53:30"}
{"level":"info","message":{"ip":"::1","method":"OPTIONS","url":"/api/v1/wishlist"},"service":"purely-ceylon-backend-ecosystem","timestamp":"2026-07-20 15:53:30"}
{"level":"info","message":{"ip":"::1","method":"OPTIONS","url":"/api/v1/products/1d8fe0f2-7188-4c7c-848b-f0d8ed8d451d"},"service":"purely-ceylon-backend-ecosystem","timestamp":"2026-07-20 15:53:30"}
{"level":"info","message":{"ip":"::1","method":"OPTIONS","url":"/api/v1/cart"},"service":"purely-ceylon-backend-ecosystem","timestamp":"2026-07-20 15:53:30"}
{"level":"info","message":{"ip":"::1","method":"OPTIONS","url":"/api/v1/wishlist"},"service":"purely-ceylon-backend-ecosystem","timestamp":"2026-07-20 15:53:30"}
{"level":"info","message":{"ip":"::1","method":"OPTIONS","url":"/api/v1/products/1d8fe0f2-7188-4c7c-848b-f0d8ed8d451d"},"service":"purely-ceylon-backend-ecosystem","timestamp":"2026-07-20 15:53:30"}
{"level":"info","message":{"ip":"::1","method":"OPTIONS","url":"/api/v1/address"},"service":"purely-ceylon-backend-ecosystem","timestamp":"2026-07-20 15:53:30"}
{"level":"info","message":{"ip":"::1","method":"GET","url":"/api/v1/wishlist"},"service":"purely-ceylon-backend-ecosystem","timestamp":"2026-07-20 15:53:30"}
{"level":"info","message":{"ip":"::1","method":"OPTIONS","url":"/api/v1/address"},"service":"purely-ceylon-backend-ecosystem","timestamp":"2026-07-20 15:53:30"}
{"level":"info","message":{"ip":"::1","method":"GET","url":"/api/v1/cart"},"service":"purely-ceylon-backend-ecosystem","timestamp":"2026-07-20 15:53:30"}
{"level":"info","message":{"ip":"::1","method":"GET","url":"/api/v1/profile/me"},"service":"purely-ceylon-backend-ecosystem","timestamp":"2026-07-20 15:53:30"}
{"level":"info","message":{"ip":"::1","method":"OPTIONS","url":"/api/v1/wishlist"},"service":"purely-ceylon-backend-ecosystem","timestamp":"2026-07-20 15:53:30"}
{"level":"info","message":{"ip":"::1","method":"OPTIONS","url":"/api/v1/cart"},"service":"purely-ceylon-backend-ecosystem","timestamp":"2026-07-20 15:53:30"}
{"level":"info","message":{"ip":"::1","method":"GET","url":"/api/v1/products/1d8fe0f2-7188-4c7c-848b-f0d8ed8d451d"},"service":"purely-ceylon-backend-ecosystem","timestamp":"2026-07-20 15:53:30"}
{"level":"info","message":{"ip":"::1","method":"GET","url":"/api/v1/address"},"service":"purely-ceylon-backend-ecosystem","timestamp":"2026-07-20 15:53:30"}
{"level":"info","message":{"ip":"::1","method":"GET","url":"/api/v1/wishlist"},"service":"purely-ceylon-backend-ecosystem","timestamp":"2026-07-20 15:53:30"}
{"level":"info","message":{"ip":"::1","method":"GET","url":"/api/v1/cart"},"service":"purely-ceylon-backend-ecosystem","timestamp":"2026-07-20 15:53:31"}
{"level":"info","message":{"ip":"::1","method":"GET","url":"/api/v1/profile/me"},"service":"purely-ceylon-backend-ecosystem","timestamp":"2026-07-20 15:53:31"}
{"level":"info","message":{"ip":"::1","method":"GET","url":"/api/v1/wishlist"},"service":"purely-ceylon-backend-ecosystem","timestamp":"2026-07-20 15:53:31"}
{"level":"info","message":{"ip":"::1","method":"GET","url":"/api/v1/cart"},"service":"purely-ceylon-backend-ecosystem","timestamp":"2026-07-20 15:53:31"}
{"level":"info","message":{"ip":"::1","method":"GET","url":"/api/v1/address"},"service":"purely-ceylon-backend-ecosystem","timestamp":"2026-07-20 15:53:31"}
{"level":"info","message":{"ip":"::1","method":"GET","url":"/api/v1/wishlist"},"service":"purely-ceylon-backend-ecosystem","timestamp":"2026-07-20 15:53:31"}
{"level":"info","message":{"ip":"::1","method":"OPTIONS","url":"/api/v1/reviews/1d8fe0f2-7188-4c7c-848b-f0d8ed8d451d"},"service":"purely-ceylon-backend-ecosystem","timestamp":"2026-07-20 15:53:31"}
{"level":"info","message":{"ip":"::1","method":"GET","url":"/api/v1/cart"},"service":"purely-ceylon-backend-ecosystem","timestamp":"2026-07-20 15:53:31"}
{"level":"info","message":{"ip":"::1","method":"GET","url":"/api/v1/products/1d8fe0f2-7188-4c7c-848b-f0d8ed8d451d"},"service":"purely-ceylon-backend-ecosystem","timestamp":"2026-07-20 15:53:31"}
{"level":"info","message":{"ip":"::1","method":"GET","url":"/api/v1/reviews/1d8fe0f2-7188-4c7c-848b-f0d8ed8d451d"},"service":"purely-ceylon-backend-ecosystem","timestamp":"2026-07-20 15:53:32"}
{"level":"info","message":{"ip":"::1","method":"GET","url":"/api/v1/reviews/1d8fe0f2-7188-4c7c-848b-f0d8ed8d451d"},"service":"purely-ceylon-backend-ecosystem","timestamp":"2026-07-20 15:53:32"}
{"level":"info","message":{"ip":"::1","method":"OPTIONS","url":"/api/v1/questions/1d8fe0f2-7188-4c7c-848b-f0d8ed8d451d"},"service":"purely-ceylon-backend-ecosystem","timestamp":"2026-07-20 15:53:32"}
{"level":"info","message":{"ip":"::1","method":"GET","url":"/api/v1/questions/1d8fe0f2-7188-4c7c-848b-f0d8ed8d451d"},"service":"purely-ceylon-backend-ecosystem","timestamp":"2026-07-20 15:53:32"}
{"level":"info","message":{"ip":"::1","method":"GET","url":"/api/v1/questions/1d8fe0f2-7188-4c7c-848b-f0d8ed8d451d"},"service":"purely-ceylon-backend-ecosystem","timestamp":"2026-07-20 15:53:32"}
{"level":"info","message":{"ip":"::1","method":"OPTIONS","url":"/api/v1/categories"},"service":"purely-ceylon-backend-ecosystem","timestamp":"2026-07-20 15:53:35"}
{"level":"info","message":{"ip":"::1","method":"OPTIONS","url":"/api/v1/products?page=1&limit=10"},"service":"purely-ceylon-backend-ecosystem","timestamp":"2026-07-20 15:53:35"}
{"level":"info","message":{"ip":"::1","method":"OPTIONS","url":"/api/v1/categories"},"service":"purely-ceylon-backend-ecosystem","timestamp":"2026-07-20 15:53:35"}
{"level":"info","message":{"ip":"::1","method":"OPTIONS","url":"/api/v1/products?page=1&limit=10"},"service":"purely-ceylon-backend-ecosystem","timestamp":"2026-07-20 15:53:35"}
{"level":"info","message":{"ip":"::1","method":"GET","url":"/api/v1/categories"},"service":"purely-ceylon-backend-ecosystem","timestamp":"2026-07-20 15:53:35"}
{"level":"info","message":{"ip":"::1","method":"GET","url":"/api/v1/products?page=1&limit=10"},"service":"purely-ceylon-backend-ecosystem","timestamp":"2026-07-20 15:53:35"}
{"level":"info","message":{"ip":"::1","method":"GET","url":"/api/v1/products?page=1&limit=10"},"service":"purely-ceylon-backend-ecosystem","timestamp":"2026-07-20 15:53:36"}
{"level":"info","message":{"ip":"::1","method":"GET","url":"/api/v1/categories"},"service":"purely-ceylon-backend-ecosystem","timestamp":"2026-07-20 15:53:36"}
{"level":"info","message":"📧 Processing Email Queue","service":"purely-ceylon-backend-ecosystem","timestamp":"2026-07-20 15:55:00"}
{"level":"info","message":"📧 Processing Email Queue","service":"purely-ceylon-backend-ecosystem","timestamp":"2026-07-20 16:00:00"}
{"level":"info","message":"📄 Checking Expired RFQs","service":"purely-ceylon-backend-ecosystem","timestamp":"2026-07-20 16:00:00"}
{"level":"info","message":"📧 Processing Email Queue","service":"purely-ceylon-backend-ecosystem","timestamp":"2026-07-20 16:05:00"}
{"level":"info","message":"📧 Processing Email Queue","service":"purely-ceylon-backend-ecosystem","timestamp":"2026-07-20 16:10:00"}
{"level":"info","message":"📧 Processing Email Queue","service":"purely-ceylon-backend-ecosystem","timestamp":"2026-07-20 16:15:00"}
